,vID,da,ti,la2,lo2,bfss,wea,vis,sec,nm,la1,lo1,nobs,spec,pods,sight,rdist,ang,bl_leg,datetime,year,month,platform
1,G,20010628,74600,66.774,-21.223,2,7,1,9,0.024,66.774,-21.224,6.2,oo,1,1,2778,320,"FN,03",28/06/2001 07:46,2001,6,d
2,G,20010628,84208,66.823,-20.892,2,7,2,17,0.047,66.823,-20.894,6.2,ba,1,1,20,5,"FN,03",28/06/2001 08:42,2001,6,d
3,G,20010628,91810,66.855,-20.681,1,4,5,19,0.076,66.854,-20.683,6.2,ba,2,1,1481,15,"FN,03",28/06/2001 09:18,2001,6,d
4,G,20010628,93900,66.86,-20.623,1,4,5,69,0.118,66.86,-20.628,6.2,ba,1,1,222,330,"FN,03",28/06/2001 09:39,2001,6,d
5,G,20010628,94150,66.861,-20.612,1,4,5,119,0.189,66.861,-20.62,6.2,mn,1,1,5556,290,"FN,03",28/06/2001 09:41,2001,6,d
6,G,20010628,94650,66.863,-20.591,1,4,5,59,0.118,66.863,-20.596,6.2,mn,1,1,9260,315,"FN,03",28/06/2001 09:46,2001,6,d
7,G,20010628,95920,66.873,-20.516,1,4,5,89,0.22,66.872,-20.525,6.2,ba,1,1,1852,55,"FN,03",28/06/2001 09:59,2001,6,d
8,G,20010628,100710,66.88,-20.468,1,4,5,79,0.198,66.879,-20.476,6.2,ba,1,1,1481,5,"FN,03",28/06/2001 10:07,2001,6,d
9,G,20010628,100720,66.881,-20.467,1,4,5,10,0.064,66.88,-20.468,6.2,ba,1,1,185,7,"FN,03",28/06/2001 10:07,2001,6,d
10,G,20010628,101210,66.885,-20.438,1,4,5,19,0.047,66.885,-20.44,6.2,ba,1,1,555,0,"FN,03",28/06/2001 10:12,2001,6,d
11,G,20010628,101527,66.888,-20.418,1,4,5,96,0.22,66.887,-20.427,6.2,ba,1,1,1852,25,"FN,03",28/06/2001 10:15,2001,6,d
12,G,20010628,103200,66.902,-20.315,1,4,5,9,0.024,66.902,-20.316,6.2,ba,1,1,1296,290,"FN,03",28/06/2001 10:32,2001,6,d
13,G,20010628,104200,66.911,-20.254,1,4,5,9,0.024,66.911,-20.255,6.2,ba,1,1,1296,32,"FN,03",28/06/2001 10:42,2001,6,d
14,G,20010628,110330,66.93,-20.116,1,4,5,99,0.266,66.929,-20.127,6.2,ba,1,1,2352,353,"FN,03",28/06/2001 11:03,2001,6,d
15,G,20010628,113535,66.959,-19.911,1,4,na,104,0.265,66.958,-19.922,6.2,ba,1,1,700,334,"FN,03",28/06/2001 11:35,2001,6,d
16,G,20010628,113600,66.959,-19.908,1,4,na,9,0.023,66.959,-19.909,6.2,ba,2,1,629,328,"FN,03",28/06/2001 11:36,2001,6,d
17,G,20010628,130947,67.042,-19.311,0,4,na,43,0.117,67.042,-19.316,6.2,ba,1,1,888,355,"FN,03",28/06/2001 13:09,2001,6,d
18,G,20010628,134600,67.074,-19.084,0,4,na,9,0.023,67.074,-19.085,6.2,ba,1,1,1481,315,"FN,03",28/06/2001 13:46,2001,6,d
19,G,20010628,151537,67.151,-18.543,0,4,5,106,0.286,67.15,-18.555,6.2,oo,4,1,300,320,"FN,03",28/06/2001 15:15,2001,6,d
20,G,20010628,151743,67.154,-18.534,0,4,5,112,0.243,67.151,-18.541,6.2,oo,11,1,400,342,"FN,03",28/06/2001 15:17,2001,6,d
21,G,20010628,151851,67.156,-18.532,0,4,5,60,0.122,67.154,-18.533,6.2,oo,25,1,400,327,"FN,03",28/06/2001 15:18,2001,6,d
22,G,20010711,71401,65.036,-10.443,5,5,9,22,0.051,65.036,-10.441,6.2,ba,1,1,70,70,"FN,11",11/07/2001 07:14,2001,7,d
23,G,20010711,101202,65.159,-11.481,6,4,9,23,0.05,65.159,-11.479,6.2,mn,1,1,230,7,"FN,11",11/07/2001 10:12,2001,7,d
24,G,20010711,131700,65.332,-12.462,5,4,na,81,0.185,65.331,-12.455,6.2,mn,2,1,1852,35,"FN,11",11/07/2001 13:17,2001,7,d
25,G,20010711,131900,65.334,-12.473,5,4,na,81,0.185,65.333,-12.466,6.2,mn,2,1,3148,55,"FN,11",11/07/2001 13:19,2001,7,d
26,G,20010711,133925,65.345,-12.49,5,4,na,106,0.269,65.348,-12.482,6.2,mn,2,1,1296,115,"FN,11",11/07/2001 13:39,2001,7,d
27,G,20010711,135701,65.367,-12.527,5,4,na,82,0.209,65.368,-12.519,6.2,mn,1,1,926,340,"FN,11",11/07/2001 13:57,2001,7,d
28,G,20010711,135800,65.366,-12.533,5,4,na,21,0.05,65.366,-12.531,6.2,mn,1,1,1852,40,"FN,11",11/07/2001 13:58,2001,7,d
29,G,20010711,135800,65.366,-12.533,5,4,na,0,0,65.366,-12.533,6.2,mn,1,1,4630,340,"FN,11",11/07/2001 13:58,2001,7,d
30,G,20010711,140200,65.361,-12.551,5,4,na,21,0.025,65.361,-12.55,6.2,mn,1,1,1666,27,"FN,11",11/07/2001 14:02,2001,7,d
31,G,20010711,140208,65.361,-12.552,5,4,na,8,0.025,65.361,-12.551,6.2,mn,1,1,185,90,"FN,11",11/07/2001 14:02,2001,7,d
32,G,20010711,140400,65.359,-12.557,5,4,na,21,0.065,65.36,-12.556,6.2,mn,1,1,1852,49,"FN,11",11/07/2001 14:04,2001,7,d
33,G,20010711,140700,65.358,-12.573,5,4,na,60,0.125,65.358,-12.568,6.2,mn,1,1,740,17,"FN,11",11/07/2001 14:07,2001,7,d
34,G,20010711,140900,65.358,-12.586,5,4,na,0,0,65.358,-12.586,6.2,mn,1,1,926,45,"FN,11",11/07/2001 14:09,2001,7,d
35,G,20010711,140900,65.358,-12.586,5,4,na,0,0,65.358,-12.586,6.2,mn,1,1,1111,35,"FN,11",11/07/2001 14:09,2001,7,d
36,G,20010711,141304,65.359,-12.61,5,4,na,85,0.209,65.358,-12.602,6.2,mn,1,1,300,45,"FN,11",11/07/2001 14:13,2001,7,d
37,G,20010711,141432,65.36,-12.618,5,4,na,53,0.139,65.359,-12.613,6.2,mn,1,1,1852,55,"FN,11",11/07/2001 14:14,2001,7,d
38,G,20010711,142153,65.366,-12.659,5,4,na,14,0.025,65.366,-12.658,6.2,mn,1,1,1296,90,"FN,11",11/07/2001 14:21,2001,7,d
39,G,20010711,143321,65.377,-12.72,5,4,na,102,0.233,65.376,-12.711,6.2,mn,2,1,1852,333,"FN,11",11/07/2001 14:33,2001,7,d
40,G,20010711,152803,65.424,-12.986,5,8,0.3,0,0,65.424,-12.986,6.2,mn,1,1,1481,350,"FN,11",11/07/2001 15:28,2001,7,d
41,G,20010711,153807,65.434,-13.041,5,8,0.3,359,0.876,65.428,-13.009,6.2,mn,1,1,2222,334,"FN,11",11/07/2001 15:38,2001,7,d
42,G,20010711,153807,65.434,-13.041,5,8,0.3,0,0,65.434,-13.041,6.2,mn,1,1,926,320,"FN,11",11/07/2001 15:38,2001,7,d
43,G,20010711,175945,65.717,-13.348,4,8,0.5,71,0.13,65.715,-13.346,6.2,mn,1,1,1852,44,"FN,12",11/07/2001 17:59,2001,7,d
44,G,20010711,180917,65.737,-13.368,4,1,9,43,0.078,65.736,-13.366,6.2,mn,1,1,1111,105,"FN,12",11/07/2001 18:09,2001,7,d
45,G,20010711,180917,65.737,-13.368,4,1,9,0,0,65.737,-13.368,6.2,mn,1,1,35,65,"FN,12",11/07/2001 18:09,2001,7,d
46,G,20010711,181234,65.744,-13.375,4,1,9,120,0.259,65.74,-13.371,6.2,ba,1,1,30,340,"FN,12",11/07/2001 18:12,2001,7,d
47,G,20010711,182505,65.77,-13.4,4,1,9,31,0.065,65.769,-13.399,6.2,mn,2,1,5000,37,"FN,12",11/07/2001 18:25,2001,7,d
48,G,20010711,184443,65.812,-13.389,4,1,9,9,0,65.812,-13.389,6.2,mn,1,1,2222,280,"FN,12",11/07/2001 18:44,2001,7,d
49,G,20010711,184518,65.814,-13.388,4,1,9,35,0.122,65.812,-13.389,6.2,mn,1,1,2222,270,"FN,12",11/07/2001 18:45,2001,7,d
50,G,20010711,184648,65.817,-13.387,4,1,9,14,0.025,65.817,-13.388,6.2,mn,1,1,150,20,"FN,12",11/07/2001 18:46,2001,7,d
51,G,20010711,185004,65.822,-13.379,4,1,9,71,0.13,65.82,-13.381,6.2,mn,1,1,300,40,"FN,12",11/07/2001 18:50,2001,7,d
52,G,20010711,185529,65.832,-13.397,4,2,9,55,0.115,65.831,-13.393,6.2,mn,1,1,2222,313,"FN,12",11/07/2001 18:55,2001,7,d
53,G,20010711,185947,65.839,-13.416,4,2,9,73,0.159,65.838,-13.41,6.2,mn,1,1,2037,287,"FN,12",11/07/2001 18:59,2001,7,d
54,G,20010711,190000,65.84,-13.417,4,2,9,13,0.065,65.839,-13.416,6.2,mn,2,1,2778,352,"FN,12",11/07/2001 19:00,2001,7,d
55,G,20010711,190814,65.854,-13.454,4,2,9,14,0.025,65.854,-13.453,6.2,mn,1,1,185,26,"FN,12",11/07/2001 19:08,2001,7,d
56,G,20010711,191003,65.858,-13.462,4,2,9,3,0,65.858,-13.462,6.2,mn,3,1,555,351,"FN,12",11/07/2001 19:10,2001,7,d
57,G,20010711,191421,65.865,-13.482,4,2,9,39,0.095,65.864,-13.479,6.2,ba,1,1,350,5,"FN,12",11/07/2001 19:14,2001,7,d
58,G,20010711,191451,65.866,-13.484,4,2,9,17,0.025,65.866,-13.483,6.2,ba,1,1,200,315,"FN,12",11/07/2001 19:14,2001,7,d
59,G,20010711,191500,65.866,-13.485,4,2,9,9,0.025,65.866,-13.484,6.2,mn,1,1,926,310,"FN,12",11/07/2001 19:15,2001,7,d
60,G,20010711,191600,65.868,-13.49,4,2,9,0,0,65.868,-13.49,6.2,mn,1,1,300,270,"FN,12",11/07/2001 19:16,2001,7,d
61,G,20010711,191600,65.868,-13.49,4,2,9,0,0,65.868,-13.49,6.2,mn,1,1,300,90,"FN,12",11/07/2001 19:16,2001,7,d
62,G,20010711,191800,65.872,-13.497,4,2,9,86,0.205,65.869,-13.493,6.2,mn,1,1,1852,270,"FN,12",11/07/2001 19:18,2001,7,d
63,G,20010711,191800,65.872,-13.497,4,2,9,0,0,65.872,-13.497,6.2,mn,1,1,2778,270,"FN,12",11/07/2001 19:18,2001,7,d
64,G,20010711,192500,65.888,-13.516,4,2,9,26,0.065,65.887,-13.515,6.2,mn,1,1,1296,270,"FN,12",11/07/2001 19:25,2001,7,d
65,G,20010711,192800,65.895,-13.523,4,2,9,56,0.13,65.893,-13.521,6.2,mn,2,1,7408,335,"FN,12",11/07/2001 19:28,2001,7,d
66,G,20010711,193000,65.9,-13.528,4,2,9,86,0.251,65.896,-13.525,6.2,mn,1,1,3704,325,"FN,12",11/07/2001 19:30,2001,7,d
67,G,20010711,193400,65.909,-13.536,4,2,9,86,0.194,65.906,-13.533,6.2,mn,1,1,1111,290,"FN,12",11/07/2001 19:34,2001,7,d
68,G,20010711,193634,65.915,-13.542,4,2,9,120,0.316,65.91,-13.538,6.2,mn,1,1,4630,318,"FN,12",11/07/2001 19:36,2001,7,d
69,G,20010711,193729,65.917,-13.544,4,2,9,55,0.13,65.915,-13.542,6.2,mn,1,1,4630,335,"FN,12",11/07/2001 19:37,2001,7,d
70,G,20010711,194259,65.93,-13.557,4,2,9,25,0.065,65.929,-13.556,6.2,mn,1,1,400,322,"FN,12",11/07/2001 19:42,2001,7,d
71,G,20010711,195234,65.953,-13.579,4,4,9,120,0.324,65.948,-13.574,6.2,mn,1,1,5556,335,"FN,12",11/07/2001 19:52,2001,7,d
72,G,20010711,195500,65.959,-13.584,4,4,9,26,0.065,65.958,-13.583,6.2,mn,3,1,3241,285,"FN,12",11/07/2001 19:55,2001,7,d
73,G,20010711,195500,65.959,-13.584,4,4,9,0,0,65.959,-13.584,6.2,mn,5,1,3241,270,"FN,12",11/07/2001 19:55,2001,7,d
74,G,20010711,195600,65.961,-13.586,4,4,9,60,0.13,65.959,-13.584,6.2,mn,1,1,1852,318,"FN,12",11/07/2001 19:56,2001,7,d
75,G,20010711,200034,65.972,-13.597,4,4,9,120,0.324,65.967,-13.592,6.2,mn,1,1,4630,349,"FN,12",11/07/2001 20:00,2001,7,d
76,G,20010711,200148,65.975,-13.6,4,4,9,74,0.194,65.972,-13.597,6.2,mn,1,1,3333,17,"FN,12",11/07/2001 20:01,2001,7,d
77,G,20010711,200312,65.978,-13.603,4,4,9,38,0.065,65.977,-13.602,6.2,mn,1,1,4630,9,"FN,12",11/07/2001 20:03,2001,7,d
78,G,20010711,200434,65.982,-13.607,4,4,9,82,0.259,65.978,-13.603,6.2,mn,4,1,4630,353,"FN,12",11/07/2001 20:04,2001,7,d
79,G,20010711,200634,65.986,-13.611,4,4,9,120,0.259,65.982,-13.607,6.2,mn,1,1,3889,274,"FN,12",11/07/2001 20:06,2001,7,d
80,G,20010711,201114,65.998,-13.622,4,4,9,40,0.122,65.996,-13.621,6.2,mn,1,1,2592,36,"FN,12",11/07/2001 20:11,2001,7,d
81,G,20010711,201600,66.009,-13.633,4,4,9,86,0.251,66.005,-13.63,6.2,mn,1,1,981,65,"FN,12",11/07/2001 20:16,2001,7,d
82,G,20010711,203000,66.033,-13.644,4,4,9,86,0.209,66.031,-13.637,6.2,mn,1,1,2222,60,"FN,12",11/07/2001 20:30,2001,7,d
83,G,20010711,203302,66.038,-13.657,4,4,9,28,0.077,66.037,-13.655,6.2,mn,1,1,100,280,"FN,12",11/07/2001 20:33,2001,7,d
84,G,20010711,203600,66.044,-13.667,4,4,9,86,0.205,66.041,-13.663,6.2,mn,2,1,3704,352,"FN,12",11/07/2001 20:36,2001,7,d
85,G,20010711,203758,66.049,-13.672,4,4,9,84,0.251,66.045,-13.669,6.2,mn,3,1,1852,345,"FN,12",11/07/2001 20:37,2001,7,d
86,G,20010711,203800,66.049,-13.672,4,4,9,0,0,66.049,-13.672,6.2,mn,1,1,4630,335,"FN,12",11/07/2001 20:38,2001,7,d
87,G,20010711,203800,66.049,-13.672,4,4,9,0,0,66.049,-13.672,6.2,mn,1,1,4630,327,"FN,12",11/07/2001 20:38,2001,7,d
88,G,20010711,204207,66.058,-13.683,4,4,9,7,0,66.058,-13.683,6.2,mn,1,1,2222,318,"FN,12",11/07/2001 20:42,2001,7,d
89,G,20010711,204300,66.06,-13.685,4,4,9,26,0.065,66.059,-13.684,6.2,mn,1,1,3704,50,"FN,12",11/07/2001 20:43,2001,7,d
90,G,20010711,204500,66.065,-13.689,4,4,9,26,0.06,66.064,-13.689,6.2,mn,1,1,926,310,"FN,12",11/07/2001 20:45,2001,7,d
91,G,20010711,204600,66.067,-13.692,4,4,9,60,0.14,66.065,-13.689,6.2,mn,1,1,3704,338,"FN,12",11/07/2001 20:46,2001,7,d
92,G,20010711,204600,66.067,-13.692,4,4,9,0,0,66.067,-13.692,6.2,mn,1,1,2778,325,"FN,12",11/07/2001 20:46,2001,7,d
93,G,20010711,204700,66.069,-13.694,4,4,9,26,0.065,66.068,-13.693,6.2,mn,2,1,1852,40,"FN,12",11/07/2001 20:47,2001,7,d
94,G,20010711,204800,66.071,-13.696,4,4,9,60,0.129,66.069,-13.694,6.2,mn,1,1,5556,335,"FN,12",11/07/2001 20:48,2001,7,d
95,G,20010711,204826,66.072,-13.697,4,4,9,26,0.065,66.071,-13.696,6.2,mn,1,1,300,274,"FN,12",11/07/2001 20:48,2001,7,d
96,G,20010711,205100,66.078,-13.703,4,4,9,26,0.065,66.077,-13.702,6.2,mn,4,1,300,0,"FN,12",11/07/2001 20:51,2001,7,d
97,G,20010711,205100,66.078,-13.703,4,4,9,0,0,66.078,-13.703,6.2,mn,2,1,1852,15,"FN,12",11/07/2001 20:51,2001,7,d
98,G,20010711,205634,66.091,-13.715,4,4,9,94,0.205,66.088,-13.711,6.2,mn,1,1,400,0,"FN,12",11/07/2001 20:56,2001,7,d
99,G,20010711,210000,66.099,-13.723,4,4,9,0,0,66.099,-13.723,6.2,mn,1,1,1852,283,"FN,12",11/07/2001 21:00,2001,7,d
100,G,20010711,210200,66.104,-13.728,4,4,9,28,0.065,66.103,-13.727,6.2,mn,1,1,3704,325,"FN,12",11/07/2001 21:02,2001,7,d
101,G,20010711,210300,66.106,-13.73,4,4,9,26,0.065,66.105,-13.729,6.2,mn,1,1,3148,52,"FN,12",11/07/2001 21:03,2001,7,d
102,G,20010711,210700,66.116,-13.739,4,4,9,26,0.06,66.115,-13.739,6.2,mn,1,1,4259,20,"FN,12",11/07/2001 21:07,2001,7,d
103,G,20010711,211434,66.134,-13.757,4,4,9,120,0.324,66.129,-13.752,6.2,mn,1,1,500,45,"FN,12",11/07/2001 21:14,2001,7,d
104,G,20010711,211616,66.137,-13.761,4,4,9,102,0.205,66.134,-13.757,6.2,ba,1,1,20,0,"FN,12",11/07/2001 21:16,2001,7,d
105,G,20010711,212200,66.151,-13.773,4,4,9,86,0.251,66.147,-13.77,6.2,mn,1,1,740,270,"FN,12",11/07/2001 21:22,2001,7,d
106,G,20010711,212252,66.153,-13.775,4,4,9,18,0.06,66.152,-13.775,6.2,mn,1,1,5556,336,"FN,12",11/07/2001 21:22,2001,7,d
107,G,20010711,212400,66.155,-13.778,4,4,9,60,0.129,66.153,-13.776,6.2,mn,1,1,1852,0,"FN,12",11/07/2001 21:24,2001,7,d
108,G,20010711,212450,66.157,-13.78,4,4,9,16,0.024,66.157,-13.779,6.2,mn,2,1,2407,344,"FN,12",11/07/2001 21:24,2001,7,d
109,G,20010711,212812,66.165,-13.787,4,4,9,98,0.259,66.161,-13.783,6.2,mn,1,1,2222,2,"FN,12",11/07/2001 21:28,2001,7,d
110,G,20010711,213700,66.185,-13.807,4,4,9,26,0.065,66.184,-13.806,6.2,mn,1,1,1852,340,"FN,12",11/07/2001 21:37,2001,7,d
111,G,20010711,213807,66.188,-13.81,4,4,9,55,0.129,66.186,-13.808,6.2,mn,2,1,1481,343,"FN,12",11/07/2001 21:38,2001,7,d
112,G,20010712,45839,66.456,-13.791,5,3,9,56,0.263,66.453,-13.799,6.2,mn,2,1,5556,45,"FN,13",12/07/2001 04:58,2001,7,d
113,G,20010712,50610,66.461,-13.756,5,3,9,27,0.077,66.46,-13.758,6.2,mn,2,1,4630,29,"FN,13",12/07/2001 05:06,2001,7,d
114,G,20010712,53100,66.502,-13.655,5,3,9,77,0.187,66.5,-13.661,6.2,oo,6,1,1944,320,"FN,13",12/07/2001 05:31,2001,7,d
115,G,20010712,60200,66.53,-13.58,5,4,9,17,0.048,66.53,-13.582,6.2,mn,1,1,5556,25,"FN,13",12/07/2001 06:02,2001,7,d
116,G,20010712,61400,66.546,-13.524,5,4,9,17,0.065,66.545,-13.525,6.2,pm,1,1,1296,333,"FN,13",12/07/2001 06:14,2001,7,d
117,G,20010712,64530,66.568,-13.465,5,4,9,80,0.2,66.567,-13.473,6.2,mn,2,1,3333,41,"FN,13",12/07/2001 06:45,2001,7,d
118,G,20010712,64600,66.569,-13.463,5,4,9,17,0.048,66.569,-13.465,6.2,ll,7,1,200,44,"FN,13",12/07/2001 06:46,2001,7,d
119,G,20010712,64950,66.573,-13.444,5,4,9,7,0.024,66.573,-13.445,6.2,mn,2,1,2778,43,"FN,13",12/07/2001 06:49,2001,7,d
120,G,20010712,64950,66.573,-13.444,5,4,9,0,0,66.573,-13.444,6.2,mn,1,1,3704,17,"FN,13",12/07/2001 06:49,2001,7,d
121,G,20010712,65120,66.575,-13.437,5,4,9,20,0.048,66.575,-13.439,6.2,mn,1,1,3704,20,"FN,13",12/07/2001 06:51,2001,7,d
122,G,20010712,65200,66.576,-13.434,5,4,9,17,0.024,66.576,-13.435,6.2,mn,1,1,2852,55,"FN,13",12/07/2001 06:52,2001,7,d
123,G,20010712,65620,66.583,-13.415,5,4,9,37,0.077,66.582,-13.417,6.2,mn,2,1,2778,50,"FN,13",12/07/2001 06:56,2001,7,d
124,G,20010712,70110,66.59,-13.393,5,4,9,87,0.206,66.588,-13.4,6.2,mn,1,1,2407,355,"FN,13",12/07/2001 07:01,2001,7,d
125,G,20010712,70400,66.594,-13.381,5,4,9,17,0.024,66.594,-13.382,6.2,mn,1,1,2778,330,"FN,13",12/07/2001 07:04,2001,7,d
126,G,20010712,70800,66.601,-13.363,5,4,9,17,0.077,66.6,-13.365,6.2,mn,2,1,2037,0,"FN,13",12/07/2001 07:08,2001,7,d
127,G,20010712,70819,66.601,-13.362,5,4,9,3,0,66.601,-13.362,6.2,mn,1,1,1852,347,"FN,13",12/07/2001 07:08,2001,7,d
128,G,20010712,71520,66.612,-13.331,5,4,9,337,0.804,66.603,-13.356,6.2,mn,2,1,1481,33,"FN,13",12/07/2001 07:15,2001,7,d
129,G,20010712,72015,66.619,-13.309,5,4,9,32,0.071,66.619,-13.312,6.2,mn,2,1,1111,50,"FN,13",12/07/2001 07:20,2001,7,d
130,G,20010712,72700,66.63,-13.279,5,4,9,77,0.187,66.628,-13.285,6.2,mn,2,1,2352,90,"FN,13",12/07/2001 07:27,2001,7,d
131,G,20010712,73350,66.639,-13.249,5,7,1,7,0.024,66.639,-13.25,6.2,mn,1,1,1852,42,"FN,13",12/07/2001 07:33,2001,7,d
132,G,20010712,75100,66.665,-13.173,5,7,0.2,197,0.448,66.66,-13.187,6.2,mn,1,1,1481,83,"FN,13",12/07/2001 07:51,2001,7,d
133,G,20010712,75100,66.665,-13.173,5,7,0.2,0,0,66.665,-13.173,6.2,mn,1,1,2778,82,"FN,13",12/07/2001 07:51,2001,7,d
134,G,20010712,75225,66.667,-13.167,5,4,9,25,0.077,66.666,-13.169,6.2,mn,1,1,4630,39,"FN,13",12/07/2001 07:52,2001,7,d
135,G,20010712,75800,66.675,-13.143,5,4,9,17,0.024,66.675,-13.144,6.2,mn,2,1,2778,75,"FN,13",12/07/2001 07:58,2001,7,d
136,G,20010712,81100,66.695,-13.085,5,4,9,77,0.186,66.693,-13.091,6.2,mn,1,1,3704,51,"FN,13",12/07/2001 08:11,2001,7,d
137,G,20010712,81700,66.704,-13.058,5,4,9,77,0.186,66.702,-13.064,6.2,mn,1,1,5556,325,"FN,13",12/07/2001 08:17,2001,7,d
138,G,20010712,82400,66.715,-13.025,5,4,na,17,0.024,66.715,-13.026,6.2,mn,1,1,1852,86,"FN,13",12/07/2001 08:24,2001,7,d
139,G,20010712,85300,66.76,-12.89,5,4,na,41,0.112,66.759,-12.894,6.2,mn,5,1,1481,300,"FN,13",12/07/2001 08:53,2001,7,d
140,G,20010712,93400,66.81,-12.74,5,4,na,17,0.076,66.809,-12.742,6.2,mn,2,1,1111,317,"FN,13",12/07/2001 09:34,2001,7,d
141,G,20010712,93710,66.815,-12.726,5,4,na,87,0.204,66.813,-12.733,6.2,mn,1,1,3704,44,"FN,13",12/07/2001 09:37,2001,7,d
142,G,20010712,112600,66.905,-12.897,5,7,0.2,17,0.047,66.905,-12.895,6.2,mn,1,1,1852,50,"FN,14",12/07/2001 11:26,2001,7,d
143,G,20010712,120256,66.932,-12.992,5,7,0.2,73,0.175,66.933,-12.985,6.2,mn,1,1,2222,6,"FN,14",12/07/2001 12:02,2001,7,d
144,G,20010712,121625,66.918,-13.068,5,7,0.2,42,0.112,66.919,-13.064,6.2,mn,1,1,5741,295,"FN,14",12/07/2001 12:16,2001,7,d
145,G,20010712,123000,66.912,-13.152,4,3,9,17,0.024,66.912,-13.151,6.2,mn,1,1,740,354,"FN,14",12/07/2001 12:30,2001,7,d
146,G,20010712,124000,66.915,-13.217,4,3,9,17,0.047,66.915,-13.215,6.2,mn,1,1,2407,31,"FN,14",12/07/2001 12:40,2001,7,d
147,G,20010712,124220,66.915,-13.233,4,3,9,37,0.094,66.915,-13.229,6.2,mn,1,1,3889,58,"FN,14",12/07/2001 12:42,2001,7,d
148,G,20010712,130400,66.92,-13.31,4,3,9,17,0.024,66.92,-13.309,6.2,mn,1,1,20,350,"FN,14",12/07/2001 13:04,2001,7,d
149,G,20010712,131810,66.92,-13.401,4,3,9,27,0.071,66.92,-13.398,6.2,mn,2,1,1296,312,"FN,14",12/07/2001 13:18,2001,7,d
150,G,20010712,135529,66.927,-13.636,4,3,9,106,0.282,66.927,-13.624,6.2,mn,1,1,1852,68,"FN,14",12/07/2001 13:55,2001,7,d
151,G,20010712,152535,66.942,-14.092,4,2,na,57,0.141,66.942,-14.086,6.2,mn,2,1,5556,285,"FN,14",12/07/2001 15:25,2001,7,d
152,G,20010712,152927,66.943,-14.118,4,2,na,49,0.117,66.943,-14.113,6.2,mn,1,1,5741,288,"FN,14",12/07/2001 15:29,2001,7,d
153,G,20010712,152927,66.943,-14.118,4,2,na,0,0,66.943,-14.118,6.2,mn,1,1,5185,280,"FN,14",12/07/2001 15:29,2001,7,d
154,G,20010712,153130,66.943,-14.132,4,2,na,52,0.141,66.943,-14.126,6.2,mn,1,1,5000,307,"FN,14",12/07/2001 15:31,2001,7,d
155,G,20010712,153950,66.944,-14.188,4,2,na,72,0.211,66.944,-14.179,6.2,mn,1,1,2778,39,"FN,14",12/07/2001 15:39,2001,7,d
156,G,20010712,160845,66.948,-14.307,4,4,9,7,0.023,66.948,-14.306,6.2,mn,1,1,3704,345,"FN,14",12/07/2001 16:08,2001,7,d
157,G,20010712,161902,66.95,-14.374,4,4,9,24,0.07,66.95,-14.371,6.2,mn,1,1,4815,314,"FN,14",12/07/2001 16:19,2001,7,d
158,G,20010712,162100,66.95,-14.387,4,4,9,22,0.047,66.95,-14.385,6.2,ll,3,1,20,270,"FN,14",12/07/2001 16:21,2001,7,d
159,G,20010712,163600,66.954,-14.485,4,4,9,82,0.211,66.954,-14.476,6.2,mn,7,1,7408,357,"FN,14",12/07/2001 16:36,2001,7,d
160,G,20010712,164000,66.955,-14.512,4,4,9,82,0.211,66.955,-14.503,6.2,mn,2,1,1944,314,"FN,14",12/07/2001 16:40,2001,7,d
161,G,20010712,164820,66.956,-14.564,4,4,9,80,0.22,66.955,-14.555,6.2,mn,1,1,5926,24,"FN,14",12/07/2001 16:48,2001,7,d
162,G,20010712,165310,66.957,-14.595,4,4,9,32,0.07,66.957,-14.592,6.2,mn,1,1,2407,298,"FN,14",12/07/2001 16:53,2001,7,d
163,G,20010712,165320,66.957,-14.596,4,4,9,10,0.023,66.957,-14.595,6.2,mn,1,1,5556,292,"FN,14",12/07/2001 16:53,2001,7,d
164,G,20010712,165400,66.958,-14.6,4,4,9,40,0.111,66.957,-14.596,6.2,ll,14,1,629,5,"FN,14",12/07/2001 16:54,2001,7,d
165,G,20010712,165508,66.958,-14.608,4,4,9,30,0.07,66.958,-14.605,6.2,mn,2,1,5000,321,"FN,14",12/07/2001 16:55,2001,7,d
166,G,20010712,165510,66.958,-14.608,4,4,9,2,0,66.958,-14.608,6.2,mn,2,1,4259,270,"FN,14",12/07/2001 16:55,2001,7,d
167,G,20010712,170701,66.96,-14.684,4,4,9,1,0,66.96,-14.684,6.2,mn,2,1,740,40,"FN,14",12/07/2001 17:07,2001,7,d
168,G,20010712,170800,66.96,-14.69,4,4,9,59,0.141,66.96,-14.684,6.2,mn,3,1,2018,15,"FN,14",12/07/2001 17:08,2001,7,d
169,G,20010712,172720,66.976,-14.715,4,4,9,42,0.094,66.976,-14.711,6.2,mn,2,1,926,10,"FN,14",12/07/2001 17:27,2001,7,d
170,G,20010712,172730,66.976,-14.716,4,4,9,10,0.023,66.976,-14.715,6.2,mn,1,1,3704,90,"FN,14",12/07/2001 17:27,2001,7,d
171,G,20010712,194800,67.222,-15.157,4,4,9,82,0.214,67.219,-15.152,6.2,ll,5,1,537,310,"FN,14",12/07/2001 19:48,2001,7,d
172,G,20010712,195900,67.244,-15.194,4,4,9,22,0.064,67.243,-15.193,6.2,ll,1,1,3241,354,"FN,14",12/07/2001 19:59,2001,7,d
173,G,20010712,201400,67.273,-15.244,4,4,9,82,0.167,67.271,-15.239,6.2,ll,1,1,2352,5,"FN,14",12/07/2001 20:14,2001,7,d
174,G,20010712,201918,67.284,-15.262,4,4,9,40,0.076,67.283,-15.26,6.2,ll,5,1,75,22,"FN,14",12/07/2001 20:19,2001,7,d
175,G,20010712,202000,67.285,-15.264,4,4,9,42,0.076,67.284,-15.262,6.2,ll,40,1,500,0,"FN,14",12/07/2001 20:20,2001,7,d
176,G,20010712,210600,67.379,-15.423,4,3,9,48,0.092,67.378,-15.42,6.2,mn,1,1,5000,10,"FN,14",12/07/2001 21:06,2001,7,d
177,G,20010713,41410,67.497,-15.631,3,1,9,250,0.532,67.489,-15.621,6.2,ll,160,1,2778,0,"N,14",13/07/2001 04:14,2001,7,d
178,G,20010713,42000,67.509,-15.646,3,1,9,54,0.128,67.507,-15.644,6.2,mn,4,1,5556,335,"N,14",13/07/2001 04:20,2001,7,d
179,G,20010713,42200,67.514,-15.653,3,1,9,54,0.138,67.512,-15.65,6.2,ll,30,1,5556,333,"N,14",13/07/2001 04:22,2001,7,d
180,G,20010713,42400,67.518,-15.659,3,1,9,0,0,67.518,-15.659,6.2,ll,2,1,2852,325,"N,14",13/07/2001 04:24,2001,7,d
181,G,20010713,42600,67.523,-15.666,3,1,9,54,0.138,67.521,-15.663,6.2,ll,60,1,0,0,"N,14",13/07/2001 04:26,2001,7,d
182,G,20010713,43600,67.542,-15.704,3,1,9,54,0.115,67.542,-15.699,6.2,mn,1,1,4815,282,"N,14",13/07/2001 04:36,2001,7,d
183,G,20010713,43610,67.542,-15.705,3,1,9,2,0,67.542,-15.705,6.2,mn,2,1,4259,296,"N,14",13/07/2001 04:36,2001,7,d
184,G,20010713,43620,67.543,-15.706,3,1,9,7,0.06,67.542,-15.706,6.2,mn,1,1,3889,270,"N,14",13/07/2001 04:36,2001,7,d
185,G,20010713,53940,67.588,-15.86,3,1,9,34,0.064,67.587,-15.861,6.2,ba,1,1,250,320,"N,14",13/07/2001 05:39,2001,7,d
186,G,20010713,61720,67.672,-15.921,3,1,9,14,0.023,67.672,-15.92,6.2,bm,3,1,8334,19,"N,14",13/07/2001 06:17,2001,7,d
187,G,20010713,63413,67.709,-15.985,3,1,9,67,0.202,67.706,-15.981,6.2,bm,2,1,3333,55,"N,14",13/07/2001 06:34,2001,7,d
188,G,20010713,63420,67.709,-15.985,3,1,9,7,0,67.709,-15.985,6.2,bm,1,1,3148,59,"N,14",13/07/2001 06:34,2001,7,d
189,G,20010713,63800,67.717,-15.987,3,1,9,54,0.128,67.715,-15.989,6.2,bm,3,1,5185,37,"N,14",13/07/2001 06:38,2001,7,d
190,G,20010713,81515,67.798,-16.138,3,1,9,9,0.023,67.798,-16.137,6.2,bm,2,1,11112,24,"N,14",13/07/2001 08:15,2001,7,d
191,G,20010713,182500,67.842,-17.807,3,4,na,93,0.244,67.846,-17.805,6.2,mn,1,1,7408,17,"N,15",13/07/2001 18:25,2001,7,d
192,G,20010713,183600,67.814,-17.817,3,4,na,32,0.12,67.816,-17.817,6.2,pm,1,1,4630,3,"N,15",13/07/2001 18:36,2001,7,d
193,G,20010713,185000,67.78,-17.83,3,4,na,32,0.06,67.781,-17.83,6.2,mn,1,1,3648,325,"N,15",13/07/2001 18:50,2001,7,d
194,G,20010713,185300,67.773,-17.833,3,4,na,92,0.181,67.776,-17.832,6.2,pm,1,1,4444,13,"N,15",13/07/2001 18:53,2001,7,d
195,G,20010713,185618,67.764,-17.836,3,4,na,50,0.18,67.767,-17.836,6.2,mn,1,1,2778,48,"N,15",13/07/2001 18:56,2001,7,d
196,G,20010713,185738,67.761,-17.838,3,4,na,10,0,67.761,-17.838,6.2,mn,1,1,1481,58,"N,15",13/07/2001 18:57,2001,7,d
197,G,20010713,185800,67.76,-17.838,3,4,na,22,0.06,67.761,-17.838,6.2,pm,1,1,926,11,"N,15",13/07/2001 18:58,2001,7,d
198,G,20010713,185900,67.758,-17.839,3,4,na,8,0,67.758,-17.839,6.2,mn,1,1,5185,356,"N,15",13/07/2001 18:59,2001,7,d
199,G,20010713,191600,67.716,-17.855,3,4,na,0,0,67.716,-17.855,6.2,mn,1,1,2852,336,"N,15",13/07/2001 19:16,2001,7,d
200,G,20010713,191814,67.71,-17.857,3,4,na,46,0.12,67.712,-17.857,6.2,mn,1,1,3704,327,"N,15",13/07/2001 19:18,2001,7,d
201,G,20010713,192300,67.698,-17.862,3,4,na,60,0.181,67.701,-17.861,6.2,mn,1,1,4630,315,"N,15",13/07/2001 19:23,2001,7,d
202,G,20010713,193100,67.678,-17.87,3,4,na,92,0.244,67.682,-17.868,6.2,mn,1,1,3704,16,"N,15",13/07/2001 19:31,2001,7,d
203,G,20010713,193200,67.675,-17.87,3,4,na,0,0,67.675,-17.87,6.2,mn,1,1,2778,310,"N,15",13/07/2001 19:32,2001,7,d
204,G,20010713,193300,67.673,-17.871,3,4,na,9,0,67.673,-17.871,6.2,mn,2,1,2037,270,"N,15",13/07/2001 19:33,2001,7,d
205,G,20010713,193400,67.67,-17.872,3,4,na,27,0.06,67.671,-17.872,6.2,mn,2,1,5000,290,"N,15",13/07/2001 19:34,2001,7,d
206,G,20010713,193900,67.658,-17.877,3,4,na,92,0.241,67.662,-17.876,6.2,mn,1,1,3704,285,"N,15",13/07/2001 19:39,2001,7,d
207,G,20010713,193900,67.658,-17.877,3,4,na,0,0,67.658,-17.877,6.2,mn,1,1,7408,290,"N,15",13/07/2001 19:39,2001,7,d
208,G,20010713,193948,67.656,-17.878,3,4,na,20,0.023,67.656,-17.877,6.2,mn,1,1,1111,81,"N,15",13/07/2001 19:39,2001,7,d
209,G,20010713,194200,67.65,-17.88,3,4,na,21,0.06,67.651,-17.88,6.2,mn,1,1,2778,0,"N,15",13/07/2001 19:42,2001,7,d
210,G,20010713,205800,67.468,-17.948,2,4,na,12,0,67.468,-17.948,6.2,ll,20,1,555,35,"FN,16",13/07/2001 20:58,2001,7,d
211,G,20010713,214201,67.357,-17.99,2,4,na,33,0.122,67.359,-17.989,6.2,ba,1,1,200,322,"FN,16",13/07/2001 21:42,2001,7,d
212,G,20010713,215700,67.319,-18.004,2,4,na,92,0.241,67.323,-18.003,6.2,ll,2,1,1852,343,"FN,16",13/07/2001 21:57,2001,7,d
213,G,20010714,52100,66.263,-18.388,2,4,9,34,0.06,66.264,-18.388,6.2,ba,1,1,500,45,"FN,16",14/07/2001 05:21,2001,7,d
214,G,20010714,61720,66.132,-18.402,1,4,na,54,0.129,66.134,-18.404,6.2,ll,75,1,400,322,"FN,16",14/07/2001 06:17,2001,7,d
215,G,20010716,191300,66.302,-17.975,5,2,9,34,0.094,66.301,-17.978,6.2,ba,1,1,1555,350,"FN,17",16/07/2001 19:13,2001,7,d
216,G,20010716,191750,66.31,-17.951,5,2,9,226,0.583,66.304,-17.97,6.2,ba,1,1,50,286,"FN,17",16/07/2001 19:17,2001,7,d
217,G,20010716,194308,66.35,-17.82,5,2,9,243,0.66,66.344,-17.843,6.2,ba,1,1,400,85,"FN,17",16/07/2001 19:43,2001,7,d
218,G,20010716,195624,66.362,-17.778,5,2,9,204,0.51,66.355,-17.79,6.2,ba,1,1,1111,50,"FN,17",16/07/2001 19:56,2001,7,d
219,G,20010716,200500,66.362,-17.748,5,2,9,55,0.065,66.363,-17.749,6.2,ba,2,1,926,15,"FN,17",16/07/2001 20:05,2001,7,d
220,G,20010717,42900,67.147,-15.191,4,2,9,1440,3.116,67.117,-15.3,6.2,ba,1,1,1296,26,"FN,17",17/07/2001 04:29,2001,7,d
221,G,20010717,62400,67.317,-14.658,3,8,2,97,0.221,67.315,-14.666,6.2,mn,1,1,1852,0,"FN,17",17/07/2001 06:24,2001,7,d
222,G,20010717,63700,67.337,-14.589,3,8,2,150,0.35,67.334,-14.602,6.2,mn,3,1,1852,141,"FN,17",17/07/2001 06:37,2001,7,d
223,G,20010717,71422,67.397,-14.39,3,8,0.1,118,0.293,67.394,-14.4,6.2,mn,1,1,1852,322,"FN,17",17/07/2001 07:14,2001,7,d
224,G,20010717,83100,67.514,-13.996,3,8,0.1,216,0.529,67.509,-14.015,6.2,bp,1,1,3704,290,"N,17",17/07/2001 08:31,2001,7,d
225,G,20010717,84800,67.543,-14.012,3,8,2,35,0.092,67.543,-14.016,6.2,bp,2,1,2037,0,"N,17",17/07/2001 08:48,2001,7,d
226,G,20010717,85326,67.553,-14.005,3,8,2,61,0.151,67.551,-14.001,6.2,bp,3,1,3704,0,"N,17",17/07/2001 08:53,2001,7,d
227,G,20010717,85752,67.555,-14.001,3,8,2,266,0.151,67.553,-14.005,6.2,bp,1,1,3704,37,"N,17",17/07/2001 08:57,2001,7,d
228,G,20010717,90700,67.561,-13.943,3,4,9,275,0.71,67.564,-13.973,6.2,mn,4,1,3704,64,"N,17",17/07/2001 09:07,2001,7,d
229,G,20010717,91549,67.546,-13.909,3,4,9,184,0.456,67.551,-13.924,6.2,mn,1,1,2037,319,"N,17",17/07/2001 09:15,2001,7,d
230,G,20010717,92226,67.551,-13.872,3,4,9,39,0.11,67.55,-13.876,6.2,mn,1,1,4630,22,"N,17",17/07/2001 09:22,2001,7,d
231,G,20010717,92547,67.557,-13.853,3,4,9,201,0.565,67.551,-13.872,6.2,mn,1,1,2778,346,"N,17",17/07/2001 09:25,2001,7,d
232,G,20010717,92900,67.56,-13.838,3,4,9,95,0.193,67.559,-13.846,6.2,mn,1,1,1296,312,"N,17",17/07/2001 09:29,2001,7,d
233,G,20010717,94800,67.589,-13.743,3,4,9,34,0.129,67.588,-13.748,6.2,mn,4,1,7408,347,"N,17",17/07/2001 09:48,2001,7,d
234,G,20010717,95058,67.596,-13.721,3,4,9,32,0.075,67.595,-13.723,6.2,mn,4,1,3148,346,"N,17",17/07/2001 09:50,2001,7,d
235,G,20010717,105215,67.688,-13.409,3,4,9,9,0.023,67.688,-13.41,6.2,bm,1,1,3704,14,"N,17",17/07/2001 10:52,2001,7,d
236,G,20010717,105449,67.692,-13.396,3,4,9,143,0.364,67.688,-13.408,6.2,bp,1,1,4630,63,"N,17",17/07/2001 10:54,2001,7,d
237,G,20010717,112200,67.733,-13.254,3,4,9,274,0.654,67.727,-13.278,6.2,bp,1,1,3333,307,"N,17",17/07/2001 11:22,2001,7,d
238,G,20010717,112300,67.735,-13.249,3,4,9,34,0.091,67.734,-13.252,6.2,mn,3,1,7408,307,"N,17",17/07/2001 11:23,2001,7,d
239,G,20010717,120200,67.773,-13.13,3,4,9,36,0.091,67.773,-13.134,6.2,bp,1,1,3148,280,"N,17",17/07/2001 12:02,2001,7,d
240,G,20010717,121800,67.796,-13.119,3,4,9,34,0.091,67.796,-13.123,6.2,bp,1,1,1555,306,"N,17",17/07/2001 12:18,2001,7,d
241,G,20010717,123300,67.803,-13.02,3,4,9,34,0.109,67.802,-13.024,6.2,ba,1,1,100,270,"N,17",17/07/2001 12:33,2001,7,d
242,G,20010717,123500,67.805,-13.009,3,4,9,120,0.277,67.803,-13.02,6.2,ba,2,1,100,15,"N,17",17/07/2001 12:35,2001,7,d
243,G,20010717,123500,67.805,-13.009,3,4,9,0,0,67.805,-13.009,6.2,ba,1,1,200,60,"N,17",17/07/2001 12:35,2001,7,d
244,G,20010717,124726,67.825,-12.942,3,4,9,50,0.128,67.824,-12.947,6.2,mn,2,1,2778,340,"N,17",17/07/2001 12:47,2001,7,d
245,G,20010717,130100,67.847,-12.87,3,4,9,60,0.181,67.845,-12.876,6.2,mn,1,1,2000,31,"N,17",17/07/2001 13:01,2001,7,d
246,G,20010717,131100,67.862,-12.817,3,4,9,0,0,67.862,-12.817,6.2,mn,1,1,2352,337,"N,17",17/07/2001 13:11,2001,7,d
247,G,20010717,131700,67.871,-12.784,3,4,9,93,0.236,67.869,-12.793,6.2,mn,1,1,926,90,"N,17",17/07/2001 13:17,2001,7,d
248,G,20010717,131805,67.873,-12.779,3,4,9,39,0.091,67.872,-12.782,6.2,mn,1,1,5185,294,"N,17",17/07/2001 13:18,2001,7,d
249,G,20010717,132200,67.879,-12.758,3,4,9,94,0.217,67.877,-12.766,6.2,mn,9,1,7408,358,"N,17",17/07/2001 13:22,2001,7,d
250,G,20010717,133200,67.895,-12.705,3,4,9,273,0.686,67.888,-12.729,6.2,mn,1,1,1852,275,"N,17",17/07/2001 13:32,2001,7,d
251,G,20010717,141109,67.929,-12.589,3,5,3,222,0.551,67.925,-12.611,6.2,mn,2,1,555,60,"N,17",17/07/2001 14:11,2001,7,d
252,G,20010717,142000,67.943,-12.54,3,5,3,153,0.396,67.939,-12.554,6.2,mn,1,1,3704,337,"N,17",17/07/2001 14:20,2001,7,d
253,G,20010717,144800,67.985,-12.394,3,5,3,33,0.09,67.984,-12.397,6.2,mn,1,1,1555,329,"N,17",17/07/2001 14:48,2001,7,d
254,G,20010717,145654,67.999,-12.345,3,5,3,114,0.288,67.996,-12.355,6.2,mn,1,1,2963,277,"N,17",17/07/2001 14:56,2001,7,d
255,G,20010717,145654,67.999,-12.345,3,5,3,0,0,67.999,-12.345,6.2,mn,1,1,3704,290,"N,17",17/07/2001 14:56,2001,7,d
256,G,20010717,193215,67.986,-11.531,2,5,9,57,0.135,67.986,-11.537,6.2,bp,3,1,2778,53,"N,17",17/07/2001 19:32,2001,7,d
257,G,20010717,193731,67.998,-11.515,2,5,9,316,0.805,67.986,-11.531,6.2,bp,1,1,5556,18,"N,17",17/07/2001 19:37,2001,7,d
258,G,20010717,200100,67.99,-11.391,2,5,9,210,0.548,67.993,-11.414,6.2,bp,1,1,5556,70,"N,17",17/07/2001 20:01,2001,7,d
259,G,20010717,205517,67.936,-11.088,2,5,9,166,0.325,67.939,-11.1,6.2,bp,1,1,3704,31,"N,17",17/07/2001 20:55,2001,7,d
260,G,20010717,205800,67.933,-11.076,2,5,9,0,0,67.933,-11.076,6.2,bp,1,1,740,340,"N,17",17/07/2001 20:58,2001,7,d
261,G,20010717,210531,67.926,-11.03,2,5,9,180,0.444,67.929,-11.048,6.2,mn,1,1,1852,87,"N,17",17/07/2001 21:05,2001,7,d
262,G,20010717,213416,67.895,-10.855,2,5,0.5,105,0.276,67.897,-10.866,6.2,bp,1,1,1852,30,"N,17",17/07/2001 21:34,2001,7,d
263,G,20010718,53200,67.777,-10.2,4,4,2,209,0.554,67.781,-10.222,6.2,bp,2,1,2778,15,"J,17",18/07/2001 05:32,2001,7,d
264,G,20010722,173102,67.834,-20.82,4,5,2,1801,4.926,67.896,-20.677,6.2,ba,1,1,300,10,"N,09",22/07/2001 17:31,2001,7,d
265,G,20010722,175631,67.789,-20.923,4,5,2,89,0.199,67.791,-20.916,6.2,mn,4,1,2778,275,"N,09",22/07/2001 17:56,2001,7,d
266,G,20010722,175631,67.789,-20.923,4,5,2,0,0,67.789,-20.923,6.2,ll,10,1,2778,275,"N,09",22/07/2001 17:56,2001,7,d
267,G,20010722,181633,67.781,-21.012,4,5,1,31,0.064,67.782,-21.011,6.2,mn,1,1,926,65,"N,09",22/07/2001 18:16,2001,7,d
268,G,20010722,182035,67.773,-21.027,4,5,1,93,0.241,67.777,-21.026,6.2,mn,1,1,300,60,"N,09",22/07/2001 18:20,2001,7,d
269,G,20010722,183758,67.73,-21.051,4,5,1,56,0.165,67.732,-21.046,6.2,mn,1,1,1666,32,"N,09",22/07/2001 18:37,2001,7,d
270,G,20010722,195100,67.578,-21.384,5,5,2,118,0.332,67.582,-21.374,6.2,ll,5,1,150,2,"N,09",22/07/2001 19:51,2001,7,d
271,G,20010722,195900,67.561,-21.42,5,5,2,418,1.16,67.576,-21.388,6.2,ha,1,1,250,15,"N,09",22/07/2001 19:59,2001,7,d
272,G,20010722,210844,67.426,-21.715,5,5,2,3702,9.887,67.553,-21.44,6.2,ba,1,1,100,40,"FN,09",22/07/2001 21:08,2001,7,d
273,G,20010729,203100,65.315,-27.987,3,8,4,11,0.025,65.315,-27.988,6.2,mn,4,1,7408,315,"W,09",29/07/2001 20:31,2001,7,d
274,G,20010729,210000,65.346,-27.907,3,8,4,131,0.35,65.349,-27.919,6.2,bp,4,1,740,292,"W,09",29/07/2001 21:00,2001,7,d
275,V,20070718,115814,67.6379,-22.2828,4,8,1,716,1.979,67.6575,-22.3526,6.2,ll,10,1,2595,356,"IN,11",18/07/2007 11:58,2007,7,d
276,V,20070718,120251,67.6305,-22.255,4,8,1,277,0.775,67.6379,-22.2828,6.2,mn,2,1,4880,10,"IN,11",18/07/2007 12:02,2007,7,d
277,V,20070718,135304,67.4641,-21.5802,3,8,1,1299,3.635,67.4951,-21.7162,6.1,ll,4,1,707,280,"IN,11",18/07/2007 13:53,2007,7,d
278,V,20070718,140719,67.4441,-21.4942,3,8,1,301,0.809,67.4512,-21.5241,6.2,ll,12,1,5000,340,"IN,11",18/07/2007 14:07,2007,7,d
279,V,20070718,141306,67.4356,-21.46,3,8,1,347,0.938,67.4441,-21.4942,6.2,mn,2,1,2705,355,"IN,11",18/07/2007 14:13,2007,7,d
280,V,20070718,142100,67.4242,-21.4131,3,8,1,474,1.278,67.4356,-21.46,6.2,mn,2,1,1220,338,"IN,11",18/07/2007 14:21,2007,7,d
281,V,20070718,142314,67.4209,-21.4001,3,8,1,134,0.359,67.4242,-21.4131,6.2,ll,4,1,600,357,"IN,11",18/07/2007 14:23,2007,7,d
282,V,20070718,142709,67.4152,-21.3769,3,8,1,235,0.635,67.4209,-21.4001,6.2,mn,2,1,2513,327,"IN,11",18/07/2007 14:27,2007,7,d
283,V,20070718,142711,67.4152,-21.3767,3,8,1,2,0.005,67.4152,-21.3769,6.2,mn,2,1,1026,280,"IN,11",18/07/2007 14:27,2007,7,d
284,V,20070718,144311,67.3974,-21.2758,3,8,1,424,1.136,67.4075,-21.3175,6.2,mn,1,1,500,26,"IN,11",18/07/2007 14:43,2007,7,d
285,V,20070718,144656,67.3911,-21.2552,3,8,0,207,0.552,67.3968,-21.274,6.2,mn,1,1,280,10,"IN,11",18/07/2007 14:46,2007,7,d
286,V,20070718,160352,67.2617,-20.8233,2.5,6,1,169,0.481,67.266,-20.8408,6.2,mn,2,1,800,5,"IN,11",18/07/2007 16:03,2007,7,d
287,V,20070718,160818,67.2548,-20.7959,2.5,6,1,255,0.724,67.2613,-20.8222,6.2,mn,2,1,1806,25,"IN,11",18/07/2007 16:08,2007,7,d
288,V,20070718,161517,67.2442,-20.7524,2.5,6,1,419,1.193,67.2548,-20.7959,6.2,mn,2,1,1384,28,"IN,11",18/07/2007 16:15,2007,7,d
289,V,20070718,164149,67.2022,-20.5872,2,2,0,1195,3.442,67.2341,-20.7104,6.2,mn,3,1,1900,280,"IN,11",18/07/2007 16:41,2007,7,d
290,V,20070718,164509,67.1968,-20.5669,2,2,0,200,0.572,67.2022,-20.5872,6.2,mn,1,1,1500,15,"IN,11",18/07/2007 16:45,2007,7,d
291,V,20070718,165313,67.1833,-20.5181,2,2,0,484,1.394,67.1968,-20.5669,6.2,ha,1,1,2269,29,"IN,11",18/07/2007 16:53,2007,7,d
292,V,20070718,165504,67.1802,-20.5072,2,2,0,111,0.315,67.1833,-20.5181,6.2,ll,8,1,1126,37,"IN,11",18/07/2007 16:55,2007,7,d
293,V,20070718,165518,67.1798,-20.5058,2,2,0,14,0.04,67.1802,-20.5072,6.2,mn,1,1,2134,65,"IN,11",18/07/2007 16:55,2007,7,d
294,V,20070718,165619,67.1781,-20.4998,2,2,0,61,0.173,67.1798,-20.5058,6.2,ll,5,1,300,48,"IN,11",18/07/2007 16:56,2007,7,d
295,V,20070718,182446,67.0886,-20.141,2,2,0,1213,3.258,67.1157,-20.262,6.1,mn,5,1,4850,5,"IN,11",18/07/2007 18:24,2007,7,d
296,V,20070718,184303,67.0606,-20.0313,2,2,0,913,2.548,67.0843,-20.1218,6.1,ba,1,1,2680,300,"IN,11",18/07/2007 18:43,2007,7,d
297,V,20070718,184924,67.0498,-19.9962,2,2,0,381,1.046,67.0606,-20.0313,6.1,ba,1,1,544,330,"IN,11",18/07/2007 18:49,2007,7,d
298,V,20070718,190020,67.032,-19.9347,2,2,0,656,1.792,67.0498,-19.9962,6.1,mn,2,1,3500,73,"IN,11",18/07/2007 19:00,2007,7,d
299,V,20070720,71808,67.0931,-24.3248,1,3,0,76,0.14,67.0954,-24.3259,5,oo,4,1,300,330,"NW,13",20/07/2007 07:18,2007,7,s
300,V,20070720,74854,67.0077,-24.27,1,3,0,147,0.416,67.0144,-24.2746,6.2,ll,5,1,1500,355,"NW,13",20/07/2007 07:48,2007,7,d
301,V,20070720,75900,66.9801,-24.2517,1,3,0,363,1.028,66.9968,-24.2615,6.2,mn,2,1,5000,355,"NW,13",20/07/2007 07:59,2007,7,d
302,V,20070720,80551,66.9605,-24.247,1,3,0,411,1.181,66.9801,-24.2517,6.2,mn,1,1,650,52,"NW,13",20/07/2007 08:05,2007,7,d
303,V,20070720,81243,66.9416,-24.2481,1,3,0,318,0.876,66.9562,-24.247,6.2,mn,2,1,1026,75,"NW,13",20/07/2007 08:12,2007,7,d
304,V,20070720,81814,66.9262,-24.2492,1,3,0,96,0.27,66.9307,-24.249,6.2,ll,4,1,378,270,"NW,13",20/07/2007 08:18,2007,7,d
305,V,20070720,82519,66.9068,-24.2498,1,3,0,229,0.624,66.9172,-24.2497,6.2,ll,4,1,552,350,"NW,13",20/07/2007 08:25,2007,7,d
306,V,20070720,83852,66.8809,-24.2887,1,3,0,28,0.08,66.8806,-24.2854,6.2,ll,10,1,1000,75,"NW,14",20/07/2007 08:38,2007,7,d
307,V,20070720,84201,66.8824,-24.3119,1,3,0,189,0.554,66.8809,-24.2887,6.2,ll,10,1,1000,50,"NW,14",20/07/2007 08:42,2007,7,d
308,V,20070720,84312,66.8832,-24.3206,1,3,0,71,0.21,66.8824,-24.3119,6.2,ll,12,1,100,353,"NW,14",20/07/2007 08:43,2007,7,d
309,V,20070720,84558,66.8847,-24.3408,1,3,0,166,0.484,66.8832,-24.3206,6.2,mn,3,1,2700,10,"NW,14",20/07/2007 08:45,2007,7,d
310,V,20070720,85224,66.8882,-24.3866,1,3,0,386,1.099,66.8847,-24.3408,6.2,mn,1,1,100,357,"NW,14",20/07/2007 08:52,2007,7,d
311,V,20070720,85418,66.8891,-24.3997,1,3,0,114,0.313,66.8882,-24.3866,6.2,mn,1,1,1350,43,"NW,14",20/07/2007 08:54,2007,7,d
312,V,20070720,90252,66.8928,-24.4589,1,3,0,172,0.47,66.8918,-24.4391,6.1,mn,5,1,1567,357,"NW,14",20/07/2007 09:02,2007,7,d
313,V,20070720,90955,66.8947,-24.5092,1,3,0,423,1.19,66.8928,-24.4589,6.1,mn,4,1,500,335,"NW,14",20/07/2007 09:09,2007,7,d
314,V,20070720,91206,66.8951,-24.5249,1,3,0,131,0.37,66.8947,-24.5092,6.1,ll,15,1,2613,310,"NW,14",20/07/2007 09:12,2007,7,d
315,V,20070720,91454,66.8957,-24.545,1,3,0,168,0.475,66.8951,-24.5249,6.1,mn,2,1,500,315,"NW,14",20/07/2007 09:14,2007,7,d
316,V,20070720,91526,66.8958,-24.549,1,3,0,32,0.094,66.8957,-24.545,6.1,mn,1,1,600,48,"NW,14",20/07/2007 09:15,2007,7,d
317,V,20070720,91624,66.896,-24.556,1,3,0,58,0.165,66.8958,-24.549,6.1,mn,2,1,1690,6,"NW,14",20/07/2007 09:16,2007,7,d
318,V,20070720,91853,66.8964,-24.5737,1,3,0,149,0.417,66.896,-24.556,6.1,mn,1,1,3388,355,"NW,14",20/07/2007 09:18,2007,7,d
319,V,20070720,92827,66.898,-24.6422,1,3,0,574,1.616,66.8964,-24.5737,6.1,mn,1,1,650,294,"NW,14",20/07/2007 09:28,2007,7,d
320,V,20070720,92840,66.898,-24.6437,1,3,0,13,0.035,66.898,-24.6422,6.1,mn,3,1,1806,330,"NW,14",20/07/2007 09:28,2007,7,d
321,V,20070720,92934,66.8982,-24.6502,1,3,0,54,0.153,66.898,-24.6437,6.1,mn,1,1,700,280,"NW,14",20/07/2007 09:29,2007,7,d
322,V,20070720,93344,66.899,-24.68,1,3,0,147,0.413,66.8985,-24.6625,6.1,mn,1,1,1500,33,"NW,14",20/07/2007 09:33,2007,7,d
323,V,20070720,93809,66.9001,-24.7121,1,3,0,265,0.759,66.899,-24.68,6.1,ll,7,1,2613,40,"NW,14",20/07/2007 09:38,2007,7,d
324,V,20070720,94155,66.901,-24.7394,1,5,0,177,0.506,66.9002,-24.718,6.1,ll,10,1,764,348,"NW,14",20/07/2007 09:41,2007,7,d
325,V,20070720,94448,66.9017,-24.7602,1,5,1,169,0.479,66.9011,-24.7399,6.1,mn,1,1,764,300,"NW,14",20/07/2007 09:44,2007,7,d
326,V,20070720,94752,66.9026,-24.783,1,5,1,184,0.539,66.9017,-24.7602,6.1,mn,1,1,4800,320,"NW,14",20/07/2007 09:47,2007,7,d
327,V,20070720,100025,66.9049,-24.875,1,5,1,753,2.17,66.9026,-24.783,6.1,mn,2,1,2270,270,"NW,14",20/07/2007 10:00,2007,7,d
328,V,20070722,190209,65.8879,-27.6698,4,4,0,20,0.053,65.8881,-27.6719,6.1,mn,2,1,4632,82,"NW,16",22/07/2007 19:02,2007,7,d
329,V,20070722,190712,65.8852,-27.6382,4,4,0,303,0.791,65.8879,-27.6698,6.1,ll,8,1,250,34,"NW,16",22/07/2007 19:07,2007,7,d
330,V,20070722,192701,65.8734,-27.5135,4,4,0,1104,2.917,65.8844,-27.6294,6.2,bp,1,1,2705,83,"NW,16",22/07/2007 19:27,2007,7,d
331,V,20070722,192848,65.8722,-27.5023,4,4,0,107,0.284,65.8734,-27.5135,6.2,mn,1,1,2613,0,"NW,16",22/07/2007 19:28,2007,7,d
332,V,20070722,194709,65.8599,-27.3867,3,3,1,561,1.48,65.8661,-27.4451,6.2,pm,1,1,500,270,"NW,16",22/07/2007 19:47,2007,7,d
333,V,20070722,200810,65.8499,-27.2882,3,3,0,358,0.96,65.8552,-27.3251,6.1,mn,1,1,2595,90,"NW,16",22/07/2007 20:08,2007,7,d
334,A,20150715,54610,65.139,-9.57177,3,2,5,2770,7.831,65.139,-9.26133,5.7,ba,1,1,250,55,IE4,15/07/2015 05:46,2015,7,d
335,A,20150715,54930,65.139,-9.59375,3,2,5,200,0.554,65.139,-9.57177,5.7,ba,1,1,3092,85,IE4,15/07/2015 05:49,2015,7,d
336,A,20150715,55310,65.139,-9.61758,3,2,5,220,0.601,65.139,-9.59375,5.7,ba,1,1,900,48,IE4,15/07/2015 05:53,2015,7,d
337,A,20150715,55610,65.139,-9.63744,3,2,5,180,0.501,65.139,-9.61758,5.7,ba,1,1,1900,31,IE4,15/07/2015 05:56,2015,7,d
338,A,20150715,63109,65.138,-9.86766,3,2,5,2099,5.808,65.139,-9.63744,5.7,ba,1,1,832,335,IE4,15/07/2015 06:31,2015,7,d
339,A,20150715,72128,65.1361,-10.2117,3,2,5,508,1.557,65.137,-10.15,5.7,ba,1,1,100,344,ICE4,15/07/2015 07:21,2015,7,d
340,A,20150715,73010,65.136,-10.2694,3,2,5,490,1.347,65.136,-10.216,5.7,ba,1,1,1415,7,ICE4,15/07/2015 07:30,2015,7,d
341,A,20150715,75500,65.135,-10.4455,3,2,5,1490,4.443,65.136,-10.2694,5.7,ba,1,1,150,7,ICE4,15/07/2015 07:55,2015,7,d
342,A,20150715,132603,65.141,-12.293,2,3,3,4863,15.108,65.143,-11.694,5.7,oo,1,1,1250,348,ICE4,15/07/2015 13:26,2015,7,d
343,A,20150715,134540,65.14,-12.4343,2,3,3,1177,3.565,65.141,-12.293,5.7,oo,3,1,2222,301,ICE4,15/07/2015 13:45,2015,7,d
344,A,20150715,134657,65.14,-12.4446,2,3,3,77,0.26,65.14,-12.4343,5.7,oo,5,1,4037,270,ICE4,15/07/2015 13:46,2015,7,d
345,A,20150715,134735,65.1399,-12.4487,2,3,3,38,0.104,65.14,-12.4446,5.7,oo,2,1,1265,290,ICE4,15/07/2015 13:47,2015,7,d
346,A,20150715,134927,65.1395,-12.4609,2,3,3,112,0.309,65.1399,-12.4487,5.7,oo,7,1,3092,275,ICE4,15/07/2015 13:49,2015,7,d
347,A,20150715,140055,65.139,-12.5429,2,3,3,688,2.069,65.1395,-12.4609,5.7,ba,1,1,1692,22,ICE4,15/07/2015 14:00,2015,7,d
348,A,20150715,143710,65.137,-12.801,2,3,3,2175,6.512,65.139,-12.5429,5.7,mn,1,1,2222,337,ICE4,15/07/2015 14:37,2015,7,d
349,A,20150715,144350,65.1368,-12.8456,2,3,3,400,1.125,65.137,-12.801,5.7,ba,1,1,1415,328,ICE4,15/07/2015 14:43,2015,7,d
350,A,20150715,152710,65.1343,-13.1553,1,7,1,1870,5.483,65.136,-12.938,5.7,ba,2,1,300,5,ICE4,15/07/2015 15:27,2015,7,d
351,A,20150715,152824,65.1346,-13.1556,1,7,1,74,0.02,65.1343,-13.1553,5.7,ba,1,1,1666,320,ICE4,15/07/2015 15:28,2015,7,d
352,A,20150715,152850,65.1347,-13.1557,1,7,1,26,0.007,65.1346,-13.1556,5.7,ba,1,1,1666,300,ICE4,15/07/2015 15:28,2015,7,d
353,A,20150715,182813,65.2712,-13.377,3,7,0.5,73,0.192,65.268,-13.377,5.7,ba,2,1,150,6,ICE4x,15/07/2015 18:28,2015,7,d
354,A,20150715,183820,65.3019,-13.3769,3,7,0.5,607,1.842,65.2712,-13.377,5.7,ba,3,1,250,5,ICE4x,15/07/2015 18:38,2015,7,d
355,A,20150715,200821,65.5851,-13.379,3,9,2,501,1.494,65.5602,-13.379,5.9,ba,1,1,850,39,ICE4x,15/07/2015 20:08,2015,7,d
356,A,20150715,201140,65.5957,-13.379,3,9,2,199,0.636,65.5851,-13.379,5.9,ba,1,1,1012,82,ICE4x,15/07/2015 20:11,2015,7,d
357,A,20150715,202800,65.6436,-13.378,3,9,2,980,2.874,65.5957,-13.379,5.9,ba,1,1,200,321,ICE4x,15/07/2015 20:28,2015,7,d
358,A,20150716,51530,66.0807,-11.2677,4,4,4,680,2.013,66.0817,-11.3504,5.8,gm,1,1,962,3,ICE5,16/07/2015 05:15,2015,7,d
359,A,20150716,60910,66.076,-10.8805,4,4,4,2630,7.623,66.0799,-11.1937,5.8,mn,1,1,1500,12,ICE5,16/07/2015 06:09,2015,7,d
360,A,20150716,81106,66.062,-9.99465,4,4,1,786,2.349,66.064,-10.091,5.4,oo,6,1,1073,308,IE5,16/07/2015 08:11,2015,7,d
361,A,20150717,100304,66.961,-9.17357,5,4,4,2782,8.534,66.957,-8.81035,5.5,mn,1,1,4037,5,IE6,17/07/2015 10:03,2015,7,d
362,A,20150717,105313,66.964,-9.58202,6,4,4,2893,9.202,66.961,-9.1902,5.5,ha,2,1,1500,270,IE6,17/07/2015 10:53,2015,7,d
363,A,20150717,193317,66.9704,-13.0409,4,4,1,917,2.73,66.971,-12.9246,5.5,bp,1,1,1500,11,ICEN1,17/07/2015 19:33,2015,7,d
364,A,20150717,194420,66.97,-13.1263,4,4,1,663,2.005,66.9704,-13.0409,5.5,bp,1,1,2592,270,ICEN1,17/07/2015 19:44,2015,7,d
365,A,20150718,51200,67.7196,-15.013,4,4,5,720,2.148,67.6838,-15.013,5.8,bp,1,1,894,11,IEN1,18/07/2015 05:12,2015,7,d
366,A,20150718,51216,67.7204,-15.013,4,4,5,16,0.048,67.7196,-15.013,5.8,bp,1,1,3018,34,IEN1,18/07/2015 05:12,2015,7,d
367,A,20150718,55830,67.8597,-15.0167,4,4,5,2774,8.358,67.7204,-15.013,5.8,bp,1,1,1073,280,IEN1,18/07/2015 05:58,2015,7,d
368,A,20150718,120515,67.88,-12.766,5,9,3,135,0.413,67.88,-12.7843,5.6,oo,9,1,400,12,IEN1,18/07/2015 12:05,2015,7,d
369,A,20150718,202510,67.884,-9.47273,5,4,2,1510,4.542,67.887,-9.67366,5.8,ha,5,1,1250,37,IEN1,18/07/2015 20:25,2015,7,d
370,A,20150720,182240,66.867,-16.6022,6,4,2,92,0.295,66.8719,-16.6034,5.6,ll,2,1,1500,340,ICEN2,20/07/2015 18:22,2015,7,d
371,A,20150720,184620,66.7959,-16.5868,6,4,2,1420,4.281,66.867,-16.6022,5.6,mn,1,1,2222,333,ICEN2,20/07/2015 18:46,2015,7,d
372,A,20150721,53639,66.4858,-18.957,5,4,2.5,99,0.282,66.4811,-18.9571,5.9,ba,1,1,355,270,ICN3,21/07/2015 05:36,2015,7,d
373,A,20150721,60710,66.5777,-18.9543,5,4,2.5,1630,4.944,66.4953,-18.957,5.9,mn,1,1,2222,275,ICN3,21/07/2015 06:07,2015,7,d
374,A,20150721,62910,66.6424,-18.953,5,4,2.5,1320,3.882,66.5777,-18.9543,5.9,mn,2,1,2222,335,ICN3,21/07/2015 06:29,2015,7,d
375,A,20150721,71300,66.7734,-18.949,5,4,2.5,2630,7.861,66.6424,-18.953,5.9,bp,1,1,1500,0,ICN3,21/07/2015 07:13,2015,7,d
376,A,20150721,72020,66.7952,-18.949,5,4,2.5,200,0.564,66.7858,-18.949,5.9,ba,1,1,150,90,ICN3,21/07/2015 07:20,2015,7,d
377,A,20150721,131731,67.6024,-18.9647,5,4,3,595,1.578,67.5761,-18.9653,5.7,ba,1,1,1265,29,ICN3,21/07/2015 13:17,2015,7,d
378,A,20150721,134017,67.6601,-18.9622,5,4,3,1037,2.706,67.615,-18.964,5.7,bp,2,1,2222,24,ICN3,21/07/2015 13:40,2015,7,d
379,A,20150721,135510,67.6984,-18.9609,5,4,3,120,0.318,67.6931,-18.961,5.7,ll,6,1,50,280,ICN3,21/07/2015 13:55,2015,7,d
380,A,20150721,142600,67.7741,-18.9584,5,4,3,55,0.126,67.772,-18.9585,5.7,bp,1,1,300,88,IRN,21/07/2015 14:26,2015,7,d
381,A,20150722,71300,67.54,-21.287,5,8,2,780,2.4,67.58,-21.2872,5.8,bp,1,1,2222,350,ICN3,22/07/2015 07:13,2015,7,d
382,A,20150722,132019,66.6359,-21.195,4,9,1,1099,3.554,66.695,-21.185,5.6,mn,3,1,690,40,ICN3,22/07/2015 13:20,2015,7,d
383,A,20150722,132100,66.6336,-21.1952,4,9,1,41,0.138,66.6359,-21.195,5.6,mn,2,1,250,25,ICN3,22/07/2015 13:21,2015,7,d
384,A,20150722,132218,66.6291,-21.1954,4,9,1,78,0.27,66.6336,-21.1952,5.6,mn,1,1,620,18,ICN3,22/07/2015 13:22,2015,7,d
385,A,20150722,133000,66.604,-21.198,4,8,3,0,0,66.604,-21.198,5.6,mn,3,1,200,65,ICN3,22/07/2015 13:30,2015,7,d
386,A,20150722,133050,66.6011,-21.1983,4,8,3,50,0.174,66.604,-21.198,5.6,mn,1,1,2222,85,ICN3,22/07/2015 13:30,2015,7,d
387,A,20150722,135140,66.5348,-21.2041,4,8,3,1250,3.98,66.6011,-21.1983,5.6,mn,1,1,2222,89,ICN3,22/07/2015 13:51,2015,7,d
388,A,20150722,140510,66.4906,-21.2078,4,8,3,187,0.6,66.5006,-21.2072,5.6,ll,2,1,2222,282,ICN3,22/07/2015 14:05,2015,7,d
389,A,20150722,140534,66.4893,-21.2079,4,8,3,24,0.078,66.4906,-21.2078,5.6,mn,2,1,2592,80,ICN3,22/07/2015 14:05,2015,7,d
390,A,20150722,141330,66.4625,-21.21,4,8,3,219,0.745,66.4749,-21.2087,5.6,bp,1,1,2222,325,ICN3,22/07/2015 14:13,2015,7,d
391,A,20150723,153118,66.8171,-23.483,5,3,5,8,0.024,66.8167,-23.4829,5.3,bp,2,1,300,25,ICN4,23/07/2015 15:31,2015,7,d
392,A,20150723,161811,66.9561,-23.5204,5,3,5,2813,8.387,66.8171,-23.483,5.3,ll,3,1,200,20,ICN4,23/07/2015 16:18,2015,7,d
393,A,20150723,180700,67.275,-23.606,3,3,5,60,0.163,67.2723,-23.6051,5.3,pm,3,1,4630,332,ICN4,23/07/2015 18:07,2015,7,d
394,A,20150723,181720,67.3058,-23.6143,3,3,5,620,1.858,67.275,-23.606,5.3,pm,1,1,4630,267,ICN4,23/07/2015 18:17,2015,7,d
395,A,20150723,201032,67.411,-23.733,2,2,5,452,1.377,67.3882,-23.74,5.3,mn,1,1,3092,3,ICN4,23/07/2015 20:10,2015,7,d
396,A,20150723,201832,67.4355,-23.7255,2,2,5,480,1.48,67.411,-23.733,5.3,mn,1,1,1519,20,ICN4,23/07/2015 20:18,2015,7,d
397,A,20150723,202500,67.4542,-23.72,2,2,5,360,1.051,67.4368,-23.7251,5.3,mn,1,1,3018,2,ICN4,23/07/2015 20:25,2015,7,d
398,A,20150723,202559,67.4573,-23.719,2,2,5,59,0.187,67.4542,-23.72,5.3,mn,2,1,5556,9,ICN4,23/07/2015 20:25,2015,7,d
399,A,20150723,203003,67.4705,-23.7149,2,2,5,244,0.798,67.4573,-23.719,5.3,mn,3,1,5556,300,ICN4,23/07/2015 20:30,2015,7,d
400,A,20150723,203004,67.4706,-23.7149,2,2,5,1,0.006,67.4705,-23.7149,5.3,mn,1,1,1690,300,ICN4,23/07/2015 20:30,2015,7,d
401,A,20150723,203958,67.4999,-23.706,2,2,5,418,1.166,67.4806,-23.712,5.3,mn,2,1,1012,270,ICN4,23/07/2015 20:39,2015,7,d
402,A,20150723,204127,67.5049,-23.7045,2,2,5,88,0.296,67.5,-23.706,5.3,mn,2,1,2222,331,IRN4,23/07/2015 20:41,2015,7,d
403,A,20150723,204200,67.5068,-23.704,2,2,5,33,0.115,67.5049,-23.7045,5.3,mn,3,1,1073,80,IRN4,23/07/2015 20:42,2015,7,d
404,A,20150723,205100,67.533,-23.696,2,2,5,540,1.583,67.5068,-23.704,5.3,mn,1,1,1012,270,IRN4,23/07/2015 20:51,2015,7,d
405,A,20150723,210300,67.5688,-23.6841,2,2,5,86,0.254,67.5646,-23.6855,5.3,mn,1,1,3629,273,IRN4,23/07/2015 21:03,2015,7,d
406,A,20150723,210530,67.5759,-23.682,2,2,5,150,0.429,67.5688,-23.6841,5.3,mn,2,1,3944,340,IRN4,23/07/2015 21:05,2015,7,d
407,A,20150723,210912,67.5862,-23.679,2,2,5,222,0.622,67.5759,-23.682,5.3,mn,3,1,1265,306,IRN4,23/07/2015 21:09,2015,7,d
408,A,20150723,211810,67.6131,-23.67,2,2,5,273,0.92,67.5979,-23.6753,5.3,mn,2,1,3629,324,IRN4,23/07/2015 21:18,2015,7,d
409,A,20150723,212720,67.6386,-23.662,2,2,5,260,0.725,67.6266,-23.6656,5.3,mn,3,1,1690,295,IRN4,23/07/2015 21:27,2015,7,d
410,A,20150723,213200,67.6522,-23.658,2,2,5,280,0.821,67.6386,-23.662,5.3,mn,2,1,750,8,IRN4,23/07/2015 21:32,2015,7,d
411,A,20150723,213720,67.6687,-23.6528,2,2,5,320,0.997,67.6522,-23.658,5.3,mn,2,1,3018,34,IRN4,23/07/2015 21:37,2015,7,d
412,A,20150723,214453,67.6896,-23.6461,2,2,5,453,1.263,67.6687,-23.6528,5.3,mn,4,1,3018,46,IRN4,23/07/2015 21:44,2015,7,d
413,A,20150723,215510,67.7181,-23.636,2,2,5,617,1.725,67.6896,-23.6461,5.3,mn,1,1,1265,49,IRN4,23/07/2015 21:55,2015,7,d
414,A,20150723,215510,67.7181,-23.636,2,2,5,0,0,67.7181,-23.636,5.3,mn,1,1,3944,21,IRN4,23/07/2015 21:55,2015,7,d
415,A,20150723,215747,67.725,-23.6338,2,2,5,82,0.217,67.7214,-23.6349,5.3,mn,2,1,3944,90,IRN4,23/07/2015 21:57,2015,7,d
416,A,20150723,215748,67.7251,-23.6338,2,2,5,1,0.006,67.725,-23.6338,5.3,mn,1,1,13890,90,IRN4,23/07/2015 21:57,2015,7,d
417,A,20150723,215749,67.7251,-23.6338,2,2,5,1,0,67.7251,-23.6338,5.3,mn,2,1,5556,90,IRN4,23/07/2015 21:57,2015,7,d
418,A,20150723,220000,67.731,-23.632,2,2,5,131,0.356,67.7251,-23.6338,5.3,mn,1,1,2592,90,IRN4,23/07/2015 22:00,2015,7,d
419,A,20150723,220000,67.731,-23.632,2,2,5,0,0,67.731,-23.632,5.3,mn,1,1,1900,85,IRN4,23/07/2015 22:00,2015,7,d
420,A,20150723,220110,67.7349,-23.6308,2,2,5,70,0.236,67.731,-23.632,5.3,mn,1,1,2222,90,IRN4,23/07/2015 22:01,2015,7,d
421,A,20150723,220616,67.7513,-23.6261,2,2,5,306,0.99,67.7349,-23.6308,5.3,mn,1,1,3944,12,IRN4,23/07/2015 22:06,2015,7,d
422,A,20150724,94545,66.384,-26.0246,3,4,4,1005,3.14,66.4363,-26.0288,5.2,mn,1,1,600,40,ICN5,24/07/2015 09:45,2015,7,d
423,A,20150724,95950,66.3371,-26.0196,3,4,4,120,0.396,66.3437,-26.0204,5.2,ll,8,1,1073,25,ICN5,24/07/2015 09:59,2015,7,d
424,A,20150724,100510,66.3196,-26.0178,3,4,4,320,1.051,66.3371,-26.0196,5.2,ll,5,1,2222,77,ICN5,24/07/2015 10:05,2015,7,d
425,A,20150724,100736,66.3128,-26.0174,3,4,4,146,0.408,66.3196,-26.0178,5.2,ll,5,1,800,72,ICN5,24/07/2015 10:07,2015,7,d
426,A,20150724,100802,66.3115,-26.0173,3,4,4,26,0.078,66.3128,-26.0174,5.2,ll,3,1,800,5,ICN5,24/07/2015 10:08,2015,7,d
427,A,20150724,100950,66.3064,-26.017,3,4,4,108,0.306,66.3115,-26.0173,5.2,gm,9,1,800,287,ICN5,24/07/2015 10:09,2015,7,d
428,A,20150724,101507,66.2896,-26.0149,3,4,4,317,1.009,66.3064,-26.017,5.2,gm,15,1,680,270,ICN5,24/07/2015 10:15,2015,7,d
429,A,20150724,105735,66.1581,-26.004,3,4,4,140,0.396,66.1647,-26.0044,5.2,pm,1,1,2222,45,ICN5,24/07/2015 10:57,2015,7,d
430,A,20150724,110340,66.1382,-26.0027,3,4,4,220,0.72,66.1502,-26.0036,5.2,mn,2,1,2592,140,ICN5,24/07/2015 11:03,2015,7,d
431,A,20150724,110958,66.1212,-26.0006,3,4,4,378,1.021,66.1382,-26.0027,5.2,mn,1,1,832,160,ICN5,24/07/2015 11:09,2015,7,d
432,A,20150724,115300,65.9936,-25.9901,3,4,4,578,1.747,66.0227,-25.9919,5.2,pm,1,1,2592,305,ICN5,24/07/2015 11:53,2015,7,d
433,A,20150724,170803,65.9902,-27.1633,3,3,2,483,1.608,65.9758,-27.1078,5.2,bm,1,1,1265,332,ICW1m,24/07/2015 17:08,2015,7,d
434,A,20150724,172217,66.0126,-27.2559,3,3,2,54,0.175,66.0112,-27.2496,5.2,mn,2,1,4630,300,ICW1m,24/07/2015 17:22,2015,7,d
435,A,20150724,172511,66.0173,-27.2762,3,3,2,174,0.57,66.0126,-27.2559,5.2,gm,30,1,894,355,ICW1m,24/07/2015 17:25,2015,7,d
436,A,20150724,172616,66.0192,-27.2838,3,3,2,65,0.218,66.0173,-27.2762,5.2,bp,2,1,690,329,ICW1m,24/07/2015 17:26,2015,7,d
437,A,20150724,172750,66.0221,-27.2948,3,3,2,94,0.32,66.0192,-27.2838,5.2,gm,5,1,100,90,ICW1m,24/07/2015 17:27,2015,7,d
438,A,20150724,172910,66.0245,-27.3041,3,3,2,80,0.269,66.0221,-27.2948,5.2,gm,3,1,574,293,ICW1m,24/07/2015 17:29,2015,7,d
439,B,20150719,70900,67.3681,-26.1107,1,4,9,4140,11.675,67.1787,-26.2257,5.5,mn,1,1,2011,7,INW25,19/07/2015 07:09,2015,7,d
440,B,20150719,71100,67.3739,-26.1081,1,4,9,120,0.353,67.3681,-26.1107,5.5,mn,1,1,1341,17,INW25,19/07/2015 07:11,2015,7,d
441,B,20150719,71101,67.3739,-26.108,1,4,9,1,0.002,67.3739,-26.1081,5.5,mn,2,1,2011,22,INW25,19/07/2015 07:11,2015,7,d
442,B,20150719,71102,67.3739,-26.108,1,4,9,1,0,67.3739,-26.108,5.5,mn,1,1,2302,51,INW25,19/07/2015 07:11,2015,7,d
443,B,20150719,82100,67.5005,-26.0364,1,4,9,1860,5.287,67.415,-26.0919,5.7,mn,7,1,2884,67,INW25,19/07/2015 08:21,2015,7,d
444,B,20150719,90200,67.6218,-25.9917,2,4,7,120,0.397,67.6152,-25.9926,5.7,ba,1,1,3256,60,INW25,19/07/2015 09:02,2015,7,d
445,B,20150719,92700,67.6995,-25.9547,2,4,7,1500,4.738,67.6218,-25.9917,5.7,bm,1,1,2011,74,INW25,19/07/2015 09:27,2015,7,d
446,B,20150719,160000,67.6664,-24.2261,4,9,7,4800,14.316,67.8014,-24.7468,5.9,mn,1,1,1060,140,INW16,19/07/2015 16:00,2015,7,d
447,B,20150719,162700,67.6397,-24.127,5,4,8,840,2.19,67.6583,-24.2096,5.9,mn,1,1,800,5,INR16,19/07/2015 16:27,2015,7,d
448,B,20150719,163500,67.6397,-24.1269,5,4,8,480,0.002,67.6397,-24.127,5.9,pm,1,1,2884,52,INR16,19/07/2015 16:35,2015,7,d
449,B,20150719,163500,67.6397,-24.1269,5,4,8,0,0,67.6397,-24.1269,5.9,mn,5,1,1512,50,INR16,19/07/2015 16:35,2015,7,d
450,B,20150719,165000,67.6656,-24.0466,5,4,8,180,0.405,67.659,-24.0503,5.9,mn,2,1,2228,80,INR15,19/07/2015 16:50,2015,7,d
451,B,20150719,193300,67.9732,-23.8558,5,4,8,1080,2.405,67.9335,-23.8705,5.5,mn,1,1,120,85,INR15,19/07/2015 19:33,2015,7,d
452,B,20150725,134100,65.3519,-24.465,3,1,9,3060,8.331,65.4859,-24.5527,5.5,ba,1,1,262,318,ICBf,25/07/2015 13:41,2015,7,d
453,B,20150725,134800,65.3334,-24.4501,4,1,9,179,0.496,65.3413,-24.456,5.5,ll,10,1,4140,340,ICBf,25/07/2015 13:48,2015,7,d
454,B,20150725,135000,65.3281,-24.4463,4,1,9,120,0.332,65.3334,-24.4501,5.5,ll,24,1,200,45,ICBf,25/07/2015 13:50,2015,7,d
455,B,20150725,135000,65.3281,-24.4463,4,1,9,0,0,65.3281,-24.4463,5.5,ll,7,1,4140,42,ICBf,25/07/2015 13:50,2015,7,d
456,B,20150725,135600,65.3119,-24.4356,4,1,9,360,1.008,65.3281,-24.4463,5.5,ba,1,1,2884,2,ICBf,25/07/2015 13:56,2015,7,d
457,B,20150725,140900,65.2767,-24.4105,4,1,9,780,2.204,65.3119,-24.4356,5.5,ba,1,1,1009,310,ICBf,25/07/2015 14:09,2015,7,d
458,B,20150725,141300,65.2658,-24.4028,4,1,9,240,0.682,65.2767,-24.4105,5.5,ba,1,1,878,90,ICBf,25/07/2015 14:13,2015,7,d
459,B,20150725,141500,65.2603,-24.3988,4,1,9,120,0.345,65.2658,-24.4028,5.5,ll,8,1,1852,85,ICBf,25/07/2015 14:15,2015,7,d
460,B,20150725,142900,65.2212,-24.3714,4,1,9,120,0.362,65.227,-24.3754,5.5,ba,1,1,400,55,ICBf,25/07/2015 14:29,2015,7,d
461,B,20150725,154300,65.0189,-24.2178,4,1,9,780,2.143,65.053,-24.243,5.9,ba,1,1,1074,353,ICBf,25/07/2015 15:43,2015,7,d
462,B,20150725,154345,65.0169,-24.2165,4,1,9,45,0.124,65.0189,-24.2178,5.9,ba,1,1,350,300,ICBf,25/07/2015 15:43,2015,7,d
