"","fid","PA","Lat","Long","bat","mldJuly","mldJune","mldMay","mldApril","sstJuly","sstJune","sstMay","sstApril","chlorJuly","chlorJune","chlorMay","chlorApril"
"1",4,0,67.9583333333333,-16.4583333333333,-1104,10.83407,13.58074,13.73333,50.35554,277.74075,274.81519,273.24948,273.25174,0.26065,0.70224,0.29511,0.22973
"2",5,0,67.9583333333333,-16.375,-1235,10.83407,13.88592,14.49629,53.40739,277.79788,274.87708,273.27982,273.24847,0.26964,0.71127,0.30367,0.23822
"3",10,1,67.9583333333333,-12.375,-1843,10.83407,14.3437,26.39851,137.02811,279.25021,275.44135,273.45523,272.53534,1.52792,0.27171,0.84843,0.39922
"4",11,0,67.9583333333333,-11.5416666666667,-1874,10.68148,13.42814,32.19703,261.84882,279.31775,275.88062,273.42136,272.69537,1.09542,0.25116,0.80189,0.30543
"5",12,0,67.9583333333333,-11.4583333333333,-1881,10.68148,13.42814,31.89184,263.52734,279.35675,275.89368,273.43875,272.70895,1.41454,0.24803,0.7127,0.37172
"6",13,0,67.9583333333333,-11.375,-1887,10.68148,13.42814,31.73925,264.59549,279.397,275.89362,273.4649,272.71802,1.20652,0.25634,0.67778,0.36402
"7",14,0,67.9583333333333,-11.2916666666667,-1883,10.68148,13.42814,31.58666,265.35846,279.43698,275.88116,273.49533,272.72479,1.12228,0.25414,0.65733,0.39023
"8",15,0,67.9583333333333,-11.2083333333333,-1864,10.68148,13.42814,31.73925,268.10513,279.47186,275.86465,273.52563,272.73138,0.83886,0.26069,0.7289,0.37652
"9",16,0,67.9583333333333,-11.125,-1859,10.68148,13.42814,31.89184,272.83548,279.50879,275.85193,273.5542,272.74295,0.57356,0.25206,0.71352,0.36775
"10",17,1,67.9583333333333,-11.0416666666667,-1770,10.68148,13.58074,32.19703,281.99103,279.5358,275.84531,273.58176,272.75745,0.56666,0.24608,0.68049,0.34426
"11",21,1,67.875,-17.7916666666667,-1107,11.13926,11.90222,14.03852,59.81628,277.90485,274.87964,273.59048,273.75824,0.29582,0.56066,0.1983,0.23462
"12",22,0,67.875,-16.2916666666667,-1084,10.83407,13.58074,19.22666,80.72146,278.29889,275.08167,273.28082,273.34396,0.34717,0.54694,0.28022,0.26134
"13",23,0,67.875,-16.2083333333333,-1107,10.83407,13.58074,19.83703,81.02665,278.36761,275.10712,273.3551,273.05453,0.35262,0.56137,0.29785,0.26305
"14",24,1,67.875,-12.875,-1839,10.68148,13.88592,24.71999,114.90219,279.27264,275.49911,273.539,272.60666,0.82495,0.26985,0.80286,0.35073
"15",25,1,67.875,-12.7916666666667,-1839,10.68148,13.88592,24.71999,114.13923,279.33102,275.51013,273.54816,272.60654,1.02666,0.27443,0.79651,0.35293
"16",26,1,67.875,-12.7083333333333,-1836,10.83407,14.03852,25.17777,120.24294,279.37247,275.52023,273.55569,272.60684,1.40227,0.27305,0.77181,0.34164
"17",27,0,67.875,-10.9583333333333,-1896,10.68148,13.27555,31.89184,278.17624,279.62173,276.02112,273.62442,272.81705,0.61758,0.25159,0.7279,0.31913
"18",28,0,67.875,-10.875,-1894,10.68148,13.27555,33.11258,293.13031,279.63672,276.04379,273.63895,272.82996,0.70957,0.25495,0.69722,0.33069
"19",29,0,67.875,-10.7916666666667,-1896,10.68148,13.27555,34.18073,309.15253,279.64108,276.06912,273.65891,272.84024,0.79233,0.26653,0.7218,0.32186
"20",30,0,67.875,-10.5416666666667,-1930,10.68148,13.12296,39.67406,322.58066,279.64175,276.14844,273.7326,272.86514,0.85418,0.28812,0.83011,0.29438
"21",35,1,67.7916666666667,-17.875,-1060,11.13926,12.66518,15.10666,66.07258,278.04926,275.21121,273.89841,273.96564,0.3452,0.60593,0.37353,0.22389
"22",36,1,67.7916666666667,-17.7916666666667,-1073,11.13926,12.97037,15.10666,80.41628,278.08615,275.19666,273.84613,273.91812,0.37065,0.69039,0.35151,0.23176
"23",37,0,67.7916666666667,-16.125,-993,10.83407,13.58074,23.95703,113.37627,278.83658,275.28775,273.75662,273.5903,0.3653,0.67366,0.30315,0.26031
"24",38,0,67.7916666666667,-16.0416666666667,-988,10.68148,13.73333,24.87259,113.22368,278.83603,275.22552,273.84967,273.59814,0.35642,0.59184,0.30271,0.26179
"25",39,0,67.7916666666667,-13.2083333333333,-1632,10.68148,14.3437,24.26222,119.17478,278.73627,275.40164,273.54666,272.62769,0.57323,0.25634,0.87555,0.39084
"26",40,0,67.7916666666667,-13.125,-1676,10.68148,14.19111,24.10962,119.17478,278.86606,275.45953,273.56705,272.62201,0.76867,0.27658,0.89148,0.36268
"27",41,0,67.7916666666667,-13.0416666666667,-1709,10.68148,14.03852,24.10962,119.78516,279.00137,275.51587,273.58469,272.61557,0.68251,0.27466,0.91842,0.34677
"28",42,1,67.7916666666667,-12.9583333333333,-1805,10.68148,13.88592,24.26222,123.90515,279.13626,275.5625,273.59998,272.6088,0.58121,0.2701,0.95801,0.34147
"29",43,0,67.7916666666667,-12.875,-1828,10.83407,14.03852,24.41481,126.34663,279.24646,275.60886,273.61435,272.60623,0.52037,0.26793,0.97264,0.34054
"30",44,0,67.7916666666667,-10.4583333333333,-1883,10.68148,12.97037,40.43703,297.55548,279.64005,276.24176,273.75198,272.86884,0.75031,0.28346,0.95524,0.32208
"31",45,0,67.7916666666667,-10.375,-1943,10.68148,13.12296,42.26814,288.24734,279.65521,276.24387,273.7775,272.88794,0.64253,0.27888,0.72662,0.30165
"32",46,0,67.7916666666667,-10.2916666666667,-1688,10.68148,13.12296,44.25184,270.39401,279.67798,276.25436,273.79987,272.90747,0.58466,0.28265,0.65116,0.30069
"33",47,0,67.7916666666667,-10.2083333333333,-1442,10.83407,13.12296,47.1511,268.86807,279.70261,276.26303,273.81665,272.92798,0.61555,0.28773,0.65454,0.28573
"34",48,0,67.7916666666667,-10.125,-1632,10.83407,13.27555,50.35554,270.85178,279.7272,276.28458,273.83051,272.9473,0.64992,0.28782,0.64165,0.29596
"35",49,0,67.7916666666667,-9.95833333333334,-1831,10.83407,13.42814,58.59554,249.33623,279.75754,276.33865,273.85211,272.98007,0.59113,0.29462,0.7417,0.3215
"36",50,0,67.7916666666667,-9.875,-1825,10.83407,13.58074,58.74813,238.95995,279.76395,276.36652,273.85925,272.99506,0.61925,0.28967,0.8816,0.31787
"37",53,1,67.7083333333333,-17.875,-1067,11.13926,13.27555,15.56444,76.60146,278.13861,275.47162,274.31229,274.12189,0.46727,0.62967,0.2544,0.25831
"38",54,0,67.7083333333333,-15.9583333333333,-927,10.68148,14.19111,26.85629,129.2459,278.96558,275.61935,274.4241,273.81787,0.41104,0.67584,0.33549,0.26225
"39",55,0,67.7083333333333,-15.875,-946,10.68148,14.19111,27.31407,128.02515,278.91132,275.59262,274.48416,273.69171,0.3724,0.66405,0.34909,0.2553
"40",56,0,67.7083333333333,-13.4583333333333,-1610,10.68148,14.80148,23.49925,114.90219,278.44958,275.27634,273.46054,272.64682,0.21537,0.29882,0.76888,0.37423
"41",57,0,67.7083333333333,-13.375,-1580,10.68148,14.64889,23.34666,117.49627,278.50803,275.32733,273.50681,272.64883,0.24482,0.27078,0.81646,0.37323
"42",58,0,67.7083333333333,-13.2916666666667,-1586,10.68148,14.49629,23.34666,120.39552,278.59387,275.37457,273.54648,272.64734,0.34796,0.26848,0.86281,0.38717
"43",59,1,67.7083333333333,-13.2083333333333,-1617,10.68148,14.3437,23.49925,127.87256,278.70172,275.42462,273.58191,272.64243,0.54707,0.2746,0.89957,0.37762
"44",60,0,67.7083333333333,-10.125,-1763,10.83407,13.12296,44.55703,268.5629,279.76453,276.34946,273.8743,273.01709,0.54144,0.27356,0.70555,0.301
"45",61,0,67.7083333333333,-10.0416666666667,-1767,10.83407,13.12296,46.23554,260.93326,279.78915,276.36874,273.88858,273.03311,0.52377,0.29778,0.71845,0.30006
"46",62,0,67.7083333333333,-9.29166666666667,-1481,10.68148,13.58074,36.77481,181.12737,279.784,276.64801,274.01144,273.10114,1.50927,0.27981,0.51881,0.28037
"47",63,0,67.7083333333333,-9.20833333333334,-1575,10.68148,13.73333,35.09629,164.64737,279.78741,276.66544,274.03061,273.12173,1.44027,0.27659,0.50792,0.29501
"48",66,1,67.625,-17.875,-1030,11.13926,13.73333,15.56444,92.47108,278.17603,275.78909,274.75195,274.43338,0.45406,0.68441,0.26105,0.24528
"49",67,0,67.625,-15.875,-883,10.83407,14.80148,25.63555,120.39552,279.07819,276.20062,274.94971,273.90305,0.39071,0.7556,0.34201,0.2668
"50",68,0,67.625,-15.7916666666667,-880,10.68148,14.80148,25.33036,119.93775,279.01648,276.22324,274.99332,273.89621,0.34172,0.70815,0.35448,0.26496
"51",69,1,67.625,-13.7083333333333,-1602,10.68148,15.41185,23.04148,106.35701,278.34482,275.11935,273.42249,272.61716,0.19065,0.27862,0.55107,0.34334
"52",70,0,67.625,-13.625,-1608,10.68148,15.25926,22.5837,110.17182,278.38126,275.18338,273.43546,272.63162,0.19376,0.27943,0.5928,0.34132
"53",71,0,67.625,-13.5416666666667,-1616,10.68148,14.95407,22.5837,112.7659,278.43015,275.24521,273.45959,272.64212,0.21577,0.27365,0.72359,0.36218
"54",72,0,67.625,-13.4583333333333,-1627,10.68148,14.80148,22.5837,116.42812,278.48898,275.30167,273.48825,272.64911,0.24818,0.28008,0.82517,0.36832
"55",73,0,67.625,-9.125,-1867,10.68148,13.27555,31.28147,151.677,279.88269,276.70474,274.1239,273.15628,0.95958,0.28068,0.61664,0.28364
"56",74,0,67.625,-9.04166666666667,-1827,10.68148,13.27555,30.51851,135.80737,279.91257,276.69226,274.13464,273.17639,1.4513,0.26716,0.59819,0.27135
"57",75,0,67.625,-8.95833333333334,-1763,10.68148,13.27555,30.06073,123.14219,279.94571,276.6799,274.14865,273.19482,1.399,0.2715,0.51437,0.28061
"58",79,0,67.5416666666667,-17.875,-1007,11.13926,14.03852,15.25926,131.38219,278.24966,276.15823,275.0769,274.59985,0.48696,0.79629,0.4887,0.23946
"59",80,0,67.5416666666667,-15.875,-850,10.83407,15.41185,22.5837,115.51257,279.37402,276.61099,275.22821,274.18411,0.47126,0.84771,0.34903,0.27164
"60",81,1,67.5416666666667,-15.7083333333333,-804,10.83407,15.41185,22.5837,117.49627,279.30914,276.66147,275.32068,274.11383,0.40228,0.91486,0.34232,0.26433
"61",82,1,67.5416666666667,-15.625,-811,10.83407,15.41185,22.73629,112.46072,279.27875,276.61609,275.3447,274.07642,0.40156,0.90152,0.34061,0.27347
"62",83,0,67.5416666666667,-14.0416666666667,-1572,10.68148,14.80148,22.12592,80.41628,278.4736,275.16483,273.59531,272.75363,0.21947,0.34683,0.44271,0.34199
"63",84,1,67.5416666666667,-13.9583333333333,-1620,10.68148,14.80148,21.66814,80.41628,278.39606,275.10461,273.55817,272.7012,0.20255,0.3262,0.48501,0.33907
"64",85,1,67.5416666666667,-13.875,-1608,10.68148,14.80148,21.51555,83.77332,278.36874,275.08792,273.53082,272.67661,0.19702,0.32792,0.5067,0.33207
"65",86,0,67.5416666666667,-13.7916666666667,-1615,10.68148,14.95407,21.36296,88.35109,278.3815,275.10788,273.51117,272.66296,0.2022,0.31927,0.52292,0.33501
"66",87,0,67.4583333333333,-21.7083333333333,-568,11.13926,11.59703,14.19111,46.08295,278.88788,276.75217,277.16235,275.20871,0.36956,0.77945,0.93519,0.24814
"67",88,0,67.4583333333333,-21.625,-577,10.83407,11.74963,14.64889,44.40443,278.97284,276.78323,276.79352,275.21225,0.35086,0.77824,1.01281,0.24293
"68",89,0,67.4583333333333,-17.9583333333333,-919,11.13926,14.19111,14.95407,163.8844,278.35406,276.52087,275.29581,274.69095,0.42498,0.69202,0.55443,0.27139
"69",90,0,67.4583333333333,-15.625,-764,11.13926,15.10666,24.87259,124.36293,279.84857,276.98523,275.51221,274.33691,0.54179,0.90561,0.47199,0.26856
"70",91,0,67.4583333333333,-14.2083333333333,-1069,10.83407,14.49629,21.51555,84.23109,279.1611,275.54877,273.99725,273.30502,0.23271,0.43376,0.38915,0.25555
"71",92,0,67.4583333333333,-14.125,-1123,10.83407,14.49629,21.21037,84.53628,278.95993,275.41589,273.89682,273.19974,0.22476,0.3688,0.36835,0.27703
"72",93,0,67.4583333333333,-14.0416666666667,-1151,10.83407,14.49629,20.75259,84.53628,278.78421,275.30234,273.80362,273.10403,0.22369,0.34575,0.4745,0.32092
"73",94,0,67.375,-21.875,-453,12.2074,12.51259,16.78518,145.4207,278.45959,277.04181,277.76666,275.93097,0.3959,0.65255,0.84423,0.25178
"74",95,0,67.375,-21.7916666666667,-461,12.2074,12.51259,17.09037,149.54071,278.49405,276.98364,277.67194,275.88678,0.41135,0.66978,0.76837,0.24762
"75",96,0,67.375,-17.9583333333333,-901,11.13926,14.49629,15.41185,136.41774,278.55908,276.7124,275.39999,274.87317,0.43252,0.73619,0.26745,0.26488
"76",97,1,67.375,-15.4583333333333,-610,11.59703,15.10666,28.38222,145.87848,280.51941,277.38907,275.75998,274.62155,0.50808,0.66245,0.88916,0.27325
"77",98,0,67.375,-15.375,-611,11.59703,15.10666,28.38222,137.18071,280.48703,277.35095,275.78647,274.60974,0.51826,0.62621,0.75555,0.28425
"78",99,1,67.375,-14.625,-921,11.29185,15.86963,24.87259,80.41628,280.14975,276.59659,275.25165,274.3855,0.43516,0.57075,0.35312,0.3012
"79",100,0,67.375,-14.5416666666667,-927,11.13926,16.17481,23.80444,80.41628,280.13956,276.4624,275.11765,274.32013,0.42136,0.49892,0.34501,0.26632
"80",101,0,67.375,-14.4583333333333,-954,11.13926,16.17481,22.88888,78.73775,280.09857,276.32956,274.98108,274.24512,0.38955,0.45318,0.34337,0.24552
"81",102,1,67.375,-14.375,-999,11.13926,15.71703,22.4311,76.75405,280.00623,276.18631,274.83215,274.16296,0.36533,0.44593,0.35152,0.24695
"82",103,0,67.375,-14.2916666666667,-1003,11.13926,15.25926,21.97333,76.14368,279.85709,276.04031,274.66879,274.06653,0.35073,0.44819,0.37474,0.24619
"83",104,0,67.2916666666667,-21.9583333333333,-381,13.27555,14.19111,27.77184,190.89328,278.22226,277.35876,277.53033,276.8645,0.4728,0.71851,0.83952,0.2488
"84",105,0,67.2916666666667,-18.0416666666667,-757,11.59703,15.25926,16.17481,100.86368,278.77347,276.84427,275.68619,275.04474,0.43851,0.57642,0.58856,0.24598
"85",106,0,67.2916666666667,-17.9583333333333,-775,11.44444,15.25926,16.17481,94.3022,278.81046,276.87354,275.61343,275.05438,0.46627,0.5717,0.58864,0.25379
"86",107,0,67.2916666666667,-15.2916666666667,-356,11.59703,14.95407,28.38222,173.19255,280.98633,277.66428,276.0618,274.8862,0.56321,0.50942,1.39494,0.28902
"87",108,0,67.2916666666667,-15.2083333333333,-374,11.59703,14.95407,28.22962,168.30959,280.91733,277.62662,276.08209,274.85825,0.58984,0.57909,1.42552,0.28055
"88",109,0,67.2916666666667,-14.875,-550,11.74963,15.41185,27.61925,124.9733,280.61685,277.36035,275.99326,274.82602,0.62402,0.73199,0.94538,0.27271
"89",110,0,67.2916666666667,-14.7916666666667,-614,11.74963,15.41185,27.46666,113.37627,280.58228,277.2522,275.92825,274.83606,0.61326,0.69574,0.84461,0.27055
"90",111,0,67.2916666666667,-14.7083333333333,-632,11.59703,15.41185,26.5511,100.25331,280.56876,277.13782,275.85431,274.84543,0.57932,0.77385,0.73577,0.28574
"91",112,1,67.2916666666667,-14.625,-668,11.59703,15.41185,26.09333,92.01331,280.57504,277.03165,275.77188,274.84488,0.56166,0.9035,0.5388,0.29795
"92",113,0,67.2083333333333,-18.2083333333333,-452,11.59703,13.88592,15.56444,148.62515,279.33307,276.96686,275.92093,275.07373,0.43553,0.45203,1.00214,0.24101
"93",114,0,67.2083333333333,-15.2083333333333,-253,11.44444,15.10666,25.17777,167.24144,281.19611,277.54575,276.22638,274.93091,0.56353,0.68571,2.34164,0.28327
"94",115,0,67.2083333333333,-15.125,-260,11.59703,15.10666,25.63555,171.66663,281.13272,277.50494,276.21829,274.89957,0.54389,0.75033,2.53683,0.27609
"95",116,0,67.2083333333333,-15.0416666666667,-277,11.74963,15.25926,26.09333,172.1244,281.06573,277.4631,276.20175,274.88348,0.56332,0.76786,2.35876,0.27664
"96",117,0,67.2083333333333,-14.9583333333333,-296,11.90222,15.41185,26.7037,173.65033,280.99963,277.41797,276.17477,274.88144,0.55472,0.73041,2.13496,0.2793
"97",118,0,67.125,-19.0416666666667,-449,11.90222,17.54814,25.17777,198.82809,281.12198,278.22791,276.8237,275.36813,0.42753,0.37072,1.66215,0.35071
"98",119,0,67.125,-18.9583333333333,-452,11.74963,17.54814,25.63555,196.99699,281.19034,278.29126,276.73148,275.37448,0.41358,0.30811,1.62515,0.38179
"99",120,0,67.125,-18.875,-433,11.74963,17.54814,25.94073,195.62366,281.21356,278.29153,276.62381,275.35867,0.41498,0.32334,1.70897,0.33651
"100",121,0,67.125,-18.7916666666667,-330,11.74963,17.85333,26.39851,187.53625,281.1933,278.2359,276.50919,275.32449,0.44511,0.32218,1.62665,0.30825
"101",122,0,67.125,-18.7083333333333,-263,11.59703,18.31111,26.7037,201.26958,281.12756,278.12848,276.38821,275.27185,0.48273,0.32527,1.48468,0.28253
"102",123,0,67.125,-18.625,-302,11.59703,18.4637,26.39851,202.49033,281.00021,277.96454,276.26865,275.20126,0.47853,0.337,1.37911,0.28257
"103",124,0,67.125,-18.5416666666667,-409,11.59703,18.31111,25.48296,190.28291,280.84229,277.77786,276.15887,275.13681,0.45481,0.32782,1.62781,0.29259
"104",125,0,67.125,-15.375,-192,11.44444,15.25926,23.80444,139.77478,281.47586,277.55835,276.31241,275.00269,0.43226,1.03005,1.18814,0.28247
"105",126,0,67.125,-15.2916666666667,-188,11.29185,15.10666,23.34666,135.95996,281.4393,277.48398,276.28452,274.96179,0.43388,1.09648,1.37179,0.29197
"106",127,0,67.125,-15.2083333333333,-188,11.29185,14.95407,23.04148,137.94366,281.39526,277.41949,276.26453,274.92035,0.46227,1.24439,1.69346,0.28566
"107",128,0,67.125,-15.0416666666667,-227,11.59703,15.10666,23.95703,165.10515,281.29361,277.323,276.22803,274.87415,0.52343,1.25491,2.01493,0.28599
"108",129,0,67.125,-14.9583333333333,-255,11.74963,15.41185,24.71999,177.61774,281.24109,277.30032,276.20471,274.87708,0.52147,1.00107,2.40054,0.28144
"109",130,0,67.0416666666667,-19.625,-342,12.51259,16.02222,25.94073,164.64737,280.4433,278.27982,277.35089,275.33636,0.43998,0.42409,0.97038,0.22284
"110",131,0,67.0416666666667,-19.5416666666667,-403,12.36,16.17481,25.33036,165.41032,280.57629,278.18494,277.32321,275.31094,0.42514,0.40801,0.9251,0.22364
"111",132,0,67.0416666666667,-19.4583333333333,-495,12.36,16.17481,24.71999,164.037,280.72018,278.12778,277.29449,275.30075,0.41226,0.40086,0.84884,0.25268
"112",133,0,67.0416666666667,-19.375,-458,12.66518,16.48,23.19407,169.68292,280.86359,278.11011,277.26019,275.30319,0.39154,0.37318,0.91583,0.25671
"113",134,0,67.0416666666667,-19.2916666666667,-419,12.66518,16.63259,22.73629,175.78662,281.00253,278.13596,277.21405,275.32156,0.39448,0.33657,0.95059,0.2587
"114",135,0,67.0416666666667,-19.2083333333333,-452,12.51259,16.93777,22.73629,183.87402,281.1373,278.20209,277.14404,275.34586,0.41886,0.31177,0.97633,0.26087
"115",136,0,67.0416666666667,-19.125,-454,12.2074,16.93777,22.88888,198.37032,281.25958,278.28378,277.05005,275.36917,0.43664,0.3152,1.14856,0.27217
"116",137,0,67.0416666666667,-19.0416666666667,-462,12.2074,16.63259,23.19407,191.35106,281.37509,278.36255,276.95651,275.3862,0.4428,0.32576,1.27591,0.51213
"117",138,0,67.0416666666667,-14.875,-229,11.59703,14.95407,22.88888,151.06664,281.37595,277.26971,276.15329,274.89636,0.39412,1.40381,1.80009,0.2885
"118",139,0,66.9583333333333,-20.125,-329,12.05481,14.19111,25.63555,161.13774,280.35001,278.64133,277.55096,275.56647,0.4105,0.65984,0.94733,0.21744
"119",140,0,66.9583333333333,-20.0416666666667,-337,12.36,14.49629,25.78814,157.01775,280.36581,278.69183,277.57581,275.53351,0.41519,0.65379,0.98807,0.21542
"120",141,0,66.9583333333333,-19.9583333333333,-339,12.66518,14.80148,26.24592,158.54367,280.36893,278.71909,277.58444,275.50684,0.41265,0.60502,1.05346,0.21249
"121",142,0,66.9583333333333,-19.875,-347,12.81777,15.10666,26.85629,161.59552,280.37106,278.71213,277.57071,275.47885,0.40499,0.62262,1.16514,0.21293
"122",143,0,66.9583333333333,-19.7916666666667,-362,12.97037,15.41185,27.16147,165.25774,280.38821,278.67209,277.55173,275.44623,0.40552,0.64224,1.26591,0.23807
"123",144,0,66.9583333333333,-19.7083333333333,-355,13.12296,15.86963,27.16147,173.95551,280.43307,278.60339,277.52747,275.41257,0.40698,0.57262,1.17441,0.24818
"124",145,0,66.9583333333333,-14.7916666666667,-177,11.44444,14.95407,22.27851,130.92441,281.38928,277.27988,276.0907,274.92334,0.36076,1.17372,0.88634,0.26921
"125",146,1,66.9583333333333,-14.7083333333333,-193,11.59703,15.10666,22.5837,142.52144,281.32214,277.31821,276.08188,274.91556,0.34172,1.34122,0.62785,0.26895
"126",147,1,66.9583333333333,-14.625,-204,11.59703,15.25926,22.73629,149.99847,281.23947,277.34558,276.08966,274.89966,0.33772,1.08323,0.59465,0.27703
"127",148,1,66.9583333333333,-14.5416666666667,-222,11.74963,15.25926,22.73629,152.59256,281.15607,277.35907,276.09753,274.87622,0.33371,1.07387,0.63592,0.28237
"128",149,1,66.9583333333333,-14.4583333333333,-206,11.74963,15.25926,22.73629,149.84589,281.07779,277.35617,276.10779,274.86166,0.34183,1.06548,0.59972,0.2876
"129",150,1,66.9583333333333,-14.375,-220,11.74963,15.25926,22.73629,144.65775,281.00827,277.34055,276.12225,274.85617,0.37239,1.16745,0.62631,0.28044
"130",151,1,66.9583333333333,-14.2916666666667,-235,11.74963,15.25926,22.88888,140.84293,280.95526,277.31763,276.13361,274.86969,0.38526,1.1095,0.74254,0.28138
"131",152,1,66.9583333333333,-14.2083333333333,-224,11.74963,15.25926,23.04148,137.94366,280.92358,277.29428,276.13721,274.90131,0.40973,1.03827,0.70386,0.2848
"132",153,1,66.9583333333333,-14.125,-238,11.74963,15.25926,23.19407,136.72293,280.91138,277.27478,276.13907,274.93893,0.42756,0.98562,0.7258,0.28767
"133",154,0,66.9583333333333,-14.0416666666667,-253,11.74963,15.25926,23.65185,135.95996,280.91638,277.26199,276.13251,274.98074,0.45288,1.15683,0.82143,0.28297
"134",155,0,66.9583333333333,-13.9583333333333,-257,11.74963,15.41185,23.80444,133.97626,280.93591,277.24976,276.11612,275.01468,0.48702,1.87582,0.70518,0.27644
"135",156,0,66.9583333333333,-13.875,-257,11.74963,15.56444,23.95703,130.00885,280.95886,277.23273,276.08667,275.03397,0.49157,1.07699,1.04901,0.2886
"136",157,0,66.9583333333333,-13.7916666666667,-296,11.90222,15.71703,23.65185,126.49923,280.97827,277.21048,276.04846,275.03433,0.48917,0.84595,1.2845,0.2796
"137",158,0,66.9583333333333,-13.7083333333333,-502,11.90222,15.86963,23.34666,122.37923,280.98016,277.18372,276.00745,275.01346,0.48908,0.71969,1.11896,0.27065
"138",159,1,66.9583333333333,-13.625,-614,11.90222,16.02222,23.04148,120.24294,280.94586,277.15005,275.95996,274.95712,0.50777,0.70237,0.98139,0.27324
"139",160,0,66.9583333333333,-13.5416666666667,-675,11.90222,16.17481,22.5837,121.31108,280.88702,277.11313,275.91714,274.87579,0.53087,0.73158,0.77131,0.26861
"140",161,0,66.9583333333333,-13.4583333333333,-721,11.59703,16.17481,21.82074,121.46368,280.80984,277.07248,275.87402,274.77567,0.49502,0.66118,0.68462,0.2743
"141",162,1,66.9583333333333,-13.375,-780,11.59703,16.02222,21.21037,118.8696,280.72058,277.02438,275.83701,274.66019,0.45657,0.59461,0.75327,0.27838
"142",163,1,66.9583333333333,-13.2916666666667,-908,11.44444,16.02222,20.59999,114.59701,280.63251,276.96777,275.79022,274.54028,0.387,0.60722,0.821,0.26304
"143",164,1,66.9583333333333,-13.0416666666667,-1431,11.29185,14.95407,18.31111,96.59109,280.41998,276.81995,275.54156,274.22275,0.38536,0.56831,0.56419,0.28379
"144",165,1,66.9583333333333,-12.9583333333333,-1450,11.13926,14.49629,17.85333,91.09776,280.35205,276.79733,275.44589,274.15771,0.3799,0.60191,0.51388,0.29205
"145",166,0,66.875,-20.7916666666667,-254,12.66518,14.03852,27.77184,133.51848,279.91891,278.48932,277.82413,275.7811,0.49734,0.67668,0.86141,0.21505
"146",167,0,66.875,-20.7083333333333,-280,12.66518,13.42814,27.00888,159.15404,279.96054,278.47327,277.72733,275.73468,0.4882,0.72167,0.91852,0.21589
"147",168,1,66.875,-20.625,-293,12.66518,13.27555,27.31407,164.64737,280.04712,278.47504,277.63364,275.69232,0.49791,0.77331,0.98446,0.20811
"148",169,0,66.875,-20.5416666666667,-295,12.66518,13.42814,27.31407,172.58218,280.16476,278.50455,277.55273,275.65393,0.45352,0.69292,0.92178,0.19877
"149",170,0,66.875,-20.4583333333333,-295,12.66518,13.88592,26.85629,181.12737,280.29504,278.56549,277.50317,275.61642,0.4405,0.6636,0.91651,0.21432
"150",171,0,66.875,-20.375,-317,12.81777,14.03852,24.87259,180.21181,280.40015,278.65286,277.48666,275.58551,0.42627,0.67205,0.91732,0.21555
"151",172,0,66.875,-20.2916666666667,-342,13.12296,14.03852,25.33036,184.94217,280.4787,278.74692,277.50082,275.5578,0.44031,0.60853,0.92131,0.21691
"152",173,0,66.875,-20.2083333333333,-369,13.27555,14.19111,26.24592,191.04588,280.53189,278.83594,277.5372,275.53806,0.44281,0.5668,0.84323,0.20747
"153",174,0,66.875,-13.2916666666667,-491,11.44444,15.10666,20.4474,115.05479,280.86389,277.12625,275.96475,274.87595,0.47365,0.73254,1.48343,0.27375
"154",175,1,66.875,-13.2083333333333,-699,11.44444,15.25926,20.4474,114.13923,280.83237,277.08203,275.92783,274.8067,0.45344,0.74174,1.90358,0.26961
"155",176,1,66.875,-13.125,-1022,11.44444,15.41185,20.14222,115.05479,280.80582,277.04294,275.86148,274.72598,0.45668,0.80052,1.67087,0.2715
"156",177,0,66.875,-13.0416666666667,-1306,11.44444,15.25926,19.37926,112.46072,280.7818,277.00943,275.7713,274.63751,0.44011,0.92112,1.55105,0.27104
"157",178,0,66.875,-12.9583333333333,-1299,11.29185,15.10666,18.76888,107.73035,280.73999,276.98456,275.66983,274.54395,0.41567,0.94194,1.39767,0.27584
"158",179,1,66.875,-12.875,-1317,11.29185,14.80148,18.15851,102.23701,280.6636,276.95087,275.55652,274.4632,0.40544,0.91965,1.17514,0.28293
"159",180,0,66.875,-12.7916666666667,-1374,11.13926,14.3437,17.70074,97.50665,280.55069,276.90561,275.46509,274.39169,0.41884,0.99368,0.62611,0.28786
"160",181,0,66.875,-12.7083333333333,-1382,10.98666,14.03852,17.54814,88.35109,280.40942,276.84924,275.39719,274.33502,0.42895,0.95026,0.68826,0.28723
"161",182,0,66.875,-12.625,-1403,10.83407,13.88592,17.54814,77.51702,280.26172,276.78891,275.38098,274.29858,0.42624,0.91624,0.66303,0.28497
"162",183,0,66.875,-12.5416666666667,-1419,10.83407,13.73333,17.85333,68.36147,280.12955,276.75003,275.39316,274.26453,0.42687,0.92271,0.58062,0.2808
"163",184,0,66.875,-12.4583333333333,-1436,10.68148,13.73333,18.15851,64.54665,280.03342,276.73059,275.4274,274.23105,0.40534,0.88089,0.42919,0.27995
"164",185,0,66.7916666666667,-21.2916666666667,-78,11.90222,14.19111,25.17777,76.75405,280.45242,279.00458,278.01523,275.83447,0.53921,0.73638,1.18975,0.24872
"165",186,0,66.7916666666667,-21.2083333333333,-93,11.74963,13.88592,26.39851,90.94516,280.35568,278.92316,278.04279,275.90622,0.55351,0.81759,1.24101,0.24241
"166",187,0,66.7916666666667,-21.125,-107,11.74963,13.88592,28.6874,107.73035,280.25659,278.83902,278.03134,275.93057,0.58301,0.89012,1.09565,0.22482
"167",188,0,66.7916666666667,-21.0416666666667,-175,12.05481,14.03852,32.50221,124.66811,280.16461,278.76944,277.99551,275.92041,0.56489,0.85525,1.03498,0.21576
"168",189,0,66.7916666666667,-20.9583333333333,-208,12.36,14.3437,30.21333,133.06071,280.08719,278.71597,277.9339,275.87842,0.5264,0.78906,0.96959,0.21114
"169",190,0,66.7916666666667,-20.875,-252,12.66518,14.03852,29.14518,156.55997,280.0434,278.68127,277.85068,275.80676,0.48224,0.76472,0.87858,0.20367
"170",191,1,66.7916666666667,-12.875,-1114,11.29185,14.80148,18.61629,109.40886,280.73376,277.009,275.82309,274.72803,0.41437,1.05961,1.3427,0.27286
"171",192,0,66.7916666666667,-12.7916666666667,-1238,11.29185,14.64889,18.15851,106.20441,280.65674,276.96902,275.72989,274.64914,0.41267,1.15724,1.19486,0.27327
"172",193,1,66.7916666666667,-12.7083333333333,-1247,11.13926,14.3437,17.85333,98.26961,280.55063,276.91748,275.64615,274.5809,0.42837,1.20286,0.85864,0.27473
"173",194,0,66.7916666666667,-12.625,-1301,10.98666,14.3437,17.70074,81.33183,280.42432,276.8645,275.58508,274.53122,0.41257,1.20546,0.65916,0.28323
"174",195,0,66.7083333333333,-21.4583333333333,-94,12.2074,15.10666,26.09333,80.26369,280.55984,279.06647,277.93646,275.75577,0.51555,0.75619,1.35301,0.25011
"175",196,0,66.7083333333333,-21.375,-93,12.05481,14.64889,27.31407,83.62072,280.47778,279.01743,277.98749,275.8475,0.50224,0.69251,1.1325,0.25221
"176",197,1,66.7083333333333,-13.125,-220,11.44444,15.41185,20.14222,124.05775,280.75336,277.09943,276.07892,274.9902,0.53158,0.97039,0.88922,0.27856
"177",198,1,66.7083333333333,-13.0416666666667,-204,11.29185,15.10666,19.68444,121.15849,280.73709,277.06946,276.07144,274.94284,0.49986,0.94799,0.9053,0.27594
"178",199,0,66.7083333333333,-12.9583333333333,-218,11.29185,14.95407,19.53185,125.43108,280.71774,277.03693,276.04846,274.8847,0.46932,0.93045,0.70354,0.27633
"179",200,1,66.625,-13.375,-203,11.74963,16.3274,20.90518,139.16441,280.80106,277.17892,275.97098,275.01288,0.41969,1.02754,1.15879,0.28285
"180",201,1,66.625,-13.2916666666667,-205,11.90222,16.78518,21.66814,144.65775,280.78049,277.16376,275.99622,274.9993,0.41591,1.04688,1.17098,0.28265
"181",202,1,66.625,-13.2083333333333,-228,11.90222,16.78518,21.51555,145.4207,280.7652,277.14691,276.02548,274.9816,0.48059,1.01558,1.15754,0.28573
"182",203,0,66.625,-13.125,-246,11.74963,16.78518,21.05777,139.92737,280.75552,277.12494,276.05441,274.95291,0.56653,0.97322,0.90571,0.27483
"183",204,0,66.5416666666667,-17.2916666666667,-207,10.83407,12.97037,16.48,107.27257,282.28912,278.80283,276.99115,275.62289,0.58571,0.37129,1.65698,0.32805
"184",205,0,66.5416666666667,-17.2083333333333,-139,10.68148,12.97037,15.71703,99.49035,282.25214,278.79877,277.0184,275.60144,0.54293,0.43446,1.35965,0.36096
"185",206,0,66.5416666666667,-13.625,-205,11.44444,15.56444,19.83703,137.79108,280.96915,277.29095,276.02914,275.01974,0.43474,0.92178,0.78372,0.27478
"186",207,1,66.5416666666667,-13.5416666666667,-229,11.59703,15.86963,19.68444,138.09627,280.91907,277.25549,275.9938,275.00598,0.44776,0.88352,0.97764,0.28446
"187",208,1,66.5416666666667,-13.4583333333333,-228,11.59703,16.02222,19.68444,143.74219,280.88501,277.23227,275.97388,274.99274,0.46647,0.85356,1.02729,0.28428
"188",209,1,66.5416666666667,-13.375,-266,11.59703,16.02222,19.53185,138.70663,280.87143,277.23596,275.9653,274.98291,0.46788,0.9483,1.00813,0.2799
"189",210,0,66.4583333333333,-17.4583333333333,-228,10.83407,13.42814,15.56444,121.76886,282.27438,278.94492,277.08902,275.7178,0.54276,0.33381,1.94883,0.37122
"190",211,0,66.4583333333333,-17.375,-209,10.68148,13.12296,15.71703,112.91849,282.30371,278.93997,277.14575,275.69254,0.59692,0.40617,1.72333,0.37066
"191",212,0,66.4583333333333,-13.875,-152,11.44444,14.95407,18.76888,125.27849,281.11026,277.3847,276.18674,274.98837,0.439,1.57995,0.62741,0.26537
"192",213,1,66.4583333333333,-13.7916666666667,-185,11.44444,15.41185,19.07407,140.23256,281.08167,277.34488,276.14191,274.97342,0.43795,1.20344,0.69372,0.26812
"193",214,0,66.4583333333333,-13.7083333333333,-208,11.44444,15.71703,19.53185,145.26811,281.04965,277.30939,276.09842,274.96381,0.43542,1.12082,0.83293,0.2741
"194",215,0,66.4583333333333,-13.625,-239,11.44444,15.71703,19.53185,146.33626,281.01807,277.28717,276.06506,274.95911,0.49465,0.92355,0.90099,0.27592
"195",216,0,66.375,-18.2916666666667,-89,10.68148,12.36,14.49629,59.5111,282.12912,278.61667,277.05374,275.68338,0.63614,0.29379,1.96974,1.2267
"196",217,0,66.375,-17.875,-70,10.83407,13.58074,15.86963,57.22221,281.95737,278.53873,276.96783,275.68625,0.80884,0.3007,0.88851,0.67635
"197",218,0,66.375,-17.7916666666667,-115,10.68148,13.58074,15.10666,84.53628,282.00189,278.64639,276.97894,275.69601,0.58819,0.29467,1.23533,0.45122
"198",219,0,66.375,-17.7083333333333,-243,10.68148,12.97037,14.49629,131.53477,282.06607,278.77133,277.00339,275.70679,0.53748,0.31638,1.51657,0.43429
"199",220,0,66.375,-17.625,-274,10.68148,12.81777,14.3437,137.02811,282.15253,278.88126,277.04745,275.7128,0.50491,0.35008,1.60423,0.40811
"200",221,0,66.375,-17.5416666666667,-252,10.68148,12.81777,14.19111,125.88885,282.22028,278.96344,277.10541,275.71027,0.53281,0.37795,1.27113,0.39345
"201",222,0,66.375,-13.9583333333333,-149,11.44444,14.80148,18.15851,145.4207,281.1073,277.35205,276.24081,274.9628,0.42468,1.06003,0.62984,0.25186
"202",223,0,66.2916666666667,-18.375,-176,10.68148,12.2074,13.58074,74.15998,282.15378,278.73093,277.24374,275.67593,0.69495,0.35262,1.67088,0.96452
"203",224,0,66.2916666666667,-18.125,-76,10.52889,12.36,13.88592,43.94666,282.23541,278.55731,277.3252,275.7037,0.6546,0.29514,1.92513,1.48639
"204",225,0,66.2916666666667,-18.0416666666667,-62,10.52889,12.36,14.64889,44.25184,282.21881,278.51801,277.28998,275.69797,0.59898,0.28202,1.36408,1.45486
"205",226,0,66.2916666666667,-17.9583333333333,-61,10.68148,12.51259,15.71703,45.31999,282.20465,278.53128,277.23877,275.68686,0.61361,0.39453,1.53595,1.39635
"206",227,0,66.2083333333333,-25.2916666666667,-140,12.05481,14.3437,28.07703,81.78961,281.90225,279.28622,278.84879,278.20212,1.22812,1.55543,0.36589,0.28164
"207",228,0,66.2083333333333,-25.2083333333333,-135,11.90222,14.19111,26.85629,80.11109,281.85526,279.23932,278.73077,278.0675,1.28802,1.63626,0.37322,0.29981
"208",229,0,66.2083333333333,-24.875,-92,11.74963,14.3437,22.12592,73.09184,281.78992,279.23071,278.07245,277.19574,1.6052,1.85322,0.54112,0.29705
"209",230,0,66.2083333333333,-24.7916666666667,-86,11.59703,14.19111,21.82074,72.63406,281.85123,279.2818,277.94458,276.93121,1.62995,1.9156,0.60615,0.32491
"210",231,0,66.2083333333333,-24.7083333333333,-86,11.59703,13.73333,21.51555,67.29332,281.91821,279.34003,277.84238,276.69302,1.58166,1.69708,0.77851,0.34172
"211",232,0,66.2083333333333,-24.625,-84,11.59703,13.58074,21.51555,63.93628,281.96582,279.41238,277.76874,276.50525,1.63608,1.83207,0.97583,0.36154
"212",233,0,66.2083333333333,-18.4583333333333,-197,10.68148,11.90222,13.88592,59.66369,282.12082,278.86951,277.23438,275.78287,0.75992,0.35892,0.83554,0.57186
"213",234,1,66.2083333333333,-13.7916666666667,-206,10.83407,12.81777,15.41185,86.51998,280.95132,277.41852,276.21082,275.05679,0.42152,1.10372,0.3442,0.24065
"214",235,0,66.125,-25.375,-143,12.05481,14.3437,26.7037,86.82516,281.95175,279.55054,278.85831,278.13974,1.18109,1.41363,0.37727,0.26086
"215",236,0,66.125,-25.2916666666667,-112,12.05481,14.19111,25.02518,81.63702,281.92371,279.47552,278.75671,277.99615,1.34036,1.51865,0.40085,0.24291
"216",237,0,66.125,-18.375,-87,10.52889,12.2074,14.03852,37.07999,281.98251,279.00027,277.28265,275.89566,0.84119,0.57089,0.59188,0.62072
"217",238,1,66.125,-13.7916666666667,-101,10.83407,12.97037,15.25926,75.99109,280.71124,277.44354,276.16965,275.04788,0.4874,0.99182,0.34158,0.23811
"218",239,1,66.125,-13.7083333333333,-115,10.98666,13.42814,16.17481,85.60442,280.64798,277.46167,276.14771,275.06097,0.475,0.89316,0.35497,0.24672
"219",240,0,66.0416666666667,-18.375,-109,10.52889,12.05481,13.27555,33.87555,281.69571,279.13589,277.24426,275.76404,0.98492,0.6098,0.67485,0.73242
"220",246,1,65.875,-13.5416666666667,-235,10.68148,12.66518,14.64889,114.44441,281.06647,277.50357,276.30978,275.20142,0.44472,1.2625,0.31021,0.25764
"221",249,1,65.7916666666667,-13.375,-230,10.68148,12.51259,14.03852,104.67849,281.33395,277.43314,276.2504,275.27295,0.49549,1.02683,0.29677,0.25493
"222",250,0,65.7083333333333,-27.875,-782,14.95407,17.39555,45.31999,394.75693,282.46899,280.76218,279.6738,278.90085,0.51356,0.61432,0.27903,0.18317
"223",251,1,65.7083333333333,-13.375,-202,10.52889,12.05481,13.12296,91.09776,281.27917,277.56689,276.38773,275.2905,0.59081,1.52025,0.33754,0.2975
"224",252,0,65.7083333333333,-13.2916666666667,-236,10.52889,12.2074,13.42814,104.06812,281.22601,277.4686,276.30527,275.27579,0.62199,1.39595,0.32321,0.32017
"225",253,0,65.625,-27.9583333333333,-771,15.10666,17.54814,45.62518,384.53323,282.69351,280.96072,279.75095,279.01895,0.52578,0.6096,0.29127,0.19251
"226",254,0,65.625,-13.2083333333333,-178,10.52889,12.05481,13.27555,91.70812,280.84586,277.4288,276.30948,275.21335,0.72212,1.27118,0.38579,0.29276
"227",255,0,65.5416666666667,-13.2083333333333,-125,10.52889,11.74963,13.42814,63.02073,280.41837,277.39301,276.20651,275.18103,0.80766,1.17751,0.37546,0.31114
"228",256,0,65.4583333333333,-13.125,-102,10.68148,12.66518,14.19111,72.32887,280.16409,277.2916,276.15628,275.31305,0.796,1.16371,0.37979,0.31112
"229",257,1,65.4583333333333,-13.0416666666667,-111,10.68148,12.81777,14.3437,81.33183,280.28076,277.2442,276.17294,275.35806,0.79436,1.16775,0.36379,0.30039
"230",258,1,65.4583333333333,-12.9583333333333,-106,10.68148,12.97037,14.64889,86.97775,280.38235,277.20773,276.18149,275.39374,0.73886,1.23598,0.35078,0.28834
"231",259,0,65.375,-27.9583333333333,-934,15.56444,17.39555,45.31999,440.5347,282.97461,281.09821,279.99899,279.26639,0.51525,0.64749,0.27333,0.15409
"232",260,0,65.375,-27.875,-852,15.41185,17.09037,44.55703,399.63989,282.93182,281.0979,280.00381,279.26379,0.46167,0.60396,0.26707,0.15931
"233",261,0,65.375,-12.875,-206,10.83407,12.81777,14.80148,106.96738,280.11499,277.19489,276.27023,275.46066,0.82342,0.97879,0.42071,0.29719
"234",262,0,65.375,-12.7916666666667,-214,10.83407,12.81777,14.80148,107.73035,280.13116,277.16565,276.26385,275.47781,0.79415,0.8907,0.44049,0.27212
"235",263,1,65.375,-12.7083333333333,-226,10.83407,12.81777,14.64889,112.15553,280.09192,277.14169,276.26563,275.50113,0.85542,0.89652,0.44065,0.26746
"236",264,1,65.375,-12.625,-238,10.83407,12.97037,14.64889,119.47997,280.04486,277.13748,276.27618,275.53027,0.84859,1.02997,0.4713,0.26868
"237",265,1,65.375,-12.5416666666667,-244,10.83407,13.12296,14.64889,121.61626,279.99643,277.14902,276.28839,275.56088,0.83585,0.96104,0.50334,0.28875
"238",266,1,65.375,-12.4583333333333,-246,10.83407,13.42814,14.95407,122.68442,279.96356,277.17255,276.29813,275.58536,0.77564,0.94385,0.57007,0.31097
"239",267,1,65.2916666666667,-27.9583333333333,-899,15.71703,17.09037,38.60592,394.14658,283.05923,281.14789,280.07962,279.35699,0.49631,0.644,0.24869,0.14476
"240",268,0,65.2916666666667,-27.875,-852,15.41185,16.78518,39.52147,376.29324,283.01117,281.14029,280.09946,279.35043,0.47663,0.63005,0.24928,0.14901
"241",269,0,65.2916666666667,-27.7916666666667,-809,15.10666,16.3274,40.43703,335.39844,282.93985,281.09848,280.11829,279.35632,0.45446,0.64242,0.24883,0.1557
"242",270,0,65.2916666666667,-27.7083333333333,-732,14.95407,16.02222,41.0474,296.63992,282.84656,281.0257,280.12753,279.36957,0.45769,0.64503,0.24686,0.1567
"243",271,0,65.2916666666667,-27.625,-680,14.64889,15.86963,40.43703,258.18661,282.73453,280.93188,280.11252,279.37833,0.4723,0.58519,0.24173,0.14039
"244",272,1,65.2916666666667,-12.4583333333333,-187,10.68148,13.42814,15.10666,100.55849,280.08868,277.14093,276.38266,275.6015,0.69013,1.21199,0.59354,0.28309
"245",273,0,65.2916666666667,-12.375,-190,10.68148,13.73333,15.25926,99.33775,280.08359,277.16675,276.38742,275.62955,0.61935,1.57419,0.89737,0.2988
"246",274,0,65.2916666666667,-12.2916666666667,-219,10.68148,13.73333,15.41185,98.57479,280.07153,277.19229,276.38477,275.64438,0.53099,1.24358,0.94408,0.29418
"247",275,0,65.2916666666667,-9.54166666666667,-824,11.29185,13.27555,15.10666,84.53628,280.56232,277.21219,275.86243,274.38306,1.16363,0.35596,0.92579,0.20598
"248",276,0,65.2916666666667,-9.45833333333334,-827,11.29185,13.42814,15.25926,83.62072,280.4494,277.26532,275.84055,274.3605,1.1416,0.35687,0.93314,0.21404
"249",278,0,65.2083333333333,-12.125,-207,10.83407,14.49629,16.17481,133.67108,280.03885,277.13623,276.43155,275.60974,0.47098,1.6964,1.31737,0.25946
"250",279,0,65.2083333333333,-12.0416666666667,-231,10.83407,14.49629,16.63259,143.89478,280.0181,277.18729,276.40363,275.58011,0.44145,1.78362,1.44671,0.25948
"251",280,0,65.2083333333333,-11.9583333333333,-235,10.98666,14.3437,16.78518,150.30367,280.02121,277.23114,276.37561,275.54184,0.46135,1.44764,1.3996,0.30379
"252",281,0,65.2083333333333,-11.875,-239,10.83407,14.3437,16.78518,147.86218,280.05814,277.26489,276.34937,275.49454,0.41193,1.4739,1.24735,0.27649
"253",282,0,65.2083333333333,-11.7916666666667,-219,10.83407,13.88592,16.17481,138.09627,280.11569,277.29175,276.3259,275.44531,0.43024,1.52687,1.57894,0.29346
"254",283,0,65.2083333333333,-9.79166666666667,-797,11.29185,13.42814,15.56444,90.02961,281.16205,277.27048,276.09854,274.47174,0.86312,0.38509,1.05478,0.21441
"255",284,0,65.2083333333333,-9.70833333333334,-799,11.29185,13.27555,15.41185,88.35109,281.00397,277.17929,276.06882,274.4603,0.83338,0.38965,1.19864,0.20869
"256",285,0,65.2083333333333,-9.625,-800,11.29185,13.27555,15.41185,84.68887,280.8288,277.15594,276.0415,274.44244,0.83934,0.37745,1.09577,0.20682
"257",286,0,65.125,-11.7083333333333,-227,10.83407,13.73333,16.02222,133.51848,280.20233,277.32767,276.44662,275.41278,0.45763,1.57336,1.68065,0.27577
"258",287,0,65.125,-11.625,-254,10.83407,13.27555,15.71703,117.49627,280.26431,277.453,276.44235,275.43497,0.48794,1.39313,1.63293,0.25222
"259",288,0,65.125,-11.5416666666667,-262,10.83407,12.97037,15.71703,113.37627,280.31906,277.66837,276.44879,275.51672,0.54777,1.15611,1.47005,0.25142
"260",289,1,65.125,-11.4583333333333,-360,10.83407,12.81777,15.86963,112.00294,280.37521,277.97125,276.46359,275.68503,0.61082,0.89506,1.32098,0.25631
"261",290,0,65.125,-11.375,-482,10.98666,12.66518,16.02222,108.49331,280.4455,278.33264,276.48499,275.89297,0.5812,0.8975,1.22382,0.29253
"262",291,0,65.125,-11.2916666666667,-557,11.13926,12.81777,15.86963,106.96738,280.53455,278.70529,276.51358,276.09982,0.60316,1.01812,1.21241,0.27035
"263",292,0,65.125,-11.2083333333333,-616,11.13926,12.81777,15.56444,107.88293,280.65344,279.05164,276.55365,276.26404,0.54054,1.12496,1.15683,0.25779
"264",293,0,65.125,-11.125,-656,11.13926,12.97037,15.56444,108.34071,280.8006,279.31879,276.61627,276.33395,0.59552,1.03069,1.03695,0.26816
"265",294,0,65.125,-11.0416666666667,-674,11.13926,13.12296,16.02222,106.66219,280.95554,279.50336,276.70389,276.34332,0.64319,1.01208,0.97674,0.26084
"266",295,0,65.125,-10.9583333333333,-658,11.13926,13.27555,16.78518,105.13627,281.10464,279.62109,276.81802,276.31866,0.72105,1.05418,0.98901,0.24014
"267",296,0,65.125,-10.2916666666667,-563,11.13926,15.10666,18.4637,69.58221,281.58188,279.6185,276.72586,275.5347,1.10085,0.54681,0.88587,0.22538
"268",297,0,65.125,-10.2083333333333,-596,11.29185,15.10666,17.85333,69.58221,281.55481,279.40378,276.54239,275.24899,1.1085,0.52888,1.01825,0.23951
"269",298,0,65.125,-10.125,-635,11.29185,15.10666,17.39555,70.49776,281.54095,279.09174,276.41159,274.98273,1.01459,0.49674,1.14458,0.23399
"270",299,0,65.125,-10.0416666666667,-679,11.29185,14.80148,16.93777,74.46516,281.53278,278.7157,276.33102,274.76144,1.12617,0.47073,1.22367,0.20827
"271",300,0,65.125,-9.95833333333334,-712,11.29185,14.3437,16.48,80.11109,281.51685,278.32169,276.28674,274.59894,1.06751,0.46098,1.23085,0.20812
"272",301,0,65.125,-9.875,-735,11.29185,14.03852,16.02222,85.90961,281.47092,277.96494,276.27539,274.50369,0.94878,0.44972,1.26879,0.21178
"273",302,0,65.0416666666667,-10.875,-553,11.13926,13.27555,17.09037,98.26961,281.48752,279.84979,277.33783,277.2963,0.74119,1.13541,0.90076,0.22816
"274",303,0,65.0416666666667,-10.7916666666667,-519,11.13926,13.42814,17.54814,83.16294,281.66199,279.9133,277.52554,277.26761,0.69364,1.13208,0.78309,0.24477
"275",304,0,65.0416666666667,-10.5416666666667,-463,11.13926,14.49629,19.68444,64.85184,281.97305,280.11554,277.65564,277.0473,1.07148,1.03809,1.23295,0.24164
"276",305,0,65.0416666666667,-10.4583333333333,-469,11.13926,14.95407,20.29481,64.85184,281.966,280.20667,277.50122,276.85016,1.09884,1.1145,1.45101,0.23959
"277",306,0,65.0416666666667,-10.375,-468,11.29185,15.25926,20.4474,64.08887,281.91669,280.27481,277.27545,276.56113,1.06397,0.83271,0.99343,0.25084
"278",307,0,64.9583333333333,-10.7083333333333,-447,11.13926,13.88592,17.85333,73.8548,282.10559,280.0029,277.92856,277.71707,0.94803,0.9727,1.73715,0.25526
"279",308,0,64.9583333333333,-10.625,-441,11.13926,14.19111,19.07407,68.05628,282.15366,280.07968,277.93253,277.62445,0.96904,0.94982,1.68906,0.25905
"280",1,0,67.708365,-12.542325,-1790,11.44444,11.59703,28.6874,68.05628,279.78421,277.15543,274.16544,273.29648,0.24769,0.37366,0.52667,0.26688
"281",2,0,67.625035,-22.375265,-621,11.29185,11.59703,25.33036,16.78518,279.1618,276.68658,275.03531,273.80716,0.45994,0.42798,1.0487,0.27224
"282",3,1,67.625035,-22.291935,-623,11.29185,11.44444,24.5674,16.63259,279.25919,276.70343,275.08478,273.93417,0.44481,0.45781,1.06581,0.30157
"283",4,0,67.625035,-22.208605,-618,11.44444,11.29185,23.49925,16.17481,279.3353,276.76508,275.12863,274.03415,0.43428,0.61627,1.1102,0.31265
"284",5,0,67.625035,-22.125275,-617,11.44444,11.29185,22.4311,14.95407,279.39297,276.88254,275.14706,274.1059,0.45462,0.6318,1.11193,0.3122
"285",6,0,67.625035,-12.458995,-1770,11.29185,11.74963,28.6874,70.19257,279.9292,277.16632,274.17056,273.18561,0.25878,0.35283,0.4956,0.2766
"286",7,0,67.625035,-12.375665,-1773,11.29185,11.74963,28.83999,70.34517,279.95013,277.17041,274.16129,273.18738,0.26326,0.35162,0.47519,0.27306
"287",8,0,67.541705,-22.041945,-562,10.83407,11.13926,23.65185,14.49629,279.40552,277.22452,275.38013,274.33163,0.4568,0.55124,1.01426,0.28613
"288",9,0,67.541705,-21.958615,-580,10.98666,11.13926,23.34666,14.49629,279.45926,277.48483,275.37918,274.33762,0.37887,0.49654,1.10059,0.29502
"289",10,0,67.541705,-21.875285,-592,11.13926,11.13926,23.04148,14.64889,279.51587,277.71262,275.36859,274.32346,0.33085,0.44937,1.18663,0.3029
"290",11,0,67.541705,-12.292335,-1729,11.13926,11.44444,27.00888,73.09184,280.07486,277.19302,274.14557,273.09555,0.25807,0.35147,0.47565,0.29456
"291",12,0,67.541705,-12.209005,-1695,11.13926,11.59703,26.7037,73.39702,280.07327,277.18811,274.13824,273.12057,0.2767,0.36142,0.54509,0.29341
"292",13,0,67.541705,-12.125675,-1673,11.29185,11.59703,26.09333,73.24442,280.05545,277.18118,274.13632,273.14185,0.31767,0.35744,0.53766,0.26049
"293",14,0,67.458375,-21.791955,-558,10.83407,10.98666,23.80444,15.86963,279.38745,277.8201,275.44711,274.48651,0.32755,0.43244,1.26928,0.27697
"294",15,0,67.458375,-21.708625,-568,11.13926,11.13926,21.82074,16.02222,279.44897,277.9715,275.44992,274.48877,0.30847,0.39054,1.23717,0.26988
"295",16,0,67.458375,-21.625295,-577,11.29185,11.13926,20.75259,15.86963,279.5264,278.0379,275.46436,274.4834,0.30937,0.38597,1.10918,0.26309
"296",17,0,67.458375,-21.541965,-578,11.29185,11.44444,20.4474,15.56444,279.62155,278.0647,275.47748,274.47812,0.31853,0.35424,1.1467,0.27086
"297",18,1,67.458375,-21.458635,-569,11.29185,11.59703,22.27851,15.10666,279.72137,278.05457,275.49258,274.16833,0.32749,0.36753,1.22064,0.29045
"298",19,1,67.458375,-21.375305,-563,10.98666,11.74963,22.88888,14.80148,279.8118,278.01007,275.51154,273.7865,0.33335,0.34323,1.20175,0.29795
"299",20,0,67.458375,-12.042345,-1660,10.98666,11.44444,23.80444,72.48146,280.01279,277.18619,274.1907,273.19351,0.31194,0.38261,0.60518,0.28842
"300",21,1,67.375045,-21.375305,-348,10.83407,10.98666,22.4311,16.63259,279.52341,277.38364,275.61536,273.90781,0.51861,0.63408,1.0544,0.29508
"301",22,1,67.375045,-21.291975,-346,10.83407,11.13926,22.88888,16.93777,279.59979,277.28897,275.66089,273.61246,0.52197,0.68708,0.99289,0.29256
"302",23,0,67.375045,-21.208645,-331,10.83407,11.13926,23.34666,17.54814,279.63721,277.20834,275.70999,273.55014,0.50326,0.76215,1.06368,0.28227
"303",24,0,67.375045,-21.125315,-327,10.83407,11.13926,23.80444,18.61629,279.64523,277.15979,275.76453,273.48193,0.52814,0.83003,1.04783,0.3057
"304",25,0,67.375045,-11.959015,-1588,10.98666,11.44444,23.34666,62.41035,279.94992,277.24637,274.30414,273.27597,0.54039,0.68071,0.59962,0.29206
"305",26,0,67.375045,-11.875685,-1582,10.98666,11.44444,23.19407,62.25776,279.95624,277.2229,274.32855,273.29303,0.70289,0.7295,0.62813,0.28071
"306",27,0,67.375045,-11.792355,-1590,10.98666,11.44444,23.04148,62.41035,279.96191,277.19452,274.35004,273.3074,0.94348,0.50798,0.66039,0.27756
"307",28,0,67.291715,-21.041985,-289,11.29185,10.98666,28.83999,16.02222,279.39377,276.58032,276.02481,273.33908,0.57489,0.79674,1.08827,0.34751
"308",29,0,67.291715,-20.958655,-276,11.29185,10.98666,28.6874,17.24296,279.34528,276.65826,276.05408,273.30478,0.58275,0.79157,1.11389,0.36523
"309",30,0,67.291715,-20.875325,-275,11.29185,10.98666,28.83999,18.92148,279.31937,276.79791,276.07825,273.186,0.566,0.82287,1.05129,0.3463
"310",31,1,67.291715,-20.791995,-279,11.29185,10.98666,29.14518,21.05777,279.31305,276.96497,276.10538,273.27884,0.50426,0.90625,0.95813,0.36136
"311",32,0,67.291715,-11.709025,-1557,10.98666,11.44444,21.97333,52.03406,280.04706,277.34451,274.4415,273.35522,0.80966,0.95114,0.65555,0.2709
"312",33,0,67.291715,-11.625695,-1563,10.98666,11.44444,21.51555,51.2711,280.03552,277.30853,274.44897,273.36664,1.04114,0.7443,0.64505,0.28019
"313",34,1,67.208385,-20.791995,-266,12.97037,11.13926,37.99554,14.03852,279.18661,276.46902,276.34525,273.15976,0.47055,0.85813,0.89919,0.34487
"314",35,0,67.208385,-20.708665,-247,12.81777,11.13926,36.9274,14.19111,279.17795,276.59592,276.28918,273.22394,0.54065,0.8992,0.93691,0.3273
"315",36,1,67.208385,-20.625335,-247,12.51259,10.98666,35.85925,14.64889,279.21375,276.73721,276.23523,273.33493,0.55273,0.80421,0.89988,0.3246
"316",37,1,67.208385,-20.542005,-242,12.2074,10.98666,34.7911,15.25926,279.28546,276.86841,276.20416,273.41754,0.57382,0.86099,0.92911,0.33304
"317",38,0,67.208385,-20.458675,-253,12.05481,10.98666,33.72295,16.02222,279.37445,276.98877,276.19196,273.53839,0.58102,0.8762,1.1589,0.33677
"318",39,0,67.208385,-11.542365,-1565,10.98666,11.29185,21.36296,48.67702,279.98175,277.52194,274.50827,273.36386,0.36311,0.47416,0.73103,0.28211
"319",40,0,67.208385,-11.459035,-1576,10.83407,11.29185,21.05777,48.67702,279.94379,277.48529,274.51315,273.37845,0.43639,0.6025,0.6574,0.26277
"320",41,0,67.125055,-24.291855,-712,10.98666,10.68148,25.94073,13.88592,278.04092,274.62228,274.13583,273.4603,0.48559,0.47615,0.28256,0.26209
"321",42,0,67.125055,-20.458675,-239,12.66518,10.98666,39.21629,13.73333,279.5401,276.90414,276.10083,273.44104,0.47965,0.97224,1.03058,0.35195
"322",43,0,67.125055,-20.292015,-262,12.2074,10.98666,34.63851,21.36296,279.68878,277.18829,276.09741,273.57538,0.55159,0.75663,1.23198,0.33679
"323",44,0,67.125055,-20.208685,-274,11.74963,10.98666,30.97629,26.24592,279.75024,277.30698,276.13458,273.6499,0.52967,0.70801,1.26232,0.32562
"324",45,1,67.125055,-20.125355,-300,11.44444,10.83407,25.94073,28.6874,279.80267,277.39581,276.17114,273.74207,0.50948,0.77994,1.30692,0.33546
"325",46,0,67.125055,-11.375705,-1544,10.83407,11.29185,20.75259,51.2711,279.82681,277.63644,274.57806,273.35748,0.31504,0.81147,0.87416,0.27786
"326",47,0,67.125055,-11.292375,-1542,10.83407,11.29185,20.59999,51.72887,279.85327,277.61514,274.57993,273.3703,0.42726,0.93864,0.90608,0.27993
"327",48,0,67.041725,-24.291855,-569,10.68148,10.98666,22.4311,15.10666,278.29355,275.09134,274.40717,273.81519,0.58199,0.51443,0.29879,0.26043
"328",49,0,67.041725,-20.042025,-303,10.83407,10.83407,17.85333,31.28147,279.93185,277.5441,276.20584,273.90662,0.38692,1.22486,1.44531,0.42996
"329",50,1,67.041725,-19.958695,-305,10.83407,10.83407,16.78518,33.26518,279.96164,277.55801,276.23941,274.00882,0.3602,1.23328,1.4843,0.419
"330",51,0,67.041725,-19.875365,-303,10.98666,10.83407,17.24296,35.40147,280.00809,277.57458,276.25348,274.12439,0.34098,1.32127,1.79903,0.39273
"331",52,0,67.041725,-11.125715,-1533,10.68148,11.29185,19.98962,54.93332,279.9913,277.77911,274.6618,273.41818,0.38777,0.77413,0.90366,0.27577
"332",53,0,67.041725,-11.042385,-1526,10.68148,11.29185,19.98962,54.32295,280.09802,277.81815,274.685,273.45926,0.28345,0.68221,0.78437,0.26587
"333",54,1,66.958395,-24.291855,-411,12.81777,12.66518,29.90814,18.15851,279.08322,275.93491,275.3313,274.7984,0.89036,0.45943,0.31955,0.23163
"334",55,1,66.958395,-24.208525,-367,13.42814,13.12296,32.95999,19.68444,279.33859,275.65625,275.21432,274.91641,0.99557,0.483,0.27236,0.27601
"335",59,0,66.875065,-25.125155,-900,10.83407,10.98666,15.71703,15.25926,277.80905,274.66589,273.92535,273.33459,0.54445,0.52025,0.30618,0.23881
"336",60,0,66.875065,-25.041825,-864,10.83407,11.13926,18.00592,16.02222,277.76105,274.74988,274.17276,273.68146,0.53212,0.67172,0.30526,0.23202
"337",61,0,66.875065,-24.958495,-792,11.13926,11.29185,20.29481,16.48,277.81406,275.1481,274.42023,274.06311,0.51901,0.69406,0.27442,0.22878
"338",64,1,66.875065,-24.708505,-386,12.51259,12.81777,29.45036,20.59999,278.46188,276.36096,275.43881,275.0723,0.7441,0.3681,0.28162,0.24307
"339",65,1,66.875065,-24.625175,-271,13.42814,13.58074,29.75555,21.05777,278.80554,276.69302,275.76544,275.3378,0.73605,0.34255,0.26799,0.24596
"340",66,1,66.875065,-24.541845,-215,14.49629,14.03852,32.65481,22.27851,279.17538,276.71799,276.05475,275.55884,0.78155,0.38926,0.26536,0.2468
"341",67,1,66.875065,-24.458515,-201,15.10666,14.49629,35.40147,23.34666,279.55746,276.70831,276.37143,275.73859,0.86933,0.5129,0.25516,0.24831
"342",68,1,66.875065,-24.375185,-225,15.71703,15.41185,37.99554,24.10962,279.92883,276.65067,276.62659,275.89685,0.90781,0.67226,0.25514,0.24411
"343",69,0,66.875065,-24.291855,-232,16.3274,16.48,46.54073,26.85629,280.26617,277.0145,276.82925,276.05725,1.01008,1.11679,0.25261,0.24307
"344",70,0,66.875065,-24.208525,-223,16.17481,16.63259,55.23851,29.14518,280.55414,277.43295,277.12848,276.25952,0.98755,1.26907,0.24681,0.24106
"345",71,0,65.875105,-27.958375,-633,12.05481,12.66518,40.28444,22.5837,280.70184,281.29266,279.97034,277.5665,0.94365,1.02478,0.24433,0.21106
"346",72,0,65.875105,-27.875045,-642,12.51259,13.73333,42.57332,23.95703,280.75836,281.33044,279.88367,277.84918,0.81911,1.03484,0.24763,0.22403
"347",73,0,65.875105,-27.791715,-667,12.97037,13.88592,46.84591,27.92444,280.84024,281.37408,279.82184,278.10266,0.80239,1.06804,0.25499,0.2213
"348",74,1,65.875105,-27.708385,-676,13.27555,13.42814,53.2548,34.33332,280.95679,281.42773,279.78348,278.34067,0.80294,1.08041,0.26517,0.2229
"349",75,0,65.875105,-27.625055,-688,13.42814,14.49629,60.57924,38.60592,281.12424,281.48224,279.77063,278.54684,0.82826,1.11806,0.26809,0.22959
"350",76,1,65.875105,-27.541725,-699,13.58074,16.3274,68.20887,42.72591,281.35065,281.54288,279.77081,278.71448,0.80881,1.25577,0.25936,0.22186
"351",77,0,65.875105,-27.458395,-691,13.88592,16.63259,81.48442,53.86517,281.62778,281.60117,279.78281,278.85172,1.01819,1.10785,0.24604,0.21846
"352",78,0,65.875105,-27.375065,-633,14.19111,16.17481,101.77924,66.83554,281.91858,281.65201,279.79248,278.95193,1.09458,1.24442,0.23126,0.22762
"353",79,1,65.875105,-27.291735,-570,14.49629,15.71703,131.07701,78.58517,282.18973,281.6853,279.80698,279.02057,1.1782,1.26847,0.21111,0.23106
"354",80,0,65.875105,-27.208405,-515,14.64889,15.71703,147.55701,104.5259,282.41992,281.67709,279.82568,279.05795,1.20728,1.3119,0.20469,0.22352
"355",81,0,65.875105,-27.125075,-492,14.64889,15.86963,159.15404,120.70071,282.56314,281.60556,279.84174,279.07059,1.08301,1.33754,0.20802,0.20467
"356",82,0,65.791775,-27.125075,-457,13.12296,14.64889,115.20738,154.11848,282.92841,281.74298,279.84918,279.57599,1.07965,1.18527,0.23378,0.17058
"357",83,0,65.791775,-27.041745,-434,12.97037,14.64889,106.66219,156.25478,283.00095,281.71393,279.82959,279.53262,1.07768,1.15267,0.23296,0.17126
"358",85,0,64.958475,-27.958375,-904,11.90222,12.66518,62.25776,322.88583,284.84708,282.57349,280.45093,280.21555,0.50533,0.60073,0.7074,0.15711
"359",86,0,64.958475,-26.708425,-208,11.13926,13.12296,48.37184,93.69183,285.20233,282.24075,279.93802,279.7226,0.71823,0.9769,0.54909,0.19996
"360",87,0,64.958475,-26.625095,-192,11.29185,12.81777,43.48888,82.55257,285.22324,282.24826,279.90536,279.63834,0.69047,0.88458,0.85319,0.21764
"361",6,0,67.9583333333333,-18.9583333333333,-1056,14.3437,13.12296,28.22962,51.72887,277.9375,275.98764,274.33722,273.64194,0.34007,4.53019,1.73306,0.27493
"362",7,0,67.9583333333333,-16.625,-1109,15.86963,15.86963,70.80295,163.42662,279.2854,276.24509,274.17352,273.69455,0.38826,3.55843,0.33407,0.47002
"363",16,0,67.875,-18.9583333333333,-953,16.02222,14.03852,31.58666,63.78369,278.80032,276.44427,275.31693,274.31787,0.49882,3.5949,1.36192,0.28475
"364",17,0,67.875,-16.625,-1041,16.63259,16.93777,54.62814,170.44588,279.66055,276.72305,274.62051,273.87415,0.57324,1.81466,0.85397,0.40232
"365",18,0,67.875,-15.0416666666667,-1070,12.51259,15.56444,55.69628,93.99702,279.31808,276.76364,274.45642,273.81445,0.90197,1.32722,1.20505,1.14237
"366",26,0,67.875,-14.2083333333333,-1234,11.90222,14.3437,23.49925,76.29628,278.91974,275.81149,273.59399,273.26352,0.23736,3.20504,2.25309,1.09586
"367",27,0,67.875,-14.125,-1245,11.74963,14.19111,22.27851,77.36443,278.86893,275.73123,273.54233,273.15988,0.24416,3.20927,2.07674,1.05287
"368",28,0,67.875,-14.0416666666667,-1258,11.44444,13.88592,21.51555,79.65331,278.82568,275.67032,273.508,273.07492,0.24262,2.99604,1.59378,1.1598
"369",29,0,67.875,-13.9583333333333,-1346,11.44444,13.58074,21.05777,84.23109,278.78799,275.62875,273.48517,273.01086,0.2413,2.49697,0.60768,0.63908
"370",30,0,67.875,-13.875,-1563,11.44444,13.42814,21.05777,90.94516,278.76215,275.59625,273.47772,272.97675,0.26026,2.06208,0.4402,0.4989
"371",31,0,67.875,-13.7916666666667,-1530,11.44444,13.42814,21.21037,95.37035,278.74496,275.5769,273.48346,272.96921,0.26505,1.79662,0.41638,0.43882
"372",32,0,67.875,-13.7083333333333,-1552,11.59703,13.42814,21.66814,97.65923,278.73352,275.56573,273.49905,272.9819,0.25248,1.89914,0.36133,0.41332
"373",33,0,67.875,-13.625,-1586,11.74963,13.42814,22.5837,100.71108,278.72321,275.56339,273.52335,273.01056,0.25021,1.97131,0.38463,0.39098
"374",34,0,67.875,-13.5416666666667,-1589,11.90222,13.58074,23.65185,100.10072,278.71933,275.56537,273.56256,273.04773,0.24323,1.86774,0.37082,0.37187
"375",40,0,67.875,-12.7916666666667,-1839,13.27555,15.71703,40.74221,76.90665,278.83337,275.87228,274.07541,273.35242,0.185,1.29053,0.3612,0.27025
"376",41,0,67.875,-12.7083333333333,-1836,13.27555,15.71703,42.26814,75.22813,278.85324,275.89868,274.10034,273.38434,0.1885,1.10969,0.42781,0.2657
"377",42,0,67.875,-12.625,-1834,13.27555,15.86963,42.87851,73.7022,278.86685,275.91629,274.12027,273.41257,0.19542,1.02729,0.30391,0.25638
"378",45,0,67.875,-12.375,-1838,13.12296,16.02222,44.25184,71.26072,278.89014,275.95709,274.20886,273.45779,0.18234,0.79119,0.21684,0.22832
"379",48,0,67.875,-12.0416666666667,-1840,13.73333,16.02222,47.76147,70.95554,278.90356,276.0177,274.35059,273.60654,0.20427,0.76488,0.22702,0.22845
"380",49,0,67.875,-11.9583333333333,-1843,13.88592,16.17481,48.21925,71.10813,278.90729,276.0401,274.37695,273.67615,0.21482,0.75345,0.22429,0.2293
"381",50,0,67.875,-11.875,-1846,13.88592,16.17481,48.67702,71.56591,278.91797,276.06,274.4021,273.746,0.22666,0.72237,0.23293,0.22262
"382",51,0,67.875,-11.7916666666667,-1849,13.88592,16.3274,49.1348,72.32887,278.93356,276.0784,274.42825,273.81021,0.2232,0.71114,0.23624,0.21876
"383",52,0,67.875,-11.7083333333333,-1852,13.88592,16.48,49.74517,73.39702,278.95078,276.09427,274.45746,273.86096,0.22052,0.70152,0.23796,0.21755
"384",53,0,67.875,-11.625,-1855,13.73333,16.63259,50.50814,75.07554,278.97324,276.1091,274.48923,273.90063,0.22132,0.66161,0.23978,0.20698
"385",54,0,67.875,-11.5416666666667,-1858,13.58074,16.63259,50.96591,76.60146,278.99811,276.12079,274.52866,273.93423,0.21314,0.61962,0.23413,0.20556
"386",55,0,67.875,-11.4583333333333,-1862,13.42814,16.63259,51.88147,77.51702,279.02682,276.12985,274.57358,273.9642,0.2114,0.606,0.23173,0.20703
"387",56,0,67.875,-11.375,-1866,13.27555,16.63259,53.10221,77.8222,279.05859,276.13901,274.62006,274.00098,0.20706,0.60971,0.22922,0.20795
"388",57,0,67.875,-11.2916666666667,-1873,13.12296,16.63259,55.3911,78.12739,279.08853,276.14737,274.66895,274.04401,0.20482,0.61936,0.23264,0.20938
"389",58,0,67.875,-11.2083333333333,-1884,12.81777,16.63259,56.91702,78.89035,279.11771,276.16147,274.72198,274.09064,0.23132,0.65588,0.23491,0.21265
"390",59,0,67.875,-11.125,-1895,12.66518,16.48,59.20591,79.80591,279.1489,276.17493,274.77359,274.13702,0.21594,0.71691,0.24369,0.2183
"391",60,0,67.875,-11.0416666666667,-1901,12.81777,16.3274,61.64739,81.48442,279.17633,276.19559,274.82095,274.17456,0.20328,0.74201,0.2508,0.22301
"392",61,0,67.875,-10.9583333333333,-1896,12.81777,16.3274,62.56295,85.45183,279.20352,276.22211,274.86441,274.19983,0.20706,0.84568,0.25042,0.21905
"393",62,0,67.875,-10.625,-1927,13.27555,16.3274,65.91998,90.1822,279.29572,276.34784,274.94397,274.23508,0.24484,0.7099,0.24088,0.20499
"394",63,0,67.875,-10.5416666666667,-1930,13.42814,16.3274,66.53036,92.01331,279.31955,276.37817,274.94205,274.24341,0.24592,0.76273,0.2371,0.21039
"395",64,0,67.875,-10.4583333333333,-1941,13.42814,16.48,66.53036,93.99702,279.34732,276.40857,274.9342,274.25095,0.25535,0.81314,0.23243,0.21323
"396",65,0,67.875,-10.375,-1945,13.58074,16.63259,65.6148,99.79553,279.37915,276.43533,274.92413,274.25674,0.2702,0.85555,0.22838,0.21456
"397",66,0,67.875,-10.2916666666667,-1957,13.73333,16.63259,64.08887,101.16886,279.41492,276.45929,274.90918,274.25552,0.30229,0.78454,0.21559,0.20833
"398",67,0,67.875,-10.2083333333333,-1840,13.88592,16.63259,62.41035,101.47405,279.44965,276.47983,274.89545,274.24768,0.32481,0.71261,0.22067,0.21577
"399",68,0,67.875,-10.125,-1767,14.03852,16.63259,60.73184,101.62664,279.49078,276.49997,274.88602,274.23325,0.30401,0.72237,0.21808,0.2191
"400",69,0,67.875,-10.0416666666667,-1784,14.3437,16.78518,59.66369,101.16886,279.52875,276.51859,274.87946,274.21564,0.29005,0.8142,0.22424,0.22312
"401",70,0,67.875,-9.95833333333334,-1801,14.49629,16.93777,59.35851,100.10072,279.56906,276.53821,274.86765,274.19553,0.35052,1.0106,0.23288,0.23253
"402",71,0,67.875,-9.875,-1823,14.49629,16.93777,59.66369,98.87997,279.60083,276.56772,274.86481,274.18042,0.33511,1.01104,0.2428,0.2332
"403",72,0,67.875,-9.79166666666667,-1820,14.49629,17.09037,62.10517,96.2859,279.629,276.60236,274.86252,274.16599,0.32837,1.03124,0.24166,0.22892
"404",73,0,67.875,-9.70833333333334,-1782,14.49629,17.09037,65.76739,96.2859,279.65225,276.64386,274.85849,274.15448,0.34164,1.0699,0.23705,0.22715
"405",74,0,67.875,-9.625,-1711,14.49629,17.24296,68.36147,96.2859,279.6781,276.69315,274.85516,274.14426,0.34579,1.12797,0.22967,0.22325
"406",75,0,67.875,-9.54166666666667,-1487,14.49629,17.24296,69.73479,95.52294,279.70032,276.74664,274.85248,274.13828,0.35403,1.2735,0.23163,0.22349
"407",76,0,67.875,-9.45833333333334,-1129,14.64889,17.24296,70.03999,95.06516,279.72253,276.80347,274.85324,274.13452,0.36559,1.33661,0.23195,0.22297
"408",83,0,67.7916666666667,-18.9583333333333,-783,16.78518,15.25926,39.52147,134.73923,279.66632,277.34976,276.21555,275.05371,1.07444,2.08962,0.83463,0.30701
"409",84,0,67.7916666666667,-16.7916666666667,-1057,17.70074,16.93777,50.05036,146.48885,279.76114,276.9173,274.87686,274.01743,0.62633,1.35959,1.07924,0.49844
"410",85,0,67.7916666666667,-15.0416666666667,-1017,13.12296,15.86963,53.71258,87.13035,279.39172,276.98868,274.86008,274.10153,0.47328,0.89002,1.17955,0.82511
"411",91,1,67.7083333333333,-23.625,-997,15.41185,12.51259,15.10666,20.29481,276.99222,275.52231,274.04163,272.99179,0.54092,0.80964,0.70385,0.25678
"412",92,0,67.7083333333333,-21.2916666666667,-803,17.85333,15.10666,24.41481,125.43108,279.59024,277.71414,276.27655,274.89154,1.1148,0.65592,0.30786,0.29081
"413",93,0,67.7083333333333,-18.9583333333333,-552,18.31111,13.88592,53.10221,152.89774,279.98224,278.04749,276.57999,275.55777,1.1346,0.81028,0.6076,0.31235
"414",94,0,67.7083333333333,-16.7916666666667,-1014,18.31111,17.24296,43.0311,129.39848,279.85214,277.11133,275.11166,274.22702,0.79104,1.11666,1.6426,0.61304
"415",95,0,67.7083333333333,-15.0416666666667,-987,14.95407,16.17481,54.93332,89.11405,279.43387,277.08997,275.14822,274.45053,0.61327,0.86404,1.03017,0.43943
"416",97,0,67.625,-24.2916666666667,-1214,14.64889,13.12296,15.25926,19.22666,274.57983,273.66965,273.2244,272.48242,0.5693,1.05564,0.48604,0.25608
"417",98,1,67.625,-24.2083333333333,-1175,14.64889,13.12296,15.25926,19.07407,274.75137,273.94263,273.55707,272.61636,0.60622,1.16827,0.54496,0.25106
"418",99,1,67.625,-24.125,-1183,13.88592,12.81777,14.95407,19.53185,275.09586,274.1597,273.57874,272.68555,0.5447,1.46634,0.62765,0.24871
"419",100,1,67.625,-24.0416666666667,-1124,14.3437,12.51259,14.95407,19.68444,275.56848,274.42868,273.64575,272.72467,0.52228,1.672,0.85569,0.24772
"420",101,1,67.625,-23.7083333333333,-955,16.3274,13.88592,17.24296,23.04148,278.00629,275.69766,274.44461,273.58737,0.4909,1.2861,1.01083,0.2507
"421",102,1,67.625,-23.625,-907,16.93777,14.64889,18.15851,24.10962,278.47144,275.98325,274.8497,273.95575,0.42951,1.01503,0.97223,0.25538
"422",103,0,67.625,-21.2916666666667,-745,17.39555,14.80148,22.27851,143.28441,279.63998,277.90768,276.54324,275.23257,0.98561,1.33953,0.3041,0.30748
"423",104,0,67.625,-18.9583333333333,-424,19.22666,14.49629,41.81036,144.96292,280.04733,278.20035,276.65482,275.89151,0.97583,0.88739,0.66181,0.32373
"424",105,0,67.625,-16.7916666666667,-955,18.15851,17.39555,37.53777,117.03849,279.96075,277.2518,275.24429,274.44202,0.8279,0.82092,1.73963,0.52299
"425",107,1,67.5416666666667,-23.7083333333333,-816,19.07407,16.02222,19.98962,29.75555,279.14142,276.45227,275.23407,275.07709,0.49094,0.95105,0.82014,0.28911
"426",108,0,67.5416666666667,-21.2916666666667,-660,18.15851,14.95407,20.29481,154.42366,279.75302,278.18695,277.00809,275.62955,1.50969,0.88215,0.29469,0.31995
"427",109,0,67.5416666666667,-18.9583333333333,-410,20.29481,15.71703,32.34962,127.1096,280.09698,278.173,276.67056,276.15173,0.94677,0.80095,0.78885,0.33231
"428",110,0,67.5416666666667,-16.7083333333333,-887,16.93777,18.00592,40.13184,122.53182,280.16052,277.41672,275.41837,274.63156,0.64933,0.62528,2.61108,0.45147
"429",113,1,67.4583333333333,-23.7083333333333,-702,22.73629,17.09037,22.4311,36.9274,279.63528,277.20218,275.89822,275.95114,0.7859,0.95984,0.3758,0.29424
"430",114,0,67.4583333333333,-21.2916666666667,-544,21.05777,15.71703,20.90518,123.59997,279.86777,278.5434,277.61581,276.24426,2.08528,0.2901,0.28112,0.32109
"431",115,0,67.4583333333333,-18.9583333333333,-416,21.51555,15.86963,26.5511,123.44738,280.14423,278.28348,276.74786,276.31189,0.69821,0.75974,0.46999,0.32694
"432",116,0,67.4583333333333,-16.7083333333333,-831,17.54814,18.00592,41.96295,130.46663,280.2919,277.52002,275.58847,274.88501,0.63173,0.55098,2.42577,0.3813
"433",120,1,67.375,-23.7083333333333,-588,23.04148,17.09037,23.34666,49.74517,279.56915,277.68469,276.83917,276.14233,1.15253,1.40114,0.35048,0.26269
"434",121,0,67.375,-21.2916666666667,-346,26.7037,18.00592,25.94073,97.04887,279.98938,278.8558,277.93652,276.89728,1.63526,1.56678,0.26585,0.28905
"435",122,0,67.375,-16.7083333333333,-768,19.07407,18.00592,45.93036,148.77774,280.3652,277.6618,275.72656,275.26788,0.66013,0.46702,2.02007,0.35519
"436",124,0,67.2916666666667,-23.625,-423,19.98962,17.09037,23.34666,54.47554,279.36438,278.17615,277.91312,276.15921,1.14017,0.79006,0.26968,0.27687
"437",125,0,67.2916666666667,-21.2916666666667,-296,31.12888,21.05777,38.30073,111.39256,280.09186,279.0704,278.06204,277.31534,1.57256,1.3741,0.26634,0.29059
"438",126,0,67.2916666666667,-18.9583333333333,-477,23.49925,17.09037,56.00147,131.2296,280.35147,278.61575,277.05316,276.3436,0.64437,0.73485,0.47345,0.32924
"439",127,0,67.2916666666667,-16.7083333333333,-638,20.4474,18.61629,56.30665,162.66367,280.40369,277.83536,275.8537,275.62918,0.52662,0.39327,2.64425,0.32171
"440",129,0,67.2083333333333,-21.2916666666667,-267,34.7911,26.5511,61.18961,125.27849,280.13663,279.21979,278.14706,277.44989,1.26802,2.02897,0.27398,0.26411
"441",130,0,67.2083333333333,-18.9583333333333,-459,23.04148,18.00592,75.38072,154.42366,280.52942,278.69995,277.08011,276.39114,0.78967,0.54935,0.73346,0.31815
"442",131,0,67.2083333333333,-16.7083333333333,-497,20.14222,18.76888,76.44887,182.5007,280.48529,278.06735,276.00958,275.79953,0.53793,0.58891,2.12296,0.30803
"443",132,0,67.125,-23.5416666666667,-251,25.48296,19.68444,57.98517,52.33924,279.94604,278.7027,278.34366,276.78925,1.02608,3.06294,0.24989,0.24768
"444",133,0,67.125,-21.2916666666667,-230,29.45036,33.11258,100.25331,145.4207,280.12753,279.31097,278.16302,277.59052,1.29443,1.72306,0.28144,0.25454
"445",134,0,67.125,-18.9583333333333,-452,23.19407,18.00592,87.28294,154.72885,280.65228,278.81204,277.04919,276.49094,0.94585,0.66245,1.01874,0.31724
"446",135,0,67.125,-16.625,-382,18.61629,18.92148,99.49035,192.57181,280.62027,278.32144,276.15515,275.84143,0.56836,0.66938,1.13484,0.26891
"447",136,0,67.0416666666667,-23.5416666666667,-234,26.39851,24.41481,88.04591,82.39998,280.15033,278.91367,278.45444,277.62283,1.18896,3.10055,0.2873,0.24528
"448",137,0,67.0416666666667,-21.2916666666667,-194,21.97333,31.73925,108.95108,116.12293,280.09302,279.32211,278.06937,277.78568,1.24566,1.33852,0.45094,0.25357
"449",138,0,67.0416666666667,-18.9583333333333,-501,23.34666,17.85333,84.84146,143.89478,280.69492,278.91327,277.05173,276.59286,1.09632,0.69043,1.31737,0.30451
"450",139,0,67.0416666666667,-16.625,-315,16.63259,17.85333,116.73331,180.82217,280.70447,278.47513,276.22324,275.85593,0.70497,0.50239,1.22309,0.26887
"451",140,0,66.9583333333333,-23.5416666666667,-210,25.33036,28.53481,99.03257,135.65479,280.22131,279.02844,278.32153,278.09787,1.23767,3.27207,0.40635,0.21962
"452",141,0,66.9583333333333,-21.2916666666667,-155,20.75259,28.22962,79.80591,83.46812,280.06757,279.28375,277.91168,277.80206,1.04174,0.85405,0.56708,0.26502
"453",142,0,66.9583333333333,-18.9583333333333,-407,24.5674,18.15851,95.06516,148.31996,280.66434,278.96808,277.11917,276.70224,0.9775,0.6382,1.02846,0.29915
"454",143,0,66.9583333333333,-16.625,-221,15.56444,16.3274,99.18516,135.19701,280.68887,278.58905,276.13892,275.80002,0.54358,0.5165,2.5655,0.25803
"455",144,0,66.9583333333333,-13.4583333333333,-721,17.39555,15.71703,81.17924,136.72293,280.40884,277.33929,275.89368,275.61572,0.3811,1.08173,0.52553,0.27789
"456",145,0,66.9583333333333,-13.375,-780,16.63259,15.41185,72.32887,121.61626,280.3837,277.29373,275.84091,275.52493,0.39313,1.43367,0.44177,0.29707
"457",146,0,66.9583333333333,-13.2916666666667,-908,16.02222,14.80148,61.4948,107.73035,280.34821,277.26028,275.78387,275.41669,0.40631,1.64015,0.428,0.341
"458",147,0,66.9583333333333,-13.2083333333333,-1238,15.56444,14.19111,48.67702,95.21775,280.31003,277.23541,275.71982,275.29889,0.40019,1.51967,0.56269,0.45669
"459",148,0,66.9583333333333,-13.125,-1396,15.10666,13.88592,35.85925,83.62072,280.26782,277.21597,275.66284,275.18723,0.40382,1.13477,0.55668,0.49626
"460",149,0,66.9583333333333,-13.0416666666667,-1431,14.80148,13.73333,28.07703,74.77036,280.2269,277.20145,275.5968,275.09433,0.4,1.02444,0.58756,0.49742
"461",150,0,66.9583333333333,-12.9583333333333,-1450,14.49629,13.58074,23.34666,66.98813,280.19043,277.18732,275.54529,275.02249,0.34623,0.96643,0.64393,0.52447
"462",151,0,66.9583333333333,-12.875,-1462,14.03852,13.42814,20.90518,60.73184,280.15845,277.16818,275.48254,274.94949,0.28591,0.84258,0.73061,0.52233
"463",152,0,66.9583333333333,-12.7916666666667,-1465,13.73333,13.42814,21.51555,57.52739,280.12921,277.14804,275.42899,274.87592,0.31118,0.65615,0.55887,0.57519
"464",153,0,66.9583333333333,-12.0416666666667,-1523,11.44444,13.42814,33.11258,59.20591,279.95248,277.27997,275.16357,274.37924,0.51656,1.15701,1.03052,1.02664
"465",154,0,66.9583333333333,-11.9583333333333,-1522,11.29185,13.42814,34.48592,58.59554,279.92609,277.26682,275.11731,274.40384,0.45155,1.06934,1.10557,1.196
"466",155,0,66.9583333333333,-11.875,-1523,11.13926,13.42814,35.70666,57.3748,279.8963,277.24847,275.06445,274.42493,0.41382,0.93621,0.9688,1.25536
"467",156,0,66.9583333333333,-11.7916666666667,-1529,11.13926,13.27555,36.9274,57.06961,279.86728,277.22821,275.00964,274.43347,0.35984,0.87867,0.86911,1.29178
"468",157,0,66.9583333333333,-11.7083333333333,-1547,11.13926,13.12296,37.69036,57.22221,279.83963,277.20477,274.94531,274.423,0.32738,1.00627,0.86855,1.25893
"469",158,0,66.9583333333333,-11.625,-1556,11.13926,13.12296,37.84295,57.52739,279.81348,277.17288,274.88318,274.38651,0.34335,1.28359,0.96326,1.31469
"470",159,0,66.9583333333333,-11.5416666666667,-1548,11.13926,13.12296,37.69036,57.83258,279.78674,277.1402,274.82724,274.32898,0.36436,1.59286,1.07622,1.31912
"471",160,0,66.9583333333333,-11.4583333333333,-1538,11.29185,13.27555,37.53777,57.83258,279.7652,277.10077,274.78107,274.25082,0.37424,1.71247,1.17832,1.30074
"472",161,0,66.9583333333333,-11.375,-1529,11.29185,13.27555,37.38518,57.98517,279.74136,277.06177,274.76144,274.16281,0.36931,1.32137,1.4724,1.38313
"473",162,0,66.9583333333333,-11.2916666666667,-1531,11.44444,13.27555,37.23258,58.29036,279.7233,277.02292,274.76263,274.08328,0.36245,0.80723,2.02752,1.40503
"474",163,0,66.9583333333333,-11.2083333333333,-1516,11.44444,13.27555,36.9274,59.35851,279.70441,276.98764,274.77859,274.01382,0.33321,0.90336,2.35233,1.54932
"475",164,0,66.9583333333333,-11.125,-1510,11.59703,13.12296,36.31703,59.96888,279.68921,276.95813,274.80804,273.96759,0.32302,1.39077,2.3361,1.56096
"476",165,0,66.9583333333333,-11.0416666666667,-1509,11.74963,13.12296,35.55407,60.57924,279.67401,276.94156,274.84534,273.93817,0.30909,1.72627,2.23766,1.48213
"477",166,0,66.9583333333333,-10.9583333333333,-1501,11.90222,13.12296,34.63851,61.34221,279.66223,276.9364,274.87177,273.91534,0.28159,2.39353,1.95663,1.44558
"478",167,0,66.9583333333333,-10.7083333333333,-1482,12.36,12.97037,30.21333,63.78369,279.63736,276.96701,274.88687,273.86383,0.22587,3.11781,1.21977,1.75297
"479",168,0,66.9583333333333,-10.625,-1454,12.2074,12.97037,30.36592,64.24146,279.63599,276.98007,274.86072,273.85025,0.21444,3.23359,1.26867,1.73284
"480",169,0,66.9583333333333,-10.5416666666667,-1426,12.2074,13.12296,30.8237,63.78369,279.63565,276.99002,274.82935,273.83658,0.2216,3.35827,2.07897,1.53707
"481",170,0,66.9583333333333,-10.4583333333333,-1405,12.2074,13.12296,31.28147,63.02073,279.64279,276.99899,274.80078,273.82593,0.20712,2.68495,1.98431,1.37611
"482",171,0,66.9583333333333,-10.375,-1391,12.05481,13.12296,31.43407,62.25776,279.64575,277.00461,274.76883,273.81696,0.20555,2.64438,1.58066,1.30048
"483",172,0,66.9583333333333,-10.2916666666667,-1396,12.2074,13.12296,31.28147,63.17332,279.65363,277.00522,274.74661,273.81506,0.21264,2.94055,1.26717,1.27755
"484",173,0,66.9583333333333,-10.2083333333333,-1457,12.2074,13.12296,31.73925,65.00443,279.66006,277.00867,274.73615,273.81821,0.21784,2.72179,1.37069,1.25182
"485",174,0,66.9583333333333,-10.125,-1502,12.2074,13.12296,32.50221,68.97183,279.67084,277.01733,274.73123,273.83508,0.22344,2.91177,1.13471,0.98447
"486",175,0,66.9583333333333,-9.875,-1501,11.74963,12.97037,36.9274,87.74072,279.71741,277.08569,274.75858,273.91611,0.24618,2.63007,0.87575,0.87459
"487",176,0,66.9583333333333,-9.79166666666667,-1514,11.59703,12.97037,37.38518,91.70812,279.73782,277.1319,274.77115,273.94034,0.26909,2.22968,0.93379,0.99413
"488",177,0,66.9583333333333,-9.70833333333334,-1516,11.44444,12.81777,38.14814,93.23405,279.75635,277.18781,274.80405,273.96033,0.29389,2.90405,0.81745,0.82466
"489",178,0,66.9583333333333,-9.625,-1556,11.29185,12.97037,37.84295,94.45479,279.77701,277.2587,274.84262,273.97528,0.29252,2.63962,0.76634,0.75804
"490",179,0,66.9583333333333,-9.54166666666667,-1562,11.13926,12.97037,36.62221,94.45479,279.79282,277.33588,274.89218,273.98627,0.28415,2.12448,0.60522,0.69558
"491",180,0,66.9583333333333,-9.45833333333334,-1549,11.13926,13.12296,35.40147,94.45479,279.80942,277.41815,274.95267,273.99561,0.26658,1.58462,0.32417,0.63968
"492",181,0,66.9583333333333,-9.375,-1570,11.13926,13.12296,34.63851,96.13331,279.8378,277.50674,275.01944,274.00656,0.27836,1.18092,0.27995,0.54367
"493",182,0,66.9583333333333,-9.29166666666667,-1583,11.29185,13.27555,34.18073,102.3896,279.87216,277.60629,275.09357,274.01877,0.32224,1.10464,0.29548,0.40945
"494",183,1,66.9583333333333,-9.20833333333334,-1594,11.44444,13.58074,33.72295,105.89923,279.91165,277.71613,275.16061,274.02917,0.35786,1.07872,0.30432,0.32981
"495",184,0,66.9583333333333,-9.125,-1625,11.74963,13.88592,33.87555,109.25627,279.9566,277.83658,275.22302,274.04053,0.37241,1.04729,0.29118,0.28823
"496",185,0,66.9583333333333,-9.04166666666667,-1662,12.36,14.19111,34.63851,117.34367,280.00256,277.95807,275.27509,274.05005,0.35813,0.91567,0.33332,0.27015
"497",186,0,66.9583333333333,-8.95833333333334,-1668,12.81777,14.49629,35.85925,119.17478,280.05069,278.07025,275.32962,274.06345,0.36135,1.31599,0.35681,0.28843
"498",187,0,66.875,-23.4583333333333,-180,22.88888,37.38518,115.66515,130.61923,280.26859,279.03342,278.09396,278.03146,1.39329,2.31496,0.75358,0.23117
"499",188,0,66.875,-21.2916666666667,-122,20.14222,21.05777,56.15406,70.19257,280.08237,279.21869,277.80093,277.57214,1.08661,0.99404,0.39243,0.32266
"500",189,0,66.875,-18.9583333333333,-518,25.33036,18.4637,83.9259,153.20293,280.60193,279.03247,277.21259,276.79819,1.02472,0.88375,1.72746,0.30695
"501",190,0,66.875,-16.625,-186,15.56444,15.41185,81.02665,116.58071,280.64188,278.60742,276.01279,275.74762,0.4445,0.61419,2.63941,0.29132
"502",191,0,66.7916666666667,-23.4583333333333,-190,20.75259,29.60295,87.28294,93.53924,280.32019,278.93524,277.707,277.89594,1.52909,1.55207,1.22474,0.23376
"503",192,0,66.7916666666667,-21.2916666666667,-78,19.37926,18.31111,41.96295,71.26072,280.16284,279.15714,277.80719,277.33633,1.23785,1.41758,0.35995,0.41345
"504",193,0,66.7916666666667,-18.9583333333333,-526,24.26222,18.31111,74.46516,154.57626,280.52298,279.12381,277.29776,276.83231,1.287,1.07176,2.18065,0.29543
"505",194,0,66.7916666666667,-16.7916666666667,-123,14.49629,13.58074,53.10221,78.58517,280.70349,278.66251,275.9902,275.74466,0.47219,0.65579,1.6646,0.32235
"506",195,1,66.7916666666667,-16.625,-163,15.10666,14.49629,71.41331,106.66219,280.65967,278.52701,275.98874,275.76199,0.43797,0.67138,1.99948,0.33148
"507",196,0,66.7083333333333,-23.4583333333333,-134,20.14222,20.90518,55.08591,70.03999,280.42484,278.89142,277.14545,277.54257,1.59484,1.14108,1.7958,0.33806
"508",197,0,66.7083333333333,-21.2083333333333,-127,19.22666,17.39555,37.23258,127.56738,280.25699,279.2561,277.94629,277.50378,1.13147,1.74086,0.47094,0.33458
"509",198,0,66.7083333333333,-18.9583333333333,-404,23.65185,18.31111,78.43257,144.50514,280.45682,279.23721,277.32666,276.79034,1.25784,0.81761,2.02797,0.29773
"510",199,0,66.7083333333333,-16.7083333333333,-88,14.19111,12.81777,40.28444,58.74813,280.76645,278.59534,276.16678,275.77765,0.56021,0.66438,1.64175,0.36231
"511",200,0,66.625,-23.375,-74,21.21037,19.53185,45.31999,57.52739,280.58667,278.90973,276.66324,276.94672,1.77541,0.97047,1.79496,0.44841
"512",201,1,66.625,-21.2083333333333,-193,20.4474,19.98962,52.03406,166.47847,280.30771,279.35794,278.01016,277.65347,1.10657,1.33528,0.39253,0.29603
"513",202,1,66.625,-18.9583333333333,-450,22.88888,18.00592,90.79257,149.84589,280.37021,279.3063,277.28979,276.65463,1.09056,0.63376,1.70248,0.32913
"514",203,0,66.5416666666667,-23.375,-76,20.90518,18.31111,40.13184,45.62518,280.75299,278.97556,276.66159,276.66891,1.88124,1.12833,1.34337,0.60756
"515",204,1,66.5416666666667,-21.2083333333333,-281,20.75259,20.75259,64.24146,177.46513,280.30563,279.41235,278.0054,277.71683,1.07233,1.22514,0.45174,0.28792
"516",205,1,66.5416666666667,-18.9583333333333,-470,22.12592,17.54814,99.03257,159.00145,280.30029,279.34479,277.19397,276.52991,0.89148,0.65028,1.82763,0.36453
"517",206,0,66.4583333333333,-26.0416666666667,-675,23.95703,26.5511,44.55703,40.43703,280.16891,277.77982,277.66455,277.36246,1.48369,2.82897,0.22834,0.22476
"518",207,0,66.4583333333333,-22.0416666666667,-58,16.93777,16.63259,39.06369,48.06665,279.71906,278.85541,276.3746,275.57593,0.77846,1.29233,0.82151,0.51583
"519",212,1,66.4583333333333,-21.2083333333333,-239,20.14222,19.22666,65.91998,132.29774,280.34064,279.40363,277.92419,277.55099,1.12573,1.50645,0.50172,0.30031
"520",213,0,66.4583333333333,-18.9583333333333,-389,20.90518,17.39555,116.73331,176.2444,280.2724,279.34839,277.08405,276.44629,0.89444,0.99923,1.94303,0.38599
"521",214,1,66.375,-26.0416666666667,-609,25.63555,44.25184,78.43257,128.02515,280.3407,278.10159,278.33591,278.3223,1.52928,3.73832,0.22141,0.23092
"522",215,0,66.375,-21.625,-54,14.95407,16.78518,36.62221,46.38814,279.61792,278.71646,276.57794,275.90277,0.86943,1.17753,0.87799,0.48667
"523",217,0,66.375,-21.2083333333333,-199,19.22666,17.54814,61.34221,103.45775,280.36548,279.34564,277.79727,277.31586,1.35984,1.25265,0.55132,0.3348
"524",218,0,66.2916666666667,-26.0416666666667,-528,22.5837,56.45924,133.97626,197.14958,280.53574,278.92529,278.56479,278.59579,1.53595,2.50609,0.18157,0.20242
"525",219,0,66.2916666666667,-21.4583333333333,-64,15.10666,16.3274,37.38518,52.64443,279.78732,278.68146,276.80603,276.03766,0.78515,0.8143,0.73238,0.49832
"526",221,0,66.2083333333333,-27.9583333333333,-460,13.58074,14.64889,16.93777,22.12592,279.50787,276.63651,277.05307,277.78793,1.13354,2.97342,0.24121,0.24255
"527",222,0,66.2083333333333,-27.875,-469,13.73333,15.41185,18.76888,22.4311,279.50427,276.79477,277.26297,277.95279,1.12402,2.727,0.2465,0.24713
"528",223,0,66.2083333333333,-26.0416666666667,-396,18.4637,49.2874,117.19109,136.41774,280.93204,279.59293,278.72592,278.58646,1.57092,1.14353,0.19491,0.19417
"529",224,0,66.2083333333333,-21.375,-69,14.64889,16.02222,37.69036,49.74517,279.84421,278.95395,277.04233,276.11844,1.03516,0.85147,0.66298,0.48329
"530",225,0,66.2083333333333,-21.2916666666667,-95,15.56444,16.17481,44.09925,62.10517,279.97812,279.15979,277.34277,276.47208,0.95674,0.86446,0.51045,0.47273
"531",227,0,66.125,-27.7916666666667,-481,14.64889,17.24296,24.10962,19.98962,280.09604,277.32388,278.4397,278.33923,1.04621,3.06958,0.22512,0.24457
"532",228,0,66.125,-27.7083333333333,-485,14.95407,17.24296,24.10962,20.4474,280.01071,277.31833,278.46136,278.44656,1.10257,3.06985,0.23019,0.24423
"533",229,0,66.125,-27.625,-490,14.80148,17.39555,23.49925,20.29481,279.91428,277.32071,278.53461,278.52499,1.16576,3.08019,0.23154,0.23458
"534",230,1,66.125,-26.0416666666667,-277,17.70074,26.5511,88.35109,97.04887,281.18762,279.75272,278.79358,278.55048,1.5093,0.69532,0.2081,0.20182
"535",231,0,66.125,-21.2083333333333,-118,16.17481,17.09037,47.76147,61.4948,280.0047,279.32416,277.44324,276.41116,1.10085,0.8007,0.41911,0.45025
"536",232,1,66.0416666666667,-27.2916666666667,-632,20.75259,34.33332,57.98517,56.61184,280.69037,278.18549,278.61456,278.60675,1.01873,2.20555,0.20147,0.17932
"537",233,0,66.0416666666667,-27.2083333333333,-648,20.90518,39.36888,76.75405,83.46812,280.83856,278.40402,278.60452,278.60742,1.15757,1.90576,0.20305,0.1811
"538",234,0,66.0416666666667,-25.9583333333333,-180,17.09037,21.51555,88.50368,122.83701,281.36267,279.80853,278.7565,278.42062,1.6111,0.83416,0.22849,0.25525
"539",235,0,66.0416666666667,-21.2083333333333,-61,13.88592,14.95407,38.9111,50.05036,279.927,279.10986,277.19748,275.99689,1.08885,0.84077,0.51943,0.47593
"540",259,0,66.0416666666667,-9.45833333333334,-949,12.05481,12.66518,36.01184,117.64886,279.77255,277.70911,275.59961,275.14432,0.32185,3.76605,0.34371,0.30168
"541",260,0,66.0416666666667,-9.20833333333334,-866,12.05481,12.81777,36.46962,122.9896,279.82278,277.76199,275.52008,275.11807,0.30138,4.22492,0.38301,0.29529
"542",261,0,66.0416666666667,-9.125,-861,12.2074,12.81777,36.46962,121.76886,279.83649,277.78214,275.49597,275.11072,0.29806,4.51887,0.38601,0.2986
"543",262,0,66.0416666666667,-9.04166666666667,-866,12.2074,12.97037,36.46962,118.56441,279.85083,277.79337,275.474,275.10425,0.28355,3.78209,0.37938,0.29766
"544",263,0,65.9583333333333,-27.125,-557,19.68444,62.25776,173.34514,321.05475,281.28217,279.33633,278.79288,278.79037,0.84731,1.07659,0.19744,0.18829
"545",266,0,65.875,-26.7083333333333,-273,20.75259,38.60592,107.88293,153.96588,281.47906,279.97656,278.91599,278.85809,1.14725,0.61474,0.19516,0.20249
"546",267,0,65.875,-26.625,-268,20.4474,35.70666,104.5259,161.13774,281.48758,279.99155,278.91272,278.83096,1.14685,0.59003,0.19398,0.20171
"547",268,0,65.875,-26.5416666666667,-269,19.83703,32.95999,101.16886,160.52737,281.50378,280.01517,278.90558,278.79495,1.19761,0.55849,0.20626,0.21082
"548",269,0,65.7916666666667,-26.4583333333333,-204,19.37926,23.65185,91.09776,111.39256,281.67889,280.17081,278.883,278.72211,1.52251,0.56915,0.22745,0.19734
"549",270,0,65.7916666666667,-26.375,-201,19.37926,22.88888,84.84146,108.18812,281.71945,280.16736,278.8418,278.66003,1.54717,0.58153,0.22581,0.19575
"550",271,0,65.7916666666667,-26.2916666666667,-203,19.37926,22.5837,84.53628,106.35701,281.76501,280.15768,278.80463,278.59912,1.75564,0.59244,0.23372,0.19574
"551",272,0,65.7083333333333,-13.375,-202,10.83407,12.2074,71.87109,108.95108,280.07993,278.63391,276.57538,275.75061,0.34267,0.53105,1.1713,0.38756
"552",273,0,65.625,-13.375,-129,10.83407,11.74963,53.10221,72.17628,280.11835,278.56271,276.59869,275.76266,0.33229,0.56486,1.2863,0.58155
"553",274,0,65.5416666666667,-13.375,-92,10.98666,11.90222,38.75851,56.91702,280.16025,278.37656,276.60208,275.71021,0.39665,0.55898,1.105,0.62472
"554",277,0,65.375,-24.4583333333333,-66,12.2074,13.27555,25.02518,48.52443,283.39304,280.73953,277.77518,276.47488,1.13724,0.76012,0.83081,0.56947
"555",278,0,65.375,-13.375,-127,11.90222,12.66518,68.66665,98.11701,280.10275,278.02164,276.49918,275.7168,0.97724,0.44031,1.10939,0.48172
"556",279,0,65.2916666666667,-24.4583333333333,-76,11.74963,13.42814,25.48296,50.96591,283.32101,280.7023,277.95123,276.8606,1.29522,0.8011,0.88543,0.57938
"557",280,0,65.2916666666667,-24.375,-88,11.74963,13.42814,24.5674,52.49184,283.26505,280.70776,277.86038,276.71991,1.23561,0.77302,0.84672,0.6011
"558",281,0,65.2916666666667,-13.375,-158,11.59703,12.51259,58.74813,85.29924,280.06656,278.07489,276.46667,275.67462,0.88025,0.44825,0.87204,0.40944
"559",282,0,65.2083333333333,-24.375,-92,11.13926,13.73333,30.06073,53.55999,283.22546,280.79684,277.98627,277.12497,1.29153,0.88977,0.72715,0.5639
"560",283,0,65.125,-24.2916666666667,-77,10.83407,12.81777,30.36592,64.39406,283.22955,280.9599,278.15878,277.42102,1.39377,0.84962,0.71313,0.56171
"561",284,0,65.125,-13.125,-131,11.59703,12.51259,58.44295,95.67553,279.3078,277.70035,276.1239,275.65881,0.63167,0.54183,1.0389,0.4347
"562",285,0,65.125,-13.0416666666667,-152,11.44444,12.66518,63.02073,104.67849,279.28247,277.64676,276.11804,275.66629,0.6286,0.63293,1.01172,0.42298
"563",286,0,65.125,-12.9583333333333,-170,11.44444,12.66518,64.69924,108.6459,279.28333,277.65955,276.11545,275.67285,0.56986,0.67817,1.23473,0.43333
"564",287,0,65.125,-12.875,-184,11.44444,12.66518,66.22517,112.15553,279.30405,277.71484,276.10477,275.67676,0.63474,0.78311,1.16839,0.433
"565",288,1,65.125,-12.7916666666667,-188,11.44444,12.81777,69.42961,117.80145,279.32193,277.78326,276.08191,275.67932,0.54239,0.83133,1.07652,0.36956
"566",290,0,65.125,-12.625,-228,11.74963,12.97037,73.54961,126.04145,279.37592,277.8334,276.0087,275.67795,0.3539,1.56826,0.85027,0.3798
"567",291,0,65.125,-12.5416666666667,-207,11.90222,13.12296,73.7022,126.80441,279.41077,277.8038,275.97681,275.67737,0.36243,2.13977,0.60859,0.37535
"568",292,0,65.125,-12.4583333333333,-212,12.05481,13.27555,77.21183,135.65479,279.4509,277.76773,275.95676,275.67868,0.36552,2.43399,0.41216,0.37088
"569",293,0,65.125,-12.375,-236,12.2074,13.27555,77.97479,140.84293,279.49615,277.74594,275.93924,275.67914,0.35932,2.63728,0.41368,0.35831
"570",294,0,65.125,-12.2916666666667,-248,12.36,13.42814,76.60146,137.94366,279.54077,277.73367,275.93149,275.68076,0.42234,2.65912,0.3787,0.32173
"571",295,0,65.125,-12.2083333333333,-258,12.36,13.42814,78.43257,138.55405,279.58383,277.737,275.93127,275.67889,0.44335,2.516,0.37606,0.31315
"572",296,0,65.125,-12.125,-244,12.51259,13.27555,84.0785,143.28441,279.62704,277.7457,275.94162,275.67401,0.46106,2.25105,0.38013,0.3053
"573",297,0,65.125,-12.0416666666667,-237,12.66518,13.12296,96.2859,152.13478,279.67319,277.75879,275.96265,275.66608,0.45999,2.52954,0.37081,0.30142
"574",298,0,65.125,-11.9583333333333,-259,12.51259,12.97037,100.25331,146.64145,279.72263,277.76556,275.99649,275.65512,0.45308,2.86279,0.36404,0.30399
"575",318,0,65.125,-9.79166666666667,-751,13.42814,12.66518,29.90814,108.03553,281.10181,278.10733,275.73083,275.40616,0.79763,1.07573,0.24881,0.25331
"576",319,0,65.125,-9.70833333333334,-773,14.19111,12.97037,28.83999,107.88293,281.11401,278.05844,275.72168,275.3764,0.8088,0.94138,0.24333,0.24346
"577",320,0,65.125,-9.625,-771,15.10666,13.27555,28.22962,108.18812,281.10062,278.02277,275.70959,275.3573,0.92415,1.21488,0.24634,0.24623
"578",321,0,65.125,-9.54166666666667,-787,16.3274,13.58074,28.07703,109.10368,281.06421,278.00864,275.69339,275.33487,1.26796,1.07706,0.24733,0.24382
"579",324,0,65.125,-9.29166666666667,-834,19.22666,13.12296,29.90814,106.66219,280.84528,278.05444,275.6731,275.23904,0.43409,1.30169,0.2639,0.24713
"580",325,0,65.0416666666667,-24.2916666666667,-91,10.68148,12.51259,58.59554,101.01627,283.42059,281.10623,278.41592,277.72583,1.40507,0.88911,0.92034,0.60731
"581",326,0,65.0416666666667,-24.2083333333333,-121,10.68148,12.81777,66.68295,120.39552,283.29196,281.10117,278.40268,277.64819,1.36857,0.97742,0.95289,0.63044
"582",327,0,64.9583333333333,-24.2083333333333,-275,10.98666,14.03852,86.51998,148.93033,283.53329,281.26892,278.65976,277.93527,1.44559,1.01017,1.07528,0.7081
