fid,PA,Lat,Long,bat,mldJuly,mldJune,sstJuly,sstJune,chlorJuly,chlorJune
4,0,67.9583333333333,-16.4583333333333,-1104,10.83407,13.58074,277.74075,274.81519,0.26065,0.70224
5,0,67.9583333333333,-16.375,-1235,10.83407,13.88592,277.79788,274.87708,0.26964,0.71127
10,1,67.9583333333333,-12.375,-1843,10.83407,14.3437,279.25021,275.44135,1.52792,0.27171
11,0,67.9583333333333,-11.5416666666667,-1874,10.68148,13.42814,279.31775,275.88062,1.09542,0.25116
12,0,67.9583333333333,-11.4583333333333,-1881,10.68148,13.42814,279.35675,275.89368,1.41454,0.24803
13,0,67.9583333333333,-11.375,-1887,10.68148,13.42814,279.397,275.89362,1.20652,0.25634
14,0,67.9583333333333,-11.2916666666667,-1883,10.68148,13.42814,279.43698,275.88116,1.12228,0.25414
15,0,67.9583333333333,-11.2083333333333,-1864,10.68148,13.42814,279.47186,275.86465,0.83886,0.26069
16,0,67.9583333333333,-11.125,-1859,10.68148,13.42814,279.50879,275.85193,0.57356,0.25206
17,1,67.9583333333333,-11.0416666666667,-1770,10.68148,13.58074,279.5358,275.84531,0.56666,0.24608
21,1,67.875,-17.7916666666667,-1107,11.13926,11.90222,277.90485,274.87964,0.29582,0.56066
22,0,67.875,-16.2916666666667,-1084,10.83407,13.58074,278.29889,275.08167,0.34717,0.54694
23,0,67.875,-16.2083333333333,-1107,10.83407,13.58074,278.36761,275.10712,0.35262,0.56137
24,1,67.875,-12.875,-1839,10.68148,13.88592,279.27264,275.49911,0.82495,0.26985
25,1,67.875,-12.7916666666667,-1839,10.68148,13.88592,279.33102,275.51013,1.02666,0.27443
26,1,67.875,-12.7083333333333,-1836,10.83407,14.03852,279.37247,275.52023,1.40227,0.27305
27,0,67.875,-10.9583333333333,-1896,10.68148,13.27555,279.62173,276.02112,0.61758,0.25159
28,0,67.875,-10.875,-1894,10.68148,13.27555,279.63672,276.04379,0.70957,0.25495
29,0,67.875,-10.7916666666667,-1896,10.68148,13.27555,279.64108,276.06912,0.79233,0.26653
30,0,67.875,-10.5416666666667,-1930,10.68148,13.12296,279.64175,276.14844,0.85418,0.28812
35,1,67.7916666666667,-17.875,-1060,11.13926,12.66518,278.04926,275.21121,0.3452,0.60593
36,1,67.7916666666667,-17.7916666666667,-1073,11.13926,12.97037,278.08615,275.19666,0.37065,0.69039
37,0,67.7916666666667,-16.125,-993,10.83407,13.58074,278.83658,275.28775,0.3653,0.67366
38,0,67.7916666666667,-16.0416666666667,-988,10.68148,13.73333,278.83603,275.22552,0.35642,0.59184
39,0,67.7916666666667,-13.2083333333333,-1632,10.68148,14.3437,278.73627,275.40164,0.57323,0.25634
40,0,67.7916666666667,-13.125,-1676,10.68148,14.19111,278.86606,275.45953,0.76867,0.27658
41,0,67.7916666666667,-13.0416666666667,-1709,10.68148,14.03852,279.00137,275.51587,0.68251,0.27466
42,1,67.7916666666667,-12.9583333333333,-1805,10.68148,13.88592,279.13626,275.5625,0.58121,0.2701
43,0,67.7916666666667,-12.875,-1828,10.83407,14.03852,279.24646,275.60886,0.52037,0.26793
44,0,67.7916666666667,-10.4583333333333,-1883,10.68148,12.97037,279.64005,276.24176,0.75031,0.28346
45,0,67.7916666666667,-10.375,-1943,10.68148,13.12296,279.65521,276.24387,0.64253,0.27888
46,0,67.7916666666667,-10.2916666666667,-1688,10.68148,13.12296,279.67798,276.25436,0.58466,0.28265
47,0,67.7916666666667,-10.2083333333333,-1442,10.83407,13.12296,279.70261,276.26303,0.61555,0.28773
48,0,67.7916666666667,-10.125,-1632,10.83407,13.27555,279.7272,276.28458,0.64992,0.28782
49,0,67.7916666666667,-9.95833333333334,-1831,10.83407,13.42814,279.75754,276.33865,0.59113,0.29462
50,0,67.7916666666667,-9.875,-1825,10.83407,13.58074,279.76395,276.36652,0.61925,0.28967
53,1,67.7083333333333,-17.875,-1067,11.13926,13.27555,278.13861000000003,275.47162,0.46727,0.62967
54,0,67.7083333333333,-15.9583333333333,-927,10.68148,14.19111,278.96558,275.61935,0.41104,0.67584
55,0,67.7083333333333,-15.875,-946,10.68148,14.19111,278.91132,275.59262,0.3724,0.66405
56,0,67.7083333333333,-13.4583333333333,-1610,10.68148,14.80148,278.44958,275.27634,0.21537,0.29882
57,0,67.7083333333333,-13.375,-1580,10.68148,14.64889,278.50803,275.32733,0.24482,0.27078
58,0,67.7083333333333,-13.2916666666667,-1586,10.68148,14.49629,278.59387,275.37457,0.34796,0.26848
59,1,67.7083333333333,-13.2083333333333,-1617,10.68148,14.3437,278.70172,275.42462,0.54707,0.2746
60,0,67.7083333333333,-10.125,-1763,10.83407,13.12296,279.76453,276.34946,0.54144,0.27356
61,0,67.7083333333333,-10.0416666666667,-1767,10.83407,13.12296,279.78915,276.36874,0.52377,0.29778
62,0,67.7083333333333,-9.29166666666667,-1481,10.68148,13.58074,279.784,276.64801,1.50927,0.27981
63,0,67.7083333333333,-9.20833333333334,-1575,10.68148,13.73333,279.78741,276.66544,1.44027,0.27659
66,1,67.625,-17.875,-1030,11.13926,13.73333,278.17603,275.78909,0.45406,0.68441
67,0,67.625,-15.875,-883,10.83407,14.80148,279.07819,276.20062,0.39071,0.7556
68,0,67.625,-15.7916666666667,-880,10.68148,14.80148,279.01648,276.22324,0.34172,0.70815
69,1,67.625,-13.7083333333333,-1602,10.68148,15.41185,278.34482,275.11935,0.19065,0.27862
70,0,67.625,-13.625,-1608,10.68148,15.25926,278.38126,275.18338,0.19376,0.27943
71,0,67.625,-13.5416666666667,-1616,10.68148,14.95407,278.43015,275.24521,0.21577,0.27365
72,0,67.625,-13.4583333333333,-1627,10.68148,14.80148,278.48898,275.30167,0.24818,0.28008
73,0,67.625,-9.125,-1867,10.68148,13.27555,279.88269,276.70474,0.95958,0.28068
74,0,67.625,-9.04166666666667,-1827,10.68148,13.27555,279.91257,276.69226,1.4513,0.26716
75,0,67.625,-8.95833333333334,-1763,10.68148,13.27555,279.94571,276.6799,1.399,0.2715
79,0,67.5416666666667,-17.875,-1007,11.13926,14.03852,278.24966,276.15823,0.48696,0.79629
80,0,67.5416666666667,-15.875,-850,10.83407,15.41185,279.37402,276.61099,0.47126,0.84771
81,1,67.5416666666667,-15.7083333333333,-804,10.83407,15.41185,279.30914,276.66147,0.40228,0.91486
82,1,67.5416666666667,-15.625,-811,10.83407,15.41185,279.27875,276.61609,0.40156,0.90152
83,0,67.5416666666667,-14.0416666666667,-1572,10.68148,14.80148,278.4736,275.16483,0.21947,0.34683
84,1,67.5416666666667,-13.9583333333333,-1620,10.68148,14.80148,278.39606,275.10461,0.20255,0.3262
85,1,67.5416666666667,-13.875,-1608,10.68148,14.80148,278.36874,275.08792,0.19702,0.32792
86,0,67.5416666666667,-13.7916666666667,-1615,10.68148,14.95407,278.3815,275.10788,0.2022,0.31927
87,0,67.4583333333333,-21.7083333333333,-568,11.13926,11.59703,278.88788,276.75217,0.36956,0.77945
88,0,67.4583333333333,-21.625,-577,10.83407,11.74963,278.97284,276.78323,0.35086,0.77824
89,0,67.4583333333333,-17.9583333333333,-919,11.13926,14.19111,278.35406,276.52087,0.42498,0.69202
90,0,67.4583333333333,-15.625,-764,11.13926,15.10666,279.84857,276.98523,0.54179,0.90561
91,0,67.4583333333333,-14.2083333333333,-1069,10.83407,14.49629,279.1611,275.54877,0.23271,0.43376
92,0,67.4583333333333,-14.125,-1123,10.83407,14.49629,278.95993,275.41589,0.22476,0.3688
93,0,67.4583333333333,-14.0416666666667,-1151,10.83407,14.49629,278.78421,275.30234,0.22369,0.34575
94,0,67.375,-21.875,-453,12.2074,12.51259,278.45959,277.04181,0.3959,0.65255
95,0,67.375,-21.7916666666667,-461,12.2074,12.51259,278.49405,276.98364,0.41135,0.66978
96,0,67.375,-17.9583333333333,-901,11.13926,14.49629,278.55908,276.7124,0.43252,0.73619
97,1,67.375,-15.4583333333333,-610,11.59703,15.10666,280.51941,277.38907,0.50808,0.66245
98,0,67.375,-15.375,-611,11.59703,15.10666,280.48703,277.35095,0.51826,0.62621
99,1,67.375,-14.625,-921,11.29185,15.86963,280.14975,276.59659,0.43516,0.57075
100,0,67.375,-14.5416666666667,-927,11.13926,16.17481,280.13956,276.4624,0.42136,0.49892
101,0,67.375,-14.4583333333333,-954,11.13926,16.17481,280.09857,276.32956,0.38955,0.45318
102,1,67.375,-14.375,-999,11.13926,15.71703,280.00623,276.18631,0.36533,0.44593
103,0,67.375,-14.2916666666667,-1003,11.13926,15.25926,279.85709,276.04031,0.35073,0.44819
104,0,67.2916666666667,-21.9583333333333,-381,13.27555,14.19111,278.22226,277.35876,0.4728,0.71851
105,0,67.2916666666667,-18.0416666666667,-757,11.59703,15.25926,278.77347,276.84427,0.43851,0.57642
106,0,67.2916666666667,-17.9583333333333,-775,11.44444,15.25926,278.81046,276.87354,0.46627,0.5717
107,0,67.2916666666667,-15.2916666666667,-356,11.59703,14.95407,280.98633,277.66428,0.56321,0.50942
108,0,67.2916666666667,-15.2083333333333,-374,11.59703,14.95407,280.91733,277.62662,0.58984,0.57909
109,0,67.2916666666667,-14.875,-550,11.74963,15.41185,280.61685,277.36035,0.62402,0.73199
110,0,67.2916666666667,-14.7916666666667,-614,11.74963,15.41185,280.58228,277.2522,0.61326,0.69574
111,0,67.2916666666667,-14.7083333333333,-632,11.59703,15.41185,280.56876,277.13782,0.57932,0.77385
112,1,67.2916666666667,-14.625,-668,11.59703,15.41185,280.57504,277.03165,0.56166,0.9035
113,0,67.2083333333333,-18.2083333333333,-452,11.59703,13.88592,279.33307,276.96686,0.43553,0.45203
114,0,67.2083333333333,-15.2083333333333,-253,11.44444,15.10666,281.19611,277.54575,0.56353,0.68571
115,0,67.2083333333333,-15.125,-260,11.59703,15.10666,281.13272,277.50494,0.54389,0.75033
116,0,67.2083333333333,-15.0416666666667,-277,11.74963,15.25926,281.06573,277.4631,0.56332,0.76786
117,0,67.2083333333333,-14.9583333333333,-296,11.90222,15.41185,280.99963,277.41797,0.55472,0.73041
118,0,67.125,-19.0416666666667,-449,11.90222,17.54814,281.12198,278.22791,0.42753,0.37072
119,0,67.125,-18.9583333333333,-452,11.74963,17.54814,281.19034,278.29126,0.41358,0.30811
120,0,67.125,-18.875,-433,11.74963,17.54814,281.21356,278.29153,0.41498,0.32334
121,0,67.125,-18.7916666666667,-330,11.74963,17.85333,281.1933,278.2359,0.44511,0.32218
122,0,67.125,-18.7083333333333,-263,11.59703,18.31111,281.12756,278.12848,0.48273,0.32527
123,0,67.125,-18.625,-302,11.59703,18.4637,281.00021,277.96454,0.47853,0.337
124,0,67.125,-18.5416666666667,-409,11.59703,18.31111,280.84229,277.77786,0.45481,0.32782
125,0,67.125,-15.375,-192,11.44444,15.25926,281.47586,277.55835,0.43226,1.03005
126,0,67.125,-15.2916666666667,-188,11.29185,15.10666,281.4393,277.48398,0.43388,1.09648
127,0,67.125,-15.2083333333333,-188,11.29185,14.95407,281.39526,277.41949,0.46227,1.24439
128,0,67.125,-15.0416666666667,-227,11.59703,15.10666,281.29361,277.323,0.52343,1.25491
129,0,67.125,-14.9583333333333,-255,11.74963,15.41185,281.24109,277.30032,0.52147,1.00107
130,0,67.0416666666667,-19.625,-342,12.51259,16.02222,280.4433,278.27982,0.43998,0.42409
131,0,67.0416666666667,-19.5416666666667,-403,12.36,16.17481,280.57629,278.18494,0.42514,0.40801
132,0,67.0416666666667,-19.4583333333333,-495,12.36,16.17481,280.72018,278.12778,0.41226,0.40086
133,0,67.0416666666667,-19.375,-458,12.66518,16.48,280.86359,278.11011,0.39154,0.37318
134,0,67.0416666666667,-19.2916666666667,-419,12.66518,16.63259,281.00253,278.13596,0.39448,0.33657
135,0,67.0416666666667,-19.2083333333333,-452,12.51259,16.93777,281.1373,278.20209,0.41886,0.31177
136,0,67.0416666666667,-19.125,-454,12.2074,16.93777,281.25958,278.28378,0.43664,0.3152
137,0,67.0416666666667,-19.0416666666667,-462,12.2074,16.63259,281.37509,278.36255,0.4428,0.32576
138,0,67.0416666666667,-14.875,-229,11.59703,14.95407,281.37595,277.26971,0.39412,1.40381
139,0,66.9583333333333,-20.125,-329,12.05481,14.19111,280.35001,278.64133,0.4105,0.65984
140,0,66.9583333333333,-20.0416666666667,-337,12.36,14.49629,280.36581,278.69183,0.41519,0.65379
141,0,66.9583333333333,-19.9583333333333,-339,12.66518,14.80148,280.36893,278.71909,0.41265,0.60502
142,0,66.9583333333333,-19.875,-347,12.81777,15.10666,280.37106,278.71213,0.40499,0.62262
143,0,66.9583333333333,-19.7916666666667,-362,12.97037,15.41185,280.38821,278.67209,0.40552,0.64224
144,0,66.9583333333333,-19.7083333333333,-355,13.12296,15.86963,280.43307,278.60339,0.40698,0.57262
145,0,66.9583333333333,-14.7916666666667,-177,11.44444,14.95407,281.38928,277.27988,0.36076,1.17372
146,1,66.9583333333333,-14.7083333333333,-193,11.59703,15.10666,281.32214,277.31821,0.34172,1.34122
147,1,66.9583333333333,-14.625,-204,11.59703,15.25926,281.23947,277.34558,0.33772,1.08323
148,1,66.9583333333333,-14.5416666666667,-222,11.74963,15.25926,281.15607,277.35907,0.33371,1.07387
149,1,66.9583333333333,-14.4583333333333,-206,11.74963,15.25926,281.07779,277.35617,0.34183,1.06548
150,1,66.9583333333333,-14.375,-220,11.74963,15.25926,281.00827,277.34055,0.37239,1.16745
151,1,66.9583333333333,-14.2916666666667,-235,11.74963,15.25926,280.95526,277.31763,0.38526,1.1095
152,1,66.9583333333333,-14.2083333333333,-224,11.74963,15.25926,280.92358,277.29428,0.40973,1.03827
153,1,66.9583333333333,-14.125,-238,11.74963,15.25926,280.91138,277.27478,0.42756,0.98562
154,0,66.9583333333333,-14.0416666666667,-253,11.74963,15.25926,280.91638,277.26199,0.45288,1.15683
155,0,66.9583333333333,-13.9583333333333,-257,11.74963,15.41185,280.93591,277.24976,0.48702,1.87582
156,0,66.9583333333333,-13.875,-257,11.74963,15.56444,280.95886,277.23273,0.49157,1.07699
157,0,66.9583333333333,-13.7916666666667,-296,11.90222,15.71703,280.97827,277.21048,0.48917,0.84595
158,0,66.9583333333333,-13.7083333333333,-502,11.90222,15.86963,280.98016,277.18372,0.48908,0.71969
159,1,66.9583333333333,-13.625,-614,11.90222,16.02222,280.94586,277.15005,0.50777,0.70237
160,0,66.9583333333333,-13.5416666666667,-675,11.90222,16.17481,280.88702,277.11313,0.53087,0.73158
161,0,66.9583333333333,-13.4583333333333,-721,11.59703,16.17481,280.80984,277.07248,0.49502,0.66118
162,1,66.9583333333333,-13.375,-780,11.59703,16.02222,280.72058,277.02438,0.45657,0.59461
163,1,66.9583333333333,-13.2916666666667,-908,11.44444,16.02222,280.63251,276.96777,0.387,0.60722
164,1,66.9583333333333,-13.0416666666667,-1431,11.29185,14.95407,280.41998,276.81995,0.38536,0.56831
165,1,66.9583333333333,-12.9583333333333,-1450,11.13926,14.49629,280.35205,276.79733,0.3799,0.60191
166,0,66.875,-20.7916666666667,-254,12.66518,14.03852,279.91891,278.48932,0.49734,0.67668
167,0,66.875,-20.7083333333333,-280,12.66518,13.42814,279.96054,278.47327,0.4882,0.72167
168,1,66.875,-20.625,-293,12.66518,13.27555,280.04712,278.47504,0.49791,0.77331
169,0,66.875,-20.5416666666667,-295,12.66518,13.42814,280.16476,278.50455,0.45352,0.69292
170,0,66.875,-20.4583333333333,-295,12.66518,13.88592,280.29504,278.56549,0.4405,0.6636
171,0,66.875,-20.375,-317,12.81777,14.03852,280.40015,278.65286,0.42627,0.67205
172,0,66.875,-20.2916666666667,-342,13.12296,14.03852,280.4787,278.74692,0.44031,0.60853
173,0,66.875,-20.2083333333333,-369,13.27555,14.19111,280.53189,278.83594,0.44281,0.5668
174,0,66.875,-13.2916666666667,-491,11.44444,15.10666,280.86389,277.12625,0.47365,0.73254
175,1,66.875,-13.2083333333333,-699,11.44444,15.25926,280.83237,277.08203,0.45344,0.74174
176,1,66.875,-13.125,-1022,11.44444,15.41185,280.80582,277.04294,0.45668,0.80052
177,0,66.875,-13.0416666666667,-1306,11.44444,15.25926,280.7818,277.00943,0.44011,0.92112
178,0,66.875,-12.9583333333333,-1299,11.29185,15.10666,280.73999,276.98456,0.41567,0.94194
179,1,66.875,-12.875,-1317,11.29185,14.80148,280.6636,276.95087,0.40544,0.91965
180,0,66.875,-12.7916666666667,-1374,11.13926,14.3437,280.55069,276.90561,0.41884,0.99368
181,0,66.875,-12.7083333333333,-1382,10.98666,14.03852,280.40942,276.84924,0.42895,0.95026
182,0,66.875,-12.625,-1403,10.83407,13.88592,280.26172,276.78891,0.42624,0.91624
183,0,66.875,-12.5416666666667,-1419,10.83407,13.73333,280.12955,276.75003,0.42687,0.92271
184,0,66.875,-12.4583333333333,-1436,10.68148,13.73333,280.03342,276.73059,0.40534,0.88089
185,0,66.7916666666667,-21.2916666666667,-78,11.90222,14.19111,280.45242,279.00458,0.53921,0.73638
186,0,66.7916666666667,-21.2083333333333,-93,11.74963,13.88592,280.35568,278.92316,0.55351,0.81759
187,0,66.7916666666667,-21.125,-107,11.74963,13.88592,280.25659,278.83902,0.58301,0.89012
188,0,66.7916666666667,-21.0416666666667,-175,12.05481,14.03852,280.16461,278.76944,0.56489,0.85525
189,0,66.7916666666667,-20.9583333333333,-208,12.36,14.3437,280.08719,278.71597,0.5264,0.78906
190,0,66.7916666666667,-20.875,-252,12.66518,14.03852,280.0434,278.68127,0.48224,0.76472
191,1,66.7916666666667,-12.875,-1114,11.29185,14.80148,280.73376,277.009,0.41437,1.05961
192,0,66.7916666666667,-12.7916666666667,-1238,11.29185,14.64889,280.65674,276.96902,0.41267,1.15724
193,1,66.7916666666667,-12.7083333333333,-1247,11.13926,14.3437,280.55063,276.91748,0.42837,1.20286
194,0,66.7916666666667,-12.625,-1301,10.98666,14.3437,280.42432,276.8645,0.41257,1.20546
195,0,66.7083333333333,-21.4583333333333,-94,12.2074,15.10666,280.55984,279.06647,0.51555,0.75619
196,0,66.7083333333333,-21.375,-93,12.05481,14.64889,280.47778,279.01743,0.50224,0.69251
197,1,66.7083333333333,-13.125,-220,11.44444,15.41185,280.75336,277.09943,0.53158,0.97039
198,1,66.7083333333333,-13.0416666666667,-204,11.29185,15.10666,280.73709,277.06946,0.49986,0.94799
199,0,66.7083333333333,-12.9583333333333,-218,11.29185,14.95407,280.71774,277.03693,0.46932,0.93045
200,1,66.625,-13.375,-203,11.74963,16.3274,280.80106,277.17892,0.41969,1.02754
201,1,66.625,-13.2916666666667,-205,11.90222,16.78518,280.78049,277.16376,0.41591,1.04688
202,1,66.625,-13.2083333333333,-228,11.90222,16.78518,280.7652,277.14691,0.48059,1.01558
203,0,66.625,-13.125,-246,11.74963,16.78518,280.75552,277.12494,0.56653,0.97322
204,0,66.5416666666667,-17.2916666666667,-207,10.83407,12.97037,282.28912,278.80283,0.58571,0.37129
205,0,66.5416666666667,-17.2083333333333,-139,10.68148,12.97037,282.25214,278.79877,0.54293,0.43446
206,0,66.5416666666667,-13.625,-205,11.44444,15.56444,280.96915,277.29095,0.43474,0.92178
207,1,66.5416666666667,-13.5416666666667,-229,11.59703,15.86963,280.91907,277.25549,0.44776,0.88352
208,1,66.5416666666667,-13.4583333333333,-228,11.59703,16.02222,280.88501,277.23227,0.46647,0.85356
209,1,66.5416666666667,-13.375,-266,11.59703,16.02222,280.87143,277.23596,0.46788,0.9483
210,0,66.4583333333333,-17.4583333333333,-228,10.83407,13.42814,282.27438,278.94492,0.54276,0.33381
211,0,66.4583333333333,-17.375,-209,10.68148,13.12296,282.30371,278.93997,0.59692,0.40617
212,0,66.4583333333333,-13.875,-152,11.44444,14.95407,281.11026,277.3847,0.439,1.57995
213,1,66.4583333333333,-13.7916666666667,-185,11.44444,15.41185,281.08167,277.34488,0.43795,1.20344
214,0,66.4583333333333,-13.7083333333333,-208,11.44444,15.71703,281.04965,277.30939,0.43542,1.12082
215,0,66.4583333333333,-13.625,-239,11.44444,15.71703,281.01807,277.28717,0.49465,0.92355
216,0,66.375,-18.2916666666667,-89,10.68148,12.36,282.12912,278.61667,0.63614,0.29379
217,0,66.375,-17.875,-70,10.83407,13.58074,281.95737,278.53873,0.80884,0.3007
218,0,66.375,-17.7916666666667,-115,10.68148,13.58074,282.00189,278.64639,0.58819,0.29467
219,0,66.375,-17.7083333333333,-243,10.68148,12.97037,282.06607,278.77133,0.53748,0.31638
220,0,66.375,-17.625,-274,10.68148,12.81777,282.15253,278.88126,0.50491,0.35008
221,0,66.375,-17.5416666666667,-252,10.68148,12.81777,282.22028,278.96344,0.53281,0.37795
222,0,66.375,-13.9583333333333,-149,11.44444,14.80148,281.1073,277.35205,0.42468,1.06003
223,0,66.2916666666667,-18.375,-176,10.68148,12.2074,282.15378,278.73093,0.69495,0.35262
224,0,66.2916666666667,-18.125,-76,10.52889,12.36,282.23541,278.55731,0.6546,0.29514
225,0,66.2916666666667,-18.0416666666667,-62,10.52889,12.36,282.21881,278.51801,0.59898,0.28202
226,0,66.2916666666667,-17.9583333333333,-61,10.68148,12.51259,282.20465,278.53128,0.61361,0.39453
227,0,66.2083333333333,-25.2916666666667,-140,12.05481,14.3437,281.90225,279.28622,1.22812,1.55543
228,0,66.2083333333333,-25.2083333333333,-135,11.90222,14.19111,281.85526,279.23932,1.28802,1.63626
229,0,66.2083333333333,-24.875,-92,11.74963,14.3437,281.78992,279.23071,1.6052,1.85322
230,0,66.2083333333333,-24.7916666666667,-86,11.59703,14.19111,281.85123,279.2818,1.62995,1.9156
231,0,66.2083333333333,-24.7083333333333,-86,11.59703,13.73333,281.91821,279.34003,1.58166,1.69708
232,0,66.2083333333333,-24.625,-84,11.59703,13.58074,281.96582,279.41238,1.63608,1.83207
233,0,66.2083333333333,-18.4583333333333,-197,10.68148,11.90222,282.12082,278.86951,0.75992,0.35892
234,1,66.2083333333333,-13.7916666666667,-206,10.83407,12.81777,280.95132,277.41852,0.42152,1.10372
235,0,66.125,-25.375,-143,12.05481,14.3437,281.95175,279.55054,1.18109,1.41363
236,0,66.125,-25.2916666666667,-112,12.05481,14.19111,281.92371,279.47552,1.34036,1.51865
237,0,66.125,-18.375,-87,10.52889,12.2074,281.98251,279.00027,0.84119,0.57089
238,1,66.125,-13.7916666666667,-101,10.83407,12.97037,280.71124,277.44354,0.4874,0.99182
239,1,66.125,-13.7083333333333,-115,10.98666,13.42814,280.64798,277.46167,0.475,0.89316
240,0,66.0416666666667,-18.375,-109,10.52889,12.05481,281.69571,279.13589,0.98492,0.6098
246,1,65.875,-13.5416666666667,-235,10.68148,12.66518,281.06647,277.50357,0.44472,1.2625
249,1,65.7916666666667,-13.375,-230,10.68148,12.51259,281.33395,277.43314,0.49549,1.02683
250,0,65.7083333333333,-27.875,-782,14.95407,17.39555,282.46899,280.76218,0.51356,0.61432
251,1,65.7083333333333,-13.375,-202,10.52889,12.05481,281.27917,277.56689,0.59081,1.52025
252,0,65.7083333333333,-13.2916666666667,-236,10.52889,12.2074,281.22601,277.4686,0.62199,1.39595
253,0,65.625,-27.9583333333333,-771,15.10666,17.54814,282.69351,280.96072,0.52578,0.6096
254,0,65.625,-13.2083333333333,-178,10.52889,12.05481,280.84586,277.4288,0.72212,1.27118
255,0,65.5416666666667,-13.2083333333333,-125,10.52889,11.74963,280.41837,277.39301,0.80766,1.17751
256,0,65.4583333333333,-13.125,-102,10.68148,12.66518,280.16409,277.2916,0.796,1.16371
257,1,65.4583333333333,-13.0416666666667,-111,10.68148,12.81777,280.28076,277.2442,0.79436,1.16775
258,1,65.4583333333333,-12.9583333333333,-106,10.68148,12.97037,280.38235,277.20773,0.73886,1.23598
259,0,65.375,-27.9583333333333,-934,15.56444,17.39555,282.97461,281.09821,0.51525,0.64749
260,0,65.375,-27.875,-852,15.41185,17.09037,282.93182,281.0979,0.46167,0.60396
261,0,65.375,-12.875,-206,10.83407,12.81777,280.11499,277.19489,0.82342,0.97879
262,0,65.375,-12.7916666666667,-214,10.83407,12.81777,280.13116,277.16565,0.79415,0.8907
263,1,65.375,-12.7083333333333,-226,10.83407,12.81777,280.09192,277.14169,0.85542,0.89652
264,1,65.375,-12.625,-238,10.83407,12.97037,280.04486000000003,277.13748,0.84859,1.02997
265,1,65.375,-12.5416666666667,-244,10.83407,13.12296,279.99643,277.14902,0.83585,0.96104
266,1,65.375,-12.4583333333333,-246,10.83407,13.42814,279.96356,277.17255,0.77564,0.94385
267,1,65.2916666666667,-27.9583333333333,-899,15.71703,17.09037,283.05923,281.14789,0.49631,0.644
268,0,65.2916666666667,-27.875,-852,15.41185,16.78518,283.01117,281.14029,0.47663,0.63005
269,0,65.2916666666667,-27.7916666666667,-809,15.10666,16.3274,282.93985,281.09848,0.45446,0.64242
270,0,65.2916666666667,-27.7083333333333,-732,14.95407,16.02222,282.84656,281.0257,0.45769,0.64503
271,0,65.2916666666667,-27.625,-680,14.64889,15.86963,282.73453,280.93188,0.4723,0.58519
272,1,65.2916666666667,-12.4583333333333,-187,10.68148,13.42814,280.08868,277.14093,0.69013,1.21199
273,0,65.2916666666667,-12.375,-190,10.68148,13.73333,280.08359,277.16675,0.61935,1.57419
274,0,65.2916666666667,-12.2916666666667,-219,10.68148,13.73333,280.07153,277.19229,0.53099,1.24358
275,0,65.2916666666667,-9.54166666666667,-824,11.29185,13.27555,280.56232,277.21219,1.16363,0.35596
276,0,65.2916666666667,-9.45833333333334,-827,11.29185,13.42814,280.4494,277.26532,1.1416,0.35687
278,0,65.2083333333333,-12.125,-207,10.83407,14.49629,280.03885,277.13623,0.47098,1.6964
279,0,65.2083333333333,-12.0416666666667,-231,10.83407,14.49629,280.0181,277.18729,0.44145,1.78362
280,0,65.2083333333333,-11.9583333333333,-235,10.98666,14.3437,280.02121,277.23114,0.46135,1.44764
281,0,65.2083333333333,-11.875,-239,10.83407,14.3437,280.05814,277.26489,0.41193,1.4739
282,0,65.2083333333333,-11.7916666666667,-219,10.83407,13.88592,280.11569,277.29175,0.43024,1.52687
283,0,65.2083333333333,-9.79166666666667,-797,11.29185,13.42814,281.16205,277.27048,0.86312,0.38509
284,0,65.2083333333333,-9.70833333333334,-799,11.29185,13.27555,281.00397,277.17929,0.83338,0.38965
285,0,65.2083333333333,-9.625,-800,11.29185,13.27555,280.8288,277.15594,0.83934,0.37745
286,0,65.125,-11.7083333333333,-227,10.83407,13.73333,280.20233,277.32767,0.45763,1.57336
287,0,65.125,-11.625,-254,10.83407,13.27555,280.26431,277.453,0.48794,1.39313
288,0,65.125,-11.5416666666667,-262,10.83407,12.97037,280.31906,277.66837,0.54777,1.15611
289,1,65.125,-11.4583333333333,-360,10.83407,12.81777,280.37521,277.97125,0.61082,0.89506
290,0,65.125,-11.375,-482,10.98666,12.66518,280.4455,278.33264,0.5812,0.8975
291,0,65.125,-11.2916666666667,-557,11.13926,12.81777,280.53455,278.70529,0.60316,1.01812
292,0,65.125,-11.2083333333333,-616,11.13926,12.81777,280.65344,279.05164,0.54054,1.12496
293,0,65.125,-11.125,-656,11.13926,12.97037,280.8006,279.31879,0.59552,1.03069
294,0,65.125,-11.0416666666667,-674,11.13926,13.12296,280.95554,279.50336,0.64319,1.01208
295,0,65.125,-10.9583333333333,-658,11.13926,13.27555,281.10464,279.62109,0.72105,1.05418
296,0,65.125,-10.2916666666667,-563,11.13926,15.10666,281.58188,279.6185,1.10085,0.54681
297,0,65.125,-10.2083333333333,-596,11.29185,15.10666,281.55481,279.40378,1.1085,0.52888
298,0,65.125,-10.125,-635,11.29185,15.10666,281.54095,279.09174,1.01459,0.49674
299,0,65.125,-10.0416666666667,-679,11.29185,14.80148,281.53278,278.7157,1.12617,0.47073
300,0,65.125,-9.95833333333334,-712,11.29185,14.3437,281.51685,278.32169,1.06751,0.46098
301,0,65.125,-9.875,-735,11.29185,14.03852,281.47092,277.96494,0.94878,0.44972
302,0,65.0416666666667,-10.875,-553,11.13926,13.27555,281.48752,279.84979,0.74119,1.13541
303,0,65.0416666666667,-10.7916666666667,-519,11.13926,13.42814,281.66199,279.9133,0.69364,1.13208
304,0,65.0416666666667,-10.5416666666667,-463,11.13926,14.49629,281.97305,280.11554,1.07148,1.03809
305,0,65.0416666666667,-10.4583333333333,-469,11.13926,14.95407,281.966,280.20667,1.09884,1.1145
306,0,65.0416666666667,-10.375,-468,11.29185,15.25926,281.91669,280.27481,1.06397,0.83271
307,0,64.9583333333333,-10.7083333333333,-447,11.13926,13.88592,282.10559,280.0029,0.94803,0.9727
308,0,64.9583333333333,-10.625,-441,11.13926,14.19111,282.15366,280.07968,0.96904,0.94982
1,0,67.708365,-12.542325,-1790,11.44444,11.59703,279.78421,277.15543,0.24769,0.37366
2,0,67.625035,-22.375265,-621,11.29185,11.59703,279.1618,276.68658,0.45994,0.42798
3,1,67.625035,-22.291935,-623,11.29185,11.44444,279.25919,276.70343,0.44481,0.45781
4,0,67.625035,-22.208605,-618,11.44444,11.29185,279.3353,276.76508,0.43428,0.61627
5,0,67.625035,-22.125275,-617,11.44444,11.29185,279.39297,276.88254,0.45462,0.6318
6,0,67.625035,-12.458995,-1770,11.29185,11.74963,279.9292,277.16632,0.25878,0.35283
7,0,67.625035,-12.375665,-1773,11.29185,11.74963,279.95013,277.17041,0.26326,0.35162
8,0,67.541705,-22.041945,-562,10.83407,11.13926,279.40552,277.22452,0.4568,0.55124
9,0,67.541705,-21.958615000000002,-580,10.98666,11.13926,279.45926,277.48483,0.37887,0.49654
10,0,67.541705,-21.875285,-592,11.13926,11.13926,279.51587,277.71262,0.33085,0.44937
11,0,67.541705,-12.292335,-1729,11.13926,11.44444,280.07486,277.19302,0.25807,0.35147
12,0,67.541705,-12.209005,-1695,11.13926,11.59703,280.07327,277.18811,0.2767,0.36142
13,0,67.541705,-12.125675,-1673,11.29185,11.59703,280.05545,277.18118,0.31767,0.35744
14,0,67.458375,-21.791955,-558,10.83407,10.98666,279.38745,277.8201,0.32755,0.43244
15,0,67.458375,-21.708625,-568,11.13926,11.13926,279.44897,277.9715,0.30847,0.39054
16,0,67.458375,-21.625295,-577,11.29185,11.13926,279.5264,278.0379,0.30937,0.38597
17,0,67.458375,-21.541965,-578,11.29185,11.44444,279.62155,278.0647,0.31853,0.35424
18,1,67.458375,-21.458635,-569,11.29185,11.59703,279.72137,278.05457,0.32749,0.36753
19,1,67.458375,-21.375305,-563,10.98666,11.74963,279.8118,278.01007,0.33335,0.34323
20,0,67.458375,-12.042345,-1660,10.98666,11.44444,280.01279,277.18619,0.31194,0.38261
21,1,67.375045,-21.375305,-348,10.83407,10.98666,279.52341,277.38364,0.51861,0.63408
22,1,67.375045,-21.291975,-346,10.83407,11.13926,279.59979,277.28897,0.52197,0.68708
23,0,67.375045,-21.208645,-331,10.83407,11.13926,279.63721,277.20834,0.50326,0.76215
24,0,67.375045,-21.125315,-327,10.83407,11.13926,279.64523,277.15979,0.52814,0.83003
25,0,67.375045,-11.959015,-1588,10.98666,11.44444,279.94992,277.24637,0.54039,0.68071
26,0,67.375045,-11.875685,-1582,10.98666,11.44444,279.95624,277.2229,0.70289,0.7295
27,0,67.375045,-11.792355,-1590,10.98666,11.44444,279.96191,277.19452,0.94348,0.50798
28,0,67.291715,-21.041985,-289,11.29185,10.98666,279.39377,276.58032,0.57489,0.79674
29,0,67.291715,-20.958655,-276,11.29185,10.98666,279.34528,276.65826,0.58275,0.79157
30,0,67.291715,-20.875325,-275,11.29185,10.98666,279.31937,276.79791,0.566,0.82287
31,1,67.291715,-20.791995,-279,11.29185,10.98666,279.31305,276.96497,0.50426,0.90625
32,0,67.291715,-11.709025,-1557,10.98666,11.44444,280.04706,277.34451,0.80966,0.95114
33,0,67.291715,-11.625695,-1563,10.98666,11.44444,280.03552,277.30853,1.04114,0.7443
34,1,67.208385,-20.791995,-266,12.97037,11.13926,279.18661,276.46902,0.47055,0.85813
35,0,67.208385,-20.708665,-247,12.81777,11.13926,279.17795,276.59592,0.54065,0.8992
36,1,67.208385,-20.625335,-247,12.51259,10.98666,279.21375,276.73721,0.55273,0.80421
37,1,67.208385,-20.542005,-242,12.2074,10.98666,279.28546,276.86841,0.57382,0.86099
38,0,67.208385,-20.458675,-253,12.05481,10.98666,279.37445,276.98877,0.58102,0.8762
39,0,67.208385,-11.542365,-1565,10.98666,11.29185,279.98175,277.52194,0.36311,0.47416
40,0,67.208385,-11.459035,-1576,10.83407,11.29185,279.94379,277.48529,0.43639,0.6025
41,0,67.125055,-24.291855,-712,10.98666,10.68148,278.04092,274.62228,0.48559,0.47615
42,0,67.125055,-20.458675,-239,12.66518,10.98666,279.5401,276.90414,0.47965,0.97224
43,0,67.125055,-20.292015,-262,12.2074,10.98666,279.68878,277.18829,0.55159,0.75663
44,0,67.125055,-20.208685,-274,11.74963,10.98666,279.75024,277.30698,0.52967,0.70801
45,1,67.125055,-20.125355,-300,11.44444,10.83407,279.80267,277.39581,0.50948,0.77994
46,0,67.125055,-11.375705,-1544,10.83407,11.29185,279.82681,277.63644,0.31504,0.81147
47,0,67.125055,-11.292375,-1542,10.83407,11.29185,279.85327,277.61514,0.42726,0.93864
48,0,67.041725,-24.291855,-569,10.68148,10.98666,278.29355,275.09134,0.58199,0.51443
49,0,67.041725,-20.042025,-303,10.83407,10.83407,279.93185,277.5441,0.38692,1.22486
50,1,67.041725,-19.958695,-305,10.83407,10.83407,279.96164,277.55801,0.3602,1.23328
51,0,67.041725,-19.875365,-303,10.98666,10.83407,280.00809,277.57458,0.34098,1.32127
52,0,67.041725,-11.125715,-1533,10.68148,11.29185,279.9913,277.77911,0.38777,0.77413
53,0,67.041725,-11.042385,-1526,10.68148,11.29185,280.09802,277.81815,0.28345,0.68221
54,1,66.958395,-24.291855,-411,12.81777,12.66518,279.08322,275.93491,0.89036,0.45943
55,1,66.958395,-24.208525,-367,13.42814,13.12296,279.33859,275.65625,0.99557,0.483
59,0,66.875065,-25.125155,-900,10.83407,10.98666,277.80905,274.66589,0.54445,0.52025
60,0,66.875065,-25.041825,-864,10.83407,11.13926,277.76105,274.74988,0.53212,0.67172
61,0,66.875065,-24.958495,-792,11.13926,11.29185,277.81406,275.1481,0.51901,0.69406
64,1,66.875065,-24.708505,-386,12.51259,12.81777,278.46188,276.36096,0.7441,0.3681
65,1,66.875065,-24.625175,-271,13.42814,13.58074,278.80554,276.69302,0.73605,0.34255
66,1,66.875065,-24.541845,-215,14.49629,14.03852,279.17538,276.71799,0.78155,0.38926
67,1,66.875065,-24.458515,-201,15.10666,14.49629,279.55746,276.70831,0.86933,0.5129
68,1,66.875065,-24.375185,-225,15.71703,15.41185,279.92883,276.65067,0.90781,0.67226
69,0,66.875065,-24.291855,-232,16.3274,16.48,280.26617,277.0145,1.01008,1.11679
70,0,66.875065,-24.208525,-223,16.17481,16.63259,280.55414,277.43295,0.98755,1.26907
71,0,65.875105,-27.958375,-633,12.05481,12.66518,280.70184,281.29266,0.94365,1.02478
72,0,65.875105,-27.875045,-642,12.51259,13.73333,280.75836,281.33044,0.81911,1.03484
73,0,65.875105,-27.791715,-667,12.97037,13.88592,280.84024,281.37408,0.80239,1.06804
74,1,65.875105,-27.708385,-676,13.27555,13.42814,280.95679,281.42773,0.80294,1.08041
75,0,65.875105,-27.625055,-688,13.42814,14.49629,281.12424,281.48224,0.82826,1.11806
76,1,65.875105,-27.541725,-699,13.58074,16.3274,281.35065,281.54288,0.80881,1.25577
77,0,65.875105,-27.458395,-691,13.88592,16.63259,281.62778,281.60117,1.01819,1.10785
78,0,65.875105,-27.375065,-633,14.19111,16.17481,281.91858,281.65201,1.09458,1.24442
79,1,65.875105,-27.291735,-570,14.49629,15.71703,282.18973,281.6853,1.1782,1.26847
80,0,65.875105,-27.208405,-515,14.64889,15.71703,282.41992,281.67709,1.20728,1.3119
81,0,65.875105,-27.125075,-492,14.64889,15.86963,282.56314,281.60556,1.08301,1.33754
82,0,65.791775,-27.125075,-457,13.12296,14.64889,282.92841,281.74298,1.07965,1.18527
83,0,65.791775,-27.041745,-434,12.97037,14.64889,283.00095,281.71393,1.07768,1.15267
85,0,64.958475,-27.958375,-904,11.90222,12.66518,284.84708,282.57349,0.50533,0.60073
86,0,64.958475,-26.708425,-208,11.13926,13.12296,285.20233,282.24075,0.71823,0.9769
87,0,64.958475,-26.625095,-192,11.29185,12.81777,285.22324,282.24826,0.69047,0.88458
6,0,67.9583333333333,-18.9583333333333,-1056,14.3437,13.12296,277.9375,275.98764,0.34007,4.53019
7,0,67.9583333333333,-16.625,-1109,15.86963,15.86963,279.2854,276.24509,0.38826,3.55843
16,0,67.875,-18.9583333333333,-953,16.02222,14.03852,278.80032,276.44427,0.49882,3.5949
17,0,67.875,-16.625,-1041,16.63259,16.93777,279.66055,276.72305,0.57324,1.81466
18,0,67.875,-15.0416666666667,-1070,12.51259,15.56444,279.31808,276.76364,0.90197,1.32722
26,0,67.875,-14.2083333333333,-1234,11.90222,14.3437,278.91974,275.81149,0.23736,3.20504
27,0,67.875,-14.125,-1245,11.74963,14.19111,278.86893,275.73123,0.24416,3.20927
28,0,67.875,-14.0416666666667,-1258,11.44444,13.88592,278.82568,275.67032,0.24262,2.99604
29,0,67.875,-13.9583333333333,-1346,11.44444,13.58074,278.78799,275.62875,0.2413,2.49697
30,0,67.875,-13.875,-1563,11.44444,13.42814,278.76215,275.59625,0.26026,2.06208
31,0,67.875,-13.7916666666667,-1530,11.44444,13.42814,278.74496,275.5769,0.26505,1.79662
32,0,67.875,-13.7083333333333,-1552,11.59703,13.42814,278.73352,275.56573,0.25248,1.89914
33,0,67.875,-13.625,-1586,11.74963,13.42814,278.72321,275.56339,0.25021,1.97131
34,0,67.875,-13.5416666666667,-1589,11.90222,13.58074,278.71933,275.56537,0.24323,1.86774
40,0,67.875,-12.7916666666667,-1839,13.27555,15.71703,278.83337,275.87228,0.185,1.29053
41,0,67.875,-12.7083333333333,-1836,13.27555,15.71703,278.85324,275.89868,0.1885,1.10969
42,0,67.875,-12.625,-1834,13.27555,15.86963,278.86685,275.91629,0.19542,1.02729
45,0,67.875,-12.375,-1838,13.12296,16.02222,278.89014,275.95709,0.18234,0.79119
48,0,67.875,-12.0416666666667,-1840,13.73333,16.02222,278.90356,276.0177,0.20427,0.76488
49,0,67.875,-11.9583333333333,-1843,13.88592,16.17481,278.90729,276.0401,0.21482,0.75345
50,0,67.875,-11.875,-1846,13.88592,16.17481,278.91797,276.06,0.22666,0.72237
51,0,67.875,-11.7916666666667,-1849,13.88592,16.3274,278.93356,276.0784,0.2232,0.71114
52,0,67.875,-11.7083333333333,-1852,13.88592,16.48,278.95078,276.09427,0.22052,0.70152
53,0,67.875,-11.625,-1855,13.73333,16.63259,278.97324,276.1091,0.22132,0.66161
54,0,67.875,-11.5416666666667,-1858,13.58074,16.63259,278.99811,276.12079,0.21314,0.61962
55,0,67.875,-11.4583333333333,-1862,13.42814,16.63259,279.02682,276.12985,0.2114,0.606
56,0,67.875,-11.375,-1866,13.27555,16.63259,279.05859,276.13901,0.20706,0.60971
57,0,67.875,-11.2916666666667,-1873,13.12296,16.63259,279.08853,276.14737,0.20482,0.61936
58,0,67.875,-11.2083333333333,-1884,12.81777,16.63259,279.11771,276.16147,0.23132,0.65588
59,0,67.875,-11.125,-1895,12.66518,16.48,279.1489,276.17493,0.21594,0.71691
60,0,67.875,-11.0416666666667,-1901,12.81777,16.3274,279.17633,276.19559,0.20328,0.74201
61,0,67.875,-10.9583333333333,-1896,12.81777,16.3274,279.20352,276.22211,0.20706,0.84568
62,0,67.875,-10.625,-1927,13.27555,16.3274,279.29572,276.34784,0.24484,0.7099
63,0,67.875,-10.5416666666667,-1930,13.42814,16.3274,279.31955,276.37817,0.24592,0.76273
64,0,67.875,-10.4583333333333,-1941,13.42814,16.48,279.34732,276.40857,0.25535,0.81314
65,0,67.875,-10.375,-1945,13.58074,16.63259,279.37915,276.43533,0.2702,0.85555
66,0,67.875,-10.2916666666667,-1957,13.73333,16.63259,279.41492,276.45929,0.30229,0.78454
67,0,67.875,-10.2083333333333,-1840,13.88592,16.63259,279.44965,276.47983,0.32481,0.71261
68,0,67.875,-10.125,-1767,14.03852,16.63259,279.49078,276.49997,0.30401,0.72237
69,0,67.875,-10.0416666666667,-1784,14.3437,16.78518,279.52875,276.51859,0.29005,0.8142
70,0,67.875,-9.95833333333334,-1801,14.49629,16.93777,279.56906,276.53821,0.35052,1.0106
71,0,67.875,-9.875,-1823,14.49629,16.93777,279.60083,276.56772,0.33511,1.01104
72,0,67.875,-9.79166666666667,-1820,14.49629,17.09037,279.629,276.60236,0.32837,1.03124
73,0,67.875,-9.70833333333334,-1782,14.49629,17.09037,279.65225,276.64386,0.34164,1.0699
74,0,67.875,-9.625,-1711,14.49629,17.24296,279.6781,276.69315,0.34579,1.12797
75,0,67.875,-9.54166666666667,-1487,14.49629,17.24296,279.70032,276.74664,0.35403,1.2735
76,0,67.875,-9.45833333333334,-1129,14.64889,17.24296,279.72253,276.80347,0.36559,1.33661
83,0,67.7916666666667,-18.9583333333333,-783,16.78518,15.25926,279.66632,277.34976,1.07444,2.08962
84,0,67.7916666666667,-16.7916666666667,-1057,17.70074,16.93777,279.76114,276.9173,0.62633,1.35959
85,0,67.7916666666667,-15.0416666666667,-1017,13.12296,15.86963,279.39172,276.98868,0.47328,0.89002
91,1,67.7083333333333,-23.625,-997,15.41185,12.51259,276.99222,275.52231,0.54092,0.80964
92,0,67.7083333333333,-21.2916666666667,-803,17.85333,15.10666,279.59024,277.71414,1.1148,0.65592
93,0,67.7083333333333,-18.9583333333333,-552,18.31111,13.88592,279.98224,278.04749,1.1346,0.81028
94,0,67.7083333333333,-16.7916666666667,-1014,18.31111,17.24296,279.85214,277.11133,0.79104,1.11666
95,0,67.7083333333333,-15.0416666666667,-987,14.95407,16.17481,279.43387,277.08997,0.61327,0.86404
97,0,67.625,-24.2916666666667,-1214,14.64889,13.12296,274.57983,273.66965,0.5693,1.05564
98,1,67.625,-24.2083333333333,-1175,14.64889,13.12296,274.75137,273.94263,0.60622,1.16827
99,1,67.625,-24.125,-1183,13.88592,12.81777,275.09586,274.1597,0.5447,1.46634
100,1,67.625,-24.0416666666667,-1124,14.3437,12.51259,275.56848,274.42868,0.52228,1.672
101,1,67.625,-23.7083333333333,-955,16.3274,13.88592,278.00629,275.69766,0.4909,1.2861
102,1,67.625,-23.625,-907,16.93777,14.64889,278.47144,275.98325,0.42951,1.01503
103,0,67.625,-21.2916666666667,-745,17.39555,14.80148,279.63998,277.90768,0.98561,1.33953
104,0,67.625,-18.9583333333333,-424,19.22666,14.49629,280.04733,278.20035,0.97583,0.88739
105,0,67.625,-16.7916666666667,-955,18.15851,17.39555,279.96075,277.2518,0.8279,0.82092
107,1,67.5416666666667,-23.7083333333333,-816,19.07407,16.02222,279.14142,276.45227,0.49094,0.95105
108,0,67.5416666666667,-21.2916666666667,-660,18.15851,14.95407,279.75302,278.18695,1.50969,0.88215
109,0,67.5416666666667,-18.9583333333333,-410,20.29481,15.71703,280.09698,278.173,0.94677,0.80095
110,0,67.5416666666667,-16.7083333333333,-887,16.93777,18.00592,280.16052,277.41672,0.64933,0.62528
113,1,67.4583333333333,-23.7083333333333,-702,22.73629,17.09037,279.63528,277.20218,0.7859,0.95984
114,0,67.4583333333333,-21.2916666666667,-544,21.05777,15.71703,279.86777,278.5434,2.08528,0.2901
115,0,67.4583333333333,-18.9583333333333,-416,21.51555,15.86963,280.14423,278.28348,0.69821,0.75974
116,0,67.4583333333333,-16.7083333333333,-831,17.54814,18.00592,280.2919,277.52002,0.63173,0.55098
120,1,67.375,-23.7083333333333,-588,23.04148,17.09037,279.56915,277.68469,1.15253,1.40114
121,0,67.375,-21.2916666666667,-346,26.7037,18.00592,279.98938,278.8558,1.63526,1.56678
122,0,67.375,-16.7083333333333,-768,19.07407,18.00592,280.3652,277.6618,0.66013,0.46702
124,0,67.2916666666667,-23.625,-423,19.98962,17.09037,279.36438,278.17615,1.14017,0.79006
125,0,67.2916666666667,-21.2916666666667,-296,31.12888,21.05777,280.09186,279.0704,1.57256,1.3741
126,0,67.2916666666667,-18.9583333333333,-477,23.49925,17.09037,280.35147,278.61575,0.64437,0.73485
127,0,67.2916666666667,-16.7083333333333,-638,20.4474,18.61629,280.40369,277.83536,0.52662,0.39327
129,0,67.2083333333333,-21.2916666666667,-267,34.7911,26.5511,280.13663,279.21979,1.26802,2.02897
130,0,67.2083333333333,-18.9583333333333,-459,23.04148,18.00592,280.52942,278.69995,0.78967,0.54935
131,0,67.2083333333333,-16.7083333333333,-497,20.14222,18.76888,280.48529,278.06735,0.53793,0.58891
132,0,67.125,-23.5416666666667,-251,25.48296,19.68444,279.94604,278.7027,1.02608,3.06294
133,0,67.125,-21.2916666666667,-230,29.45036,33.11258,280.12753,279.31097,1.29443,1.72306
134,0,67.125,-18.9583333333333,-452,23.19407,18.00592,280.65228,278.81204,0.94585,0.66245
135,0,67.125,-16.625,-382,18.61629,18.92148,280.62027,278.32144,0.56836,0.66938
136,0,67.0416666666667,-23.5416666666667,-234,26.39851,24.41481,280.15033,278.91367,1.18896,3.10055
137,0,67.0416666666667,-21.2916666666667,-194,21.97333,31.73925,280.09302,279.32211,1.24566,1.33852
138,0,67.0416666666667,-18.9583333333333,-501,23.34666,17.85333,280.69492,278.91327,1.09632,0.69043
139,0,67.0416666666667,-16.625,-315,16.63259,17.85333,280.70447,278.47513,0.70497,0.50239
140,0,66.9583333333333,-23.5416666666667,-210,25.33036,28.53481,280.22131,279.02844,1.23767,3.27207
141,0,66.9583333333333,-21.2916666666667,-155,20.75259,28.22962,280.06757,279.28375,1.04174,0.85405
142,0,66.9583333333333,-18.9583333333333,-407,24.5674,18.15851,280.66434,278.96808,0.9775,0.6382
143,0,66.9583333333333,-16.625,-221,15.56444,16.3274,280.68887,278.58905,0.54358,0.5165
144,0,66.9583333333333,-13.4583333333333,-721,17.39555,15.71703,280.40884,277.33929,0.3811,1.08173
145,0,66.9583333333333,-13.375,-780,16.63259,15.41185,280.3837,277.29373,0.39313,1.43367
146,0,66.9583333333333,-13.2916666666667,-908,16.02222,14.80148,280.34821,277.26028,0.40631,1.64015
147,0,66.9583333333333,-13.2083333333333,-1238,15.56444,14.19111,280.31003,277.23541,0.40019,1.51967
148,0,66.9583333333333,-13.125,-1396,15.10666,13.88592,280.26782,277.21597,0.40382,1.13477
149,0,66.9583333333333,-13.0416666666667,-1431,14.80148,13.73333,280.2269,277.20145,0.4,1.02444
150,0,66.9583333333333,-12.9583333333333,-1450,14.49629,13.58074,280.19043,277.18732,0.34623,0.96643
151,0,66.9583333333333,-12.875,-1462,14.03852,13.42814,280.15845,277.16818,0.28591,0.84258
152,0,66.9583333333333,-12.7916666666667,-1465,13.73333,13.42814,280.12921,277.14804,0.31118,0.65615
153,0,66.9583333333333,-12.0416666666667,-1523,11.44444,13.42814,279.95248,277.27997,0.51656,1.15701
154,0,66.9583333333333,-11.9583333333333,-1522,11.29185,13.42814,279.92609,277.26682,0.45155,1.06934
155,0,66.9583333333333,-11.875,-1523,11.13926,13.42814,279.8963,277.24847,0.41382,0.93621
156,0,66.9583333333333,-11.7916666666667,-1529,11.13926,13.27555,279.86728,277.22821,0.35984,0.87867
157,0,66.9583333333333,-11.7083333333333,-1547,11.13926,13.12296,279.83963,277.20477,0.32738,1.00627
158,0,66.9583333333333,-11.625,-1556,11.13926,13.12296,279.81348,277.17288,0.34335,1.28359
159,0,66.9583333333333,-11.5416666666667,-1548,11.13926,13.12296,279.78674,277.1402,0.36436,1.59286
160,0,66.9583333333333,-11.4583333333333,-1538,11.29185,13.27555,279.7652,277.10077,0.37424,1.71247
161,0,66.9583333333333,-11.375,-1529,11.29185,13.27555,279.74136,277.06177,0.36931,1.32137
162,0,66.9583333333333,-11.2916666666667,-1531,11.44444,13.27555,279.7233,277.02292,0.36245,0.80723
163,0,66.9583333333333,-11.2083333333333,-1516,11.44444,13.27555,279.70441,276.98764,0.33321,0.90336
164,0,66.9583333333333,-11.125,-1510,11.59703,13.12296,279.68921,276.95813,0.32302,1.39077
165,0,66.9583333333333,-11.0416666666667,-1509,11.74963,13.12296,279.67401,276.94156,0.30909,1.72627
166,0,66.9583333333333,-10.9583333333333,-1501,11.90222,13.12296,279.66223,276.9364,0.28159,2.39353
167,0,66.9583333333333,-10.7083333333333,-1482,12.36,12.97037,279.63736,276.96701,0.22587,3.11781
168,0,66.9583333333333,-10.625,-1454,12.2074,12.97037,279.63599,276.98007,0.21444,3.23359
169,0,66.9583333333333,-10.5416666666667,-1426,12.2074,13.12296,279.63565,276.99002,0.2216,3.35827
170,0,66.9583333333333,-10.4583333333333,-1405,12.2074,13.12296,279.64279,276.99899,0.20712,2.68495
171,0,66.9583333333333,-10.375,-1391,12.05481,13.12296,279.64575,277.00461,0.20555,2.64438
172,0,66.9583333333333,-10.2916666666667,-1396,12.2074,13.12296,279.65363,277.00522,0.21264,2.94055
173,0,66.9583333333333,-10.2083333333333,-1457,12.2074,13.12296,279.66006,277.00867,0.21784,2.72179
174,0,66.9583333333333,-10.125,-1502,12.2074,13.12296,279.67084,277.01733,0.22344,2.91177
175,0,66.9583333333333,-9.875,-1501,11.74963,12.97037,279.71741,277.08569,0.24618,2.63007
176,0,66.9583333333333,-9.79166666666667,-1514,11.59703,12.97037,279.73782,277.1319,0.26909,2.22968
177,0,66.9583333333333,-9.70833333333334,-1516,11.44444,12.81777,279.75635,277.18781,0.29389,2.90405
178,0,66.9583333333333,-9.625,-1556,11.29185,12.97037,279.77701,277.2587,0.29252,2.63962
179,0,66.9583333333333,-9.54166666666667,-1562,11.13926,12.97037,279.79282,277.33588,0.28415,2.12448
180,0,66.9583333333333,-9.45833333333334,-1549,11.13926,13.12296,279.80942,277.41815,0.26658,1.58462
181,0,66.9583333333333,-9.375,-1570,11.13926,13.12296,279.8378,277.50674,0.27836,1.18092
182,0,66.9583333333333,-9.29166666666667,-1583,11.29185,13.27555,279.87216,277.60629,0.32224,1.10464
183,1,66.9583333333333,-9.20833333333334,-1594,11.44444,13.58074,279.91165,277.71613,0.35786,1.07872
184,0,66.9583333333333,-9.125,-1625,11.74963,13.88592,279.9566,277.83658,0.37241,1.04729
185,0,66.9583333333333,-9.04166666666667,-1662,12.36,14.19111,280.00256,277.95807,0.35813,0.91567
186,0,66.9583333333333,-8.95833333333334,-1668,12.81777,14.49629,280.05069,278.07025,0.36135,1.31599
187,0,66.875,-23.4583333333333,-180,22.88888,37.38518,280.26859,279.03342,1.39329,2.31496
188,0,66.875,-21.2916666666667,-122,20.14222,21.05777,280.08237,279.21869,1.08661,0.99404
189,0,66.875,-18.9583333333333,-518,25.33036,18.4637,280.60193,279.03247,1.02472,0.88375
190,0,66.875,-16.625,-186,15.56444,15.41185,280.64188,278.60742,0.4445,0.61419
191,0,66.7916666666667,-23.4583333333333,-190,20.75259,29.60295,280.32019,278.93524,1.52909,1.55207
192,0,66.7916666666667,-21.2916666666667,-78,19.37926,18.31111,280.16284,279.15714,1.23785,1.41758
193,0,66.7916666666667,-18.9583333333333,-526,24.26222,18.31111,280.52298,279.12381,1.287,1.07176
194,0,66.7916666666667,-16.7916666666667,-123,14.49629,13.58074,280.70349,278.66251,0.47219,0.65579
195,1,66.7916666666667,-16.625,-163,15.10666,14.49629,280.65967,278.52701,0.43797,0.67138
196,0,66.7083333333333,-23.4583333333333,-134,20.14222,20.90518,280.42484,278.89142,1.59484,1.14108
197,0,66.7083333333333,-21.2083333333333,-127,19.22666,17.39555,280.25699,279.2561,1.13147,1.74086
198,0,66.7083333333333,-18.9583333333333,-404,23.65185,18.31111,280.45682,279.23721,1.25784,0.81761
199,0,66.7083333333333,-16.7083333333333,-88,14.19111,12.81777,280.76645,278.59534,0.56021,0.66438
200,0,66.625,-23.375,-74,21.21037,19.53185,280.58667,278.90973,1.77541,0.97047
201,1,66.625,-21.2083333333333,-193,20.4474,19.98962,280.30771,279.35794,1.10657,1.33528
202,1,66.625,-18.9583333333333,-450,22.88888,18.00592,280.37021,279.3063,1.09056,0.63376
203,0,66.5416666666667,-23.375,-76,20.90518,18.31111,280.75299,278.97556,1.88124,1.12833
204,1,66.5416666666667,-21.2083333333333,-281,20.75259,20.75259,280.30563,279.41235,1.07233,1.22514
205,1,66.5416666666667,-18.9583333333333,-470,22.12592,17.54814,280.30029,279.34479,0.89148,0.65028
206,0,66.4583333333333,-26.0416666666667,-675,23.95703,26.5511,280.16891,277.77982,1.48369,2.82897
207,0,66.4583333333333,-22.0416666666667,-58,16.93777,16.63259,279.71906,278.85541,0.77846,1.29233
212,1,66.4583333333333,-21.2083333333333,-239,20.14222,19.22666,280.34064,279.40363,1.12573,1.50645
213,0,66.4583333333333,-18.9583333333333,-389,20.90518,17.39555,280.2724,279.34839,0.89444,0.99923
214,1,66.375,-26.0416666666667,-609,25.63555,44.25184,280.3407,278.10159,1.52928,3.73832
215,0,66.375,-21.625,-54,14.95407,16.78518,279.61792,278.71646,0.86943,1.17753
217,0,66.375,-21.2083333333333,-199,19.22666,17.54814,280.36548,279.34564,1.35984,1.25265
218,0,66.2916666666667,-26.0416666666667,-528,22.5837,56.45924,280.53574,278.92529,1.53595,2.50609
219,0,66.2916666666667,-21.4583333333333,-64,15.10666,16.3274,279.78732,278.68146,0.78515,0.8143
221,0,66.2083333333333,-27.9583333333333,-460,13.58074,14.64889,279.50787,276.63651,1.13354,2.97342
222,0,66.2083333333333,-27.875,-469,13.73333,15.41185,279.50427,276.79477,1.12402,2.727
223,0,66.2083333333333,-26.0416666666667,-396,18.4637,49.2874,280.93204,279.59293,1.57092,1.14353
224,0,66.2083333333333,-21.375,-69,14.64889,16.02222,279.84421,278.95395,1.03516,0.85147
225,0,66.2083333333333,-21.2916666666667,-95,15.56444,16.17481,279.97812,279.15979,0.95674,0.86446
227,0,66.125,-27.7916666666667,-481,14.64889,17.24296,280.09604,277.32388,1.04621,3.06958
228,0,66.125,-27.7083333333333,-485,14.95407,17.24296,280.01071,277.31833,1.10257,3.06985
229,0,66.125,-27.625,-490,14.80148,17.39555,279.91428,277.32071,1.16576,3.08019
230,1,66.125,-26.0416666666667,-277,17.70074,26.5511,281.18762,279.75272,1.5093,0.69532
231,0,66.125,-21.2083333333333,-118,16.17481,17.09037,280.0047,279.32416,1.10085,0.8007
232,1,66.0416666666667,-27.2916666666667,-632,20.75259,34.33332,280.69037,278.18549,1.01873,2.20555
233,0,66.0416666666667,-27.2083333333333,-648,20.90518,39.36888,280.83856,278.40402,1.15757,1.90576
234,0,66.0416666666667,-25.9583333333333,-180,17.09037,21.51555,281.36267,279.80853,1.6111,0.83416
235,0,66.0416666666667,-21.2083333333333,-61,13.88592,14.95407,279.927,279.10986,1.08885,0.84077
259,0,66.0416666666667,-9.45833333333334,-949,12.05481,12.66518,279.77255,277.70911,0.32185,3.76605
260,0,66.0416666666667,-9.20833333333334,-866,12.05481,12.81777,279.82278,277.76199,0.30138,4.22492
261,0,66.0416666666667,-9.125,-861,12.2074,12.81777,279.83649,277.78214,0.29806,4.51887
262,0,66.0416666666667,-9.04166666666667,-866,12.2074,12.97037,279.85083,277.79337,0.28355,3.78209
263,0,65.9583333333333,-27.125,-557,19.68444,62.25776,281.28217,279.33633,0.84731,1.07659
266,0,65.875,-26.7083333333333,-273,20.75259,38.60592,281.47906,279.97656,1.14725,0.61474
267,0,65.875,-26.625,-268,20.4474,35.70666,281.48758,279.99155,1.14685,0.59003
268,0,65.875,-26.5416666666667,-269,19.83703,32.95999,281.50378,280.01517,1.19761,0.55849
269,0,65.7916666666667,-26.4583333333333,-204,19.37926,23.65185,281.67889,280.17081,1.52251,0.56915
270,0,65.7916666666667,-26.375,-201,19.37926,22.88888,281.71945,280.16736,1.54717,0.58153
271,0,65.7916666666667,-26.2916666666667,-203,19.37926,22.5837,281.76501,280.15768,1.75564,0.59244
272,0,65.7083333333333,-13.375,-202,10.83407,12.2074,280.07993,278.63391,0.34267,0.53105
273,0,65.625,-13.375,-129,10.83407,11.74963,280.11835,278.56271,0.33229,0.56486
274,0,65.5416666666667,-13.375,-92,10.98666,11.90222,280.16025,278.37656,0.39665,0.55898
277,0,65.375,-24.4583333333333,-66,12.2074,13.27555,283.39304,280.73953,1.13724,0.76012
278,0,65.375,-13.375,-127,11.90222,12.66518,280.10275,278.02164,0.97724,0.44031
279,0,65.2916666666667,-24.4583333333333,-76,11.74963,13.42814,283.32101,280.7023,1.29522,0.8011
280,0,65.2916666666667,-24.375,-88,11.74963,13.42814,283.26505,280.70776,1.23561,0.77302
281,0,65.2916666666667,-13.375,-158,11.59703,12.51259,280.06656,278.07489,0.88025,0.44825
282,0,65.2083333333333,-24.375,-92,11.13926,13.73333,283.22546,280.79684,1.29153,0.88977
283,0,65.125,-24.2916666666667,-77,10.83407,12.81777,283.22955,280.9599,1.39377,0.84962
284,0,65.125,-13.125,-131,11.59703,12.51259,279.3078,277.70035,0.63167,0.54183
285,0,65.125,-13.0416666666667,-152,11.44444,12.66518,279.28247,277.64676,0.6286,0.63293
286,0,65.125,-12.9583333333333,-170,11.44444,12.66518,279.28333,277.65955,0.56986,0.67817
287,0,65.125,-12.875,-184,11.44444,12.66518,279.30405,277.71484,0.63474,0.78311
288,1,65.125,-12.7916666666667,-188,11.44444,12.81777,279.32193,277.78326,0.54239,0.83133
290,0,65.125,-12.625,-228,11.74963,12.97037,279.37592,277.8334,0.3539,1.56826
291,0,65.125,-12.5416666666667,-207,11.90222,13.12296,279.41077,277.8038,0.36243,2.13977
292,0,65.125,-12.4583333333333,-212,12.05481,13.27555,279.4509,277.76773,0.36552,2.43399
293,0,65.125,-12.375,-236,12.2074,13.27555,279.49615,277.74594,0.35932,2.63728
294,0,65.125,-12.2916666666667,-248,12.36,13.42814,279.54077,277.73367,0.42234,2.65912
295,0,65.125,-12.2083333333333,-258,12.36,13.42814,279.58383,277.737,0.44335,2.516
296,0,65.125,-12.125,-244,12.51259,13.27555,279.62704,277.7457,0.46106,2.25105
297,0,65.125,-12.0416666666667,-237,12.66518,13.12296,279.67319,277.75879,0.45999,2.52954
298,0,65.125,-11.9583333333333,-259,12.51259,12.97037,279.72263,277.76556,0.45308,2.86279
318,0,65.125,-9.79166666666667,-751,13.42814,12.66518,281.10181,278.10733,0.79763,1.07573
319,0,65.125,-9.70833333333334,-773,14.19111,12.97037,281.11401,278.05844,0.8088,0.94138
320,0,65.125,-9.625,-771,15.10666,13.27555,281.10062,278.02277,0.92415,1.21488
321,0,65.125,-9.54166666666667,-787,16.3274,13.58074,281.06421,278.00864,1.26796,1.07706
324,0,65.125,-9.29166666666667,-834,19.22666,13.12296,280.84528,278.05444,0.43409,1.30169
325,0,65.0416666666667,-24.2916666666667,-91,10.68148,12.51259,283.42059,281.10623,1.40507,0.88911
326,0,65.0416666666667,-24.2083333333333,-121,10.68148,12.81777,283.29196,281.10117,1.36857,0.97742
327,0,64.9583333333333,-24.2083333333333,-275,10.98666,14.03852,283.53329,281.26892,1.44559,1.01017
