fid,PA,bat,mlotst_158,mlotst_157,mlotst_156,mlotst_155,mlotst_154,mlotst_153,sst_1508,sst_1507,sst_1506,sst_1505,sst_1504,sst_1503,chlor_1508,chlor_1507,chlor_1506,chlor_1505,chlor_1504,chlor_1503,Lat,Long
"1",0,-398,16.78518,11.74963,13.42814,16.02222,20.59999,25.78814,275.15793,274.76526,,,,,0.39797,0.39321,,,,,67.9583333333333,-25.7916666666667
"2",0,-814,19.83703,11.90222,13.42814,16.93777,22.4311,25.33036,274.87375,274.66833,,,,,0.39998,0.41597,,,,0.17014,67.9583333333333,-25.5416666666667
"3",0,-933,20.59999,12.05481,13.27555,17.09037,22.88888,26.24592,274.78925,274.69348,,,,,0.40579,0.43047,,,,0.18272,67.9583333333333,-25.4583333333333
"4",0,-1005,19.98962,12.05481,13.12296,17.09037,23.80444,27.77184,274.72272,274.71579,,,,,0.4072,0.44074,,,,0.19097,67.9583333333333,-25.375
"5",1,-1429,25.78814,14.95407,16.02222,18.15851,33.57036,49.89777,275.25146,274.509,272.24109,,,272.30511,0.46033,0.55336,0.58515,0.27622,0.2631,0.25715,67.9583333333333,-23.875
"6",0,-1056,18.92148,14.3437,13.12296,28.22962,51.72887,77.36443,278.1127,277.9375,275.98764,274.33722,273.64194,273.35718,0.41999,0.34007,4.53019,1.73306,0.27493,0.23419,67.9583333333333,-18.9583333333333
"7",0,-1109,13.88592,15.86963,15.86963,70.80295,163.42662,146.48885,279.5845,279.2854,276.24509,274.17352,273.69455,273.54697,0.25665,0.38826,3.55843,0.33407,0.47002,0.29969,67.9583333333333,-16.625
"8",0,-448,16.48,11.74963,13.58074,16.3274,21.05777,27.00888,275.09491,274.82581,,,,,0.41136,0.43785,,,,0.28581,67.875,-25.7916666666667
"9",0,-1168,19.98962,11.90222,11.90222,16.3274,25.63555,32.34962,274.95041,274.86374,,,,,0.41154,0.44839,0.22836,,,0.18067,67.875,-25.2916666666667
"10",0,-1200,19.98962,12.05481,11.59703,16.63259,27.46666,32.95999,274.93665,274.82141,,,,,0.40638,0.43673,0.27829,,,0.19638,67.875,-25.2083333333333
"11",0,-1262,20.14222,12.05481,11.44444,17.09037,28.83999,33.87555,274.93365,274.7999,,,,,0.40749,0.43452,0.33263,,0.13768,0.20854,67.875,-25.125
"12",0,-1324,20.29481,12.05481,11.59703,17.70074,28.83999,35.85925,274.93832,274.72134,,,,272.1441,0.41851,0.43113,0.32069,,0.17972,0.2178,67.875,-25.0416666666667
"13",0,-1356,20.59999,11.74963,11.44444,18.61629,29.75555,34.18073,274.95078,274.69696,,,,272.32336,0.43104,0.43829,0.30257,,0.19367,0.2152,67.875,-24.9583333333333
"14",0,-1378,20.90518,11.59703,10.98666,19.22666,30.06073,32.95999,274.97046,274.69498,,,,272.44217,0.44277,0.47395,0.29804,,0.15448,0.20803,67.875,-24.875
"15",0,-1325,27.31407,14.64889,14.64889,16.3274,31.58666,39.97925,275.30212,274.39789,272.65836,,,272.35852,0.4859,0.56555,0.62366,0.3175,0.23441,0.22494,67.875,-23.875
"16",0,-953,21.82074,16.02222,14.03852,31.58666,63.78369,84.68887,278.42581,278.80032,276.44427,275.31693,274.31787,273.85913,0.45051,0.49882,3.5949,1.36192,0.28475,0.23456,67.875,-18.9583333333333
"17",0,-1041,14.3437,16.63259,16.93777,54.62814,170.44588,147.55701,279.81229,279.66055,276.72305,274.62051,273.87415,273.68976,0.26944,0.57324,1.81466,0.85397,0.40232,0.26028,67.875,-16.625
"18",0,-1070,12.81777,12.51259,15.56444,55.69628,93.99702,129.55109,280.02051,279.31808,276.76364,274.45642,273.81445,273.95844,0.2538,0.90197,1.32722,1.20505,1.14237,0.23045,67.875,-15.0416666666667
"19",0,-1153,12.66518,12.51259,15.86963,60.57924,90.33479,130.46663,279.88516,279.24182,276.62946,274.32767,273.69858,273.86157,0.24413,0.68959,1.3592,2.10159,1.06275,,67.875,-14.7916666666667
"20",0,-1179,12.51259,12.36,15.71703,62.25776,89.72442,130.00885,279.82596,279.19879,276.54507,274.23541,273.67786,273.80969,0.23205,0.28807,1.47502,2.90118,1.03198,,67.875,-14.7083333333333
"21",0,-1196,12.36,12.51259,15.71703,63.02073,89.26665,128.33034,279.76971,279.15524,276.43466,274.11761,273.65302,273.74918,0.23434,0.28275,1.49593,2.5255,1.17424,,67.875,-14.625
"22",0,-1204,12.2074,12.51259,15.41185,60.42665,86.97775,124.05775,279.72244,279.1105,276.30777,273.99527,273.61621,273.68063,0.23259,0.3017,1.59502,2.60378,1.22251,,67.875,-14.5416666666667
"23",0,-1206,12.2074,12.36,15.25926,51.42369,82.39998,114.7496,279.68463,279.06512,276.17294,273.87222,273.56149,273.60156,0.22544,0.30366,1.7665,2.74657,1.27551,,67.875,-14.4583333333333
"24",0,-1211,12.2074,12.36,15.10666,40.89481,78.43257,106.35701,279.66467,279.02039,276.04095,273.7641,273.47491,273.50787,0.22286,0.23136,2.37335,2.71751,1.32807,,67.875,-14.375
"25",0,-1222,12.36,12.2074,14.80148,27.61925,76.75405,101.32146,279.65665,278.97156,275.91971,273.67001,273.37311,273.40479,0.21124,0.25052,3.01715,2.64346,1.43701,,67.875,-14.2916666666667
"26",0,-1234,12.2074,11.90222,14.3437,23.49925,76.29628,104.06812,279.65887,278.91974,275.81149,273.59399,273.26352,273.29498,0.21948,0.23736,3.20504,2.25309,1.09586,0.30054,67.875,-14.2083333333333
"27",0,-1245,12.2074,11.74963,14.19111,22.27851,77.36443,110.7822,279.67651,278.86893,275.73123,273.54233,273.15988,273.1853,0.22125,0.24416,3.20927,2.07674,1.05287,0.27261,67.875,-14.125
"28",0,-1258,12.05481,11.44444,13.88592,21.51555,79.65331,118.56441,279.70334,278.82568,275.67032,273.508,273.07492,273.08612,0.22696,0.24262,2.99604,1.59378,1.1598,0.28155,67.875,-14.0416666666667
"29",0,-1346,12.05481,11.44444,13.58074,21.05777,84.23109,124.9733,279.73584,278.78799,275.62875,273.48517,273.01086,273.00134,0.23107,0.2413,2.49697,0.60768,0.63908,0.25456,67.875,-13.9583333333333
"30",0,-1563,12.05481,11.44444,13.42814,21.05777,90.94516,137.18071,279.7684,278.76215,275.59625,273.47772,272.97675,272.93954,0.23371,0.26026,2.06208,0.4402,0.4989,0.24165,67.875,-13.875
"31",0,-1530,12.05481,11.44444,13.42814,21.21037,95.37035,144.81033,279.79642,278.74496,275.5769,273.48346,272.96921,272.90164,0.22892,0.26505,1.79662,0.41638,0.43882,0.2296,67.875,-13.7916666666667
"32",0,-1552,12.2074,11.59703,13.42814,21.66814,97.65923,147.25182,279.81827,278.73352,275.56573,273.49905,272.9819,272.88556,0.22914,0.25248,1.89914,0.36133,0.41332,0.22423,67.875,-13.7083333333333
"33",0,-1586,12.51259,11.74963,13.42814,22.5837,100.71108,149.6933,279.83328,278.72321,275.56339,273.52335,273.01056,272.88721,0.22778,0.25021,1.97131,0.38463,0.39098,0.23747,67.875,-13.625
"34",0,-1589,12.81777,11.90222,13.58074,23.65185,100.10072,146.33626,279.84378,278.71933,275.56537,273.56256,273.04773,272.90384,0.23606,0.24323,1.86774,0.37082,0.37187,0.24367,67.875,-13.5416666666667
"35",0,-1574,13.12296,12.05481,13.73333,24.5674,97.96442,141.45329,279.85165,278.72281,275.57474,273.61121,273.08725,272.93076,0.23545,,1.92363,0.3743,0.36987,0.24613,67.875,-13.4583333333333
"36",0,-1611,13.42814,12.2074,14.03852,25.33036,95.06516,137.48589,279.86273,278.72632,275.59113,273.67105,273.12619,272.96481,0.23541,,1.70014,0.37161,0.37313,0.22339,67.875,-13.375
"37",0,-1722,13.58074,12.36,14.3437,27.31407,89.11405,129.70367,279.87897,278.73203,275.61621,273.73697,273.16232,273.00348,0.23851,,2.04868,0.42048,0.35784,0.23111,67.875,-13.2916666666667
"38",0,-1792,13.58074,12.51259,14.64889,28.83999,85.14664,122.07404,279.90198,278.74417,275.6514,273.80774,273.19525,273.04584,0.23111,,2.53222,0.43199,0.35202,0.23157,67.875,-13.2083333333333
"39",0,-1801,13.58074,12.51259,14.95407,30.36592,82.0948,114.29182,279.93161,278.75781,275.69904,273.88116,273.22534,273.08994,0.22239,,2.99679,0.44158,0.34265,0.2261,67.875,-13.125
"40",0,-1839,13.27555,13.27555,15.71703,40.74221,76.90665,96.43849,280.03677,278.83337,275.87228,274.07541,273.35242,273.23425,0.20764,0.185,1.29053,0.3612,0.27025,0.21607,67.875,-12.7916666666667
"41",0,-1836,13.27555,13.27555,15.71703,42.26814,75.22813,95.98072,280.05023,278.85324,275.89868,274.10034,273.38434,273.25253,0.21083,0.1885,1.10969,0.42781,0.2657,0.19841,67.875,-12.7083333333333
"42",0,-1834,13.27555,13.27555,15.86963,42.87851,73.7022,95.67553,280.06073,278.86685,275.91629,274.12027,273.41257,273.26059,0.21531,0.19542,1.02729,0.30391,0.25638,0.20931,67.875,-12.625
"43",0,-1835,13.27555,13.12296,15.86963,43.33628,72.17628,95.52294,280.0701,278.87744,275.93253,274.14471,273.43137,273.26599,0.20884,,0.97585,0.27688,0.25537,0.21268,67.875,-12.5416666666667
"44",0,-1836,13.27555,13.12296,16.02222,43.79406,71.41331,95.37035,280.08371,278.88467,275.94626,274.1727,273.4455,273.2731,0.20939,,0.88826,0.24266,0.24214,0.20465,67.875,-12.4583333333333
"45",0,-1838,13.27555,13.12296,16.02222,44.25184,71.26072,95.21775,280.09988,278.89014,275.95709,274.20886,273.45779,273.29031,0.21236,0.18234,0.79119,0.21684,0.22832,0.20286,67.875,-12.375
"46",0,-1839,13.42814,13.27555,16.02222,44.86221,70.95554,95.06516,280.12128,278.89081,275.96838,274.24561,273.47421,273.32001,0.2143,,0.79245,0.22234,0.21718,0.17879,67.875,-12.2916666666667
"47",0,-1839,13.58074,13.27555,16.02222,45.93036,70.80295,94.91257,280.14557,278.89661,275.98297,274.2843,273.50223,273.36423,0.20961,,0.81914,0.22233,0.21534,0.1893,67.875,-12.2083333333333
"48",0,-1840,13.73333,13.73333,16.02222,47.76147,70.95554,94.91257,280.19315,278.90356,276.0177,274.35059,273.60654,273.4838,0.2183,0.20427,0.76488,0.22702,0.22845,0.24287,67.875,-12.0416666666667
"49",0,-1843,13.88592,13.88592,16.17481,48.21925,71.10813,94.91257,280.21564,278.90729,276.0401,274.37695,273.67615,273.54868,0.24411,0.21482,0.75345,0.22429,0.2293,0.26159,67.875,-11.9583333333333
"50",0,-1846,13.88592,13.88592,16.17481,48.67702,71.56591,94.75998,280.23987,278.91797,276.06,274.4021,273.746,273.60785,0.23977,0.22666,0.72237,0.23293,0.22262,0.2592,67.875,-11.875
"51",0,-1849,14.03852,13.88592,16.3274,49.1348,72.32887,94.45479,280.26498,278.93356,276.0784,274.42825,273.81021,273.65854,0.23445,0.2232,0.71114,0.23624,0.21876,0.27035,67.875,-11.7916666666667
"52",0,-1852,14.03852,13.88592,16.48,49.74517,73.39702,94.3022,280.29346,278.95078,276.09427,274.45746,273.86096,273.69815,0.23228,0.22052,0.70152,0.23796,0.21755,0.28246,67.875,-11.7083333333333
"53",0,-1855,13.88592,13.73333,16.63259,50.50814,75.07554,93.99702,280.32434,278.97324,276.1091,274.48923,273.90063,273.72763,0.22908,0.22132,0.66161,0.23978,0.20698,0.28362,67.875,-11.625
"54",0,-1858,13.88592,13.58074,16.63259,50.96591,76.60146,93.38664,280.35712,278.99811,276.12079,274.52866,273.93423,273.75247,0.22419,0.21314,0.61962,0.23413,0.20556,0.26973,67.875,-11.5416666666667
"55",0,-1862,13.88592,13.42814,16.63259,51.88147,77.51702,92.77628,280.38947,279.02682,276.12985,274.57358,273.9642,273.7739,0.22167,0.2114,0.606,0.23173,0.20703,0.28164,67.875,-11.4583333333333
"56",0,-1866,13.88592,13.27555,16.63259,53.10221,77.8222,92.3185,280.41763,279.05859,276.13901,274.62006,274.00098,273.79715,0.22089,0.20706,0.60971,0.22922,0.20795,0.29102,67.875,-11.375
"57",0,-1873,13.88592,13.12296,16.63259,55.3911,78.12739,92.01331,280.44177,279.08853,276.14737,274.66895,274.04401,273.8252,0.21219,0.20482,0.61936,0.23264,0.20938,0.23923,67.875,-11.2916666666667
"58",0,-1884,13.88592,12.81777,16.63259,56.91702,78.89035,92.01331,280.46579,279.11771,276.16147,274.72198,274.09064,273.85562,0.21092,0.23132,0.65588,0.23491,0.21265,0.24314,67.875,-11.2083333333333
"59",0,-1895,13.88592,12.66518,16.48,59.20591,79.80591,92.62368,280.49045,279.1489,276.17493,274.77359,274.13702,273.89157,0.20945,0.21594,0.71691,0.24369,0.2183,0.2422,67.875,-11.125
"60",0,-1901,13.88592,12.81777,16.3274,61.64739,81.48442,93.84442,280.5199,279.17633,276.19559,274.82095,274.17456,273.9267,0.20913,0.20328,0.74201,0.2508,0.22301,0.24338,67.875,-11.0416666666667
"61",0,-1896,14.03852,12.81777,16.3274,62.56295,85.45183,95.98072,280.55548,279.20352,276.22211,274.86441,274.19983,273.95868,0.22693,0.20706,0.84568,0.25042,0.21905,0.25318,67.875,-10.9583333333333
"62",0,-1927,14.3437,13.27555,16.3274,65.91998,90.1822,99.94812,280.68585,279.29572,276.34784,274.94397,274.23508,274.06598,0.23722,0.24484,0.7099,0.24088,0.20499,0.23659,67.875,-10.625
"63",0,-1930,14.49629,13.42814,16.3274,66.53036,92.01331,100.25331,280.70752,279.31955,276.37817,274.94205,274.24341,274.08664,0.22555,0.24592,0.76273,0.2371,0.21039,0.2335,67.875,-10.5416666666667
"64",0,-1941,14.49629,13.42814,16.48,66.53036,93.99702,100.25331,280.72751,279.34732,276.40857,274.9342,274.25095,274.1037,0.24384,0.25535,0.81314,0.23243,0.21323,0.2135,67.875,-10.4583333333333
"65",0,-1945,14.49629,13.58074,16.63259,65.6148,99.79553,99.64294,280.74875,279.37915,276.43533,274.92413,274.25674,274.11853,0.25609,0.2702,0.85555,0.22838,0.21456,0.19687,67.875,-10.375
"66",0,-1957,14.49629,13.73333,16.63259,64.08887,101.16886,99.64294,280.77316,279.41492,276.45929,274.90918,274.25552,274.1308,0.25226,0.30229,0.78454,0.21559,0.20833,0.20054,67.875,-10.2916666666667
"67",0,-1840,14.3437,13.88592,16.63259,62.41035,101.47405,100.10072,280.8045,279.44965,276.47983,274.89545,274.24768,274.13989,0.25499,0.32481,0.71261,0.22067,0.21577,0.21577,67.875,-10.2083333333333
"68",0,-1767,14.3437,14.03852,16.63259,60.73184,101.62664,101.01627,280.84036,279.49078,276.49997,274.88602,274.23325,274.14542,0.26408,0.30401,0.72237,0.21808,0.2191,0.23203,67.875,-10.125
"69",0,-1784,14.3437,14.3437,16.78518,59.66369,101.16886,100.86368,280.87885,279.52875,276.51859,274.87946,274.21564,274.14975,0.27312,0.29005,0.8142,0.22424,0.22312,0.22437,67.875,-10.0416666666667
"70",0,-1801,14.3437,14.49629,16.93777,59.35851,100.10072,100.25331,280.91525,279.56906,276.53821,274.86765,274.19553,274.14474,0.27234,0.35052,1.0106,0.23288,0.23253,0.201,67.875,-9.95833333333334
"71",0,-1823,14.3437,14.49629,16.93777,59.66369,98.87997,99.64294,280.95145,279.60083,276.56772,274.86481,274.18042,274.13687,0.26519,0.33511,1.01104,0.2428,0.2332,0.16826,67.875,-9.875
"72",0,-1820,14.3437,14.49629,17.09037,62.10517,96.2859,99.49035,280.98529,279.629,276.60236,274.86252,274.16599,274.1246,0.25768,0.32837,1.03124,0.24166,0.22892,0.12298,67.875,-9.79166666666667
"73",0,-1782,14.3437,14.49629,17.09037,65.76739,96.2859,98.72739,281.01651,279.65225,276.64386,274.85849,274.15448,274.11063,0.25302,0.34164,1.0699,0.23705,0.22715,0.13595,67.875,-9.70833333333334
"74",0,-1711,14.3437,14.49629,17.24296,68.36147,96.2859,98.4222,281.04926,279.6781,276.69315,274.85516,274.14426,274.09991,0.24741,0.34579,1.12797,0.22967,0.22325,0.15281,67.875,-9.625
"75",0,-1487,14.49629,14.49629,17.24296,69.73479,95.52294,98.4222,281.08148,279.70032,276.74664,274.85248,274.13828,274.09637,0.23859,0.35403,1.2735,0.23163,0.22349,0.15956,67.875,-9.54166666666667
"76",0,-1129,14.49629,14.64889,17.24296,70.03999,95.06516,99.33775,281.11508,279.72253,276.80347,274.85324,274.13452,274.10291,0.23213,0.36559,1.33661,0.23195,0.22297,0.15907,67.875,-9.45833333333334
"77",0,-395,16.63259,11.59703,13.27555,16.3274,20.59999,26.5511,275.39127,274.70621,,,,,0.39514,0.46153,,,,0.25801,67.7916666666667,-25.875
"78",0,-1453,20.75259,11.29185,12.2074,19.98962,26.7037,33.26518,274.98602,274.65701,272.68665,,,272.45804,0.44934,0.52172,0.54267,,,0.26503,67.7916666666667,-24.7916666666667
"79",0,-1482,21.97333,11.44444,13.73333,21.21037,25.33036,34.7911,274.99167,274.64993,272.75003,,,272.48059,0.44941,0.51983,0.62346,,,0.28662,67.7916666666667,-24.7083333333333
"80",0,-1506,24.41481,11.90222,14.49629,20.59999,24.5674,35.70666,274.99377,274.69962,273.36505,,,272.45792,0.44648,0.5437,0.74218,0.27814,,0.28563,67.7916666666667,-24.625
"81",0,-1201,26.85629,14.49629,16.78518,18.92148,21.82074,35.85925,275.51486,274.77768,273.23245,,,272.46118,0.46354,0.59202,0.72609,0.38001,0.25275,0.25336,67.7916666666667,-23.875
"82",1,-1121,26.5511,14.3437,13.42814,16.02222,19.68444,47.76147,275.94644,275.35727,274.43613,273.97153,,272.56708,0.4471,0.53333,0.8791,0.65348,0.24219,0.27668,67.7916666666667,-23.625
"83",0,-783,23.49925,16.78518,15.25926,39.52147,134.73923,163.27403,279.00827,279.66632,277.34976,276.21555,275.05371,274.71222,0.49408,1.07444,2.08962,0.83463,0.30701,0.3008,67.7916666666667,-18.9583333333333
"84",0,-1057,14.19111,17.70074,16.93777,50.05036,146.48885,169.98811,279.90228,279.76114,276.9173,274.87686,274.01743,273.92105,0.2807,0.62633,1.35959,1.07924,0.49844,0.28689,67.7916666666667,-16.7916666666667
"85",0,-1017,12.97037,13.12296,15.86963,53.71258,87.13035,125.58367,280.12711,279.39172,276.98868,274.86008,274.10153,274.2818,0.24822,0.47328,0.89002,1.17955,0.82511,0.20046,67.7916666666667,-15.0416666666667
"86",0,-388,17.70074,11.74963,12.97037,16.02222,20.4474,25.17777,275.82349,274.70081,,,,271.67667,0.38098,0.57614,,,,0.28867,67.7083333333333,-25.9583333333333
"87",0,-1460,25.33036,13.12296,16.3274,15.86963,30.6711,42.57332,275.04401,274.75189,273.61728,,,272.38199,0.43769,0.49332,0.86127,0.28301,0.24827,0.24989,67.7083333333333,-24.5416666666667
"88",0,-1439,25.78814,13.58074,15.86963,15.10666,30.97629,45.77777,275.0188,274.69202,273.53067,,,272.30814,0.43747,0.46539,0.85843,0.2701,0.23757,0.25113,67.7083333333333,-24.4583333333333
"89",0,-1421,26.09333,14.3437,16.02222,15.86963,28.99259,48.98221,275.00073,274.61789,273.17023,,,272.26825,0.42979,0.46753,0.79534,0.27317,0.2465,0.24794,67.7083333333333,-24.375
"90",0,-1214,26.7037,14.19111,12.97037,15.56444,19.68444,41.19999,275.65417,275.20728,273.66159,272.8573,,272.50281,0.45332,0.52902,0.71733,0.47481,0.25624,0.26537,67.7083333333333,-23.9583333333333
"91",1,-997,31.58666,15.41185,12.51259,15.10666,20.29481,54.47554,276.40771,276.99222,275.52231,274.04163,272.99179,273.2579,0.41547,0.54092,0.80964,0.70385,0.25678,0.26849,67.7083333333333,-23.625
"92",0,-803,22.88888,17.85333,15.10666,24.41481,125.43108,136.87552,279.02563,279.59024,277.71414,276.27655,274.89154,274.79211,0.56969,1.1148,0.65592,0.30786,0.29081,0.30217,67.7083333333333,-21.2916666666667
"93",0,-552,24.87259,18.31111,13.88592,53.10221,152.89774,176.54959,279.69958,279.98224,278.04749,276.57999,275.55777,275.46234,0.6462,1.1346,0.81028,0.6076,0.31235,0.3208,67.7083333333333,-18.9583333333333
"94",0,-1014,14.64889,18.31111,17.24296,43.0311,129.39848,166.17329,279.91357,279.85214,277.11133,275.11166,274.22702,274.36761,0.27629,0.79104,1.11666,1.6426,0.61304,0.32803,67.7083333333333,-16.7916666666667
"95",0,-987,13.27555,14.95407,16.17481,54.93332,89.11405,113.07108,280.21109,279.43387,277.08997,275.14822,274.45053,274.59659,0.37915,0.61327,0.86404,1.03017,0.43943,0.22891,67.7083333333333,-15.0416666666667
"96",0,-408,17.70074,11.74963,12.97037,16.02222,20.90518,25.78814,275.84485,274.6972,,,,271.56226,0.39197,0.66154,0.26651,,,0.27672,67.625,-25.9583333333333
"97",0,-1214,27.00888,14.64889,13.12296,15.25926,19.22666,44.40443,275.25464,274.57983,273.66965,273.2244,272.48242,272.46078,0.45515,0.5693,1.05564,0.48604,0.25608,0.27643,67.625,-24.2916666666667
"98",1,-1175,27.77184,14.64889,13.12296,15.25926,19.07407,44.86221,275.39722,274.75137,273.94263,273.55707,272.61636,272.4314,0.46104,0.60622,1.16827,0.54496,0.25106,0.27254,67.625,-24.2083333333333
"99",1,-1183,28.53481,13.88592,12.81777,14.95407,19.53185,48.82962,275.59756,275.09586,274.1597,273.57874,272.68555,272.48987,0.46353,0.5447,1.46634,0.62765,0.24871,0.26378,67.625,-24.125
"100",1,-1124,29.14518,14.3437,12.51259,14.95407,19.68444,51.42369,275.82739,275.56848,274.42868,273.64575,272.72467,272.58325,0.4557,0.52228,1.672,0.85569,0.24772,0.22949,67.625,-24.0416666666667
"101",1,-955,36.62221,16.3274,13.88592,17.24296,23.04148,53.71258,276.72861,278.00629,275.69766,274.44461,273.58737,273.52014,0.46493,0.4909,1.2861,1.01083,0.2507,0.2417,67.625,-23.7083333333333
"102",1,-907,38.75851,16.93777,14.64889,18.15851,24.10962,55.3911,276.91867,278.47144,275.98325,274.8497,273.95575,273.80658,0.44648,0.42951,1.01503,0.97223,0.25538,0.25516,67.625,-23.625
"103",0,-745,23.19407,17.39555,14.80148,22.27851,143.28441,102.99998,279.58588,279.63998,277.90768,276.54324,275.23257,274.88742,0.63818,0.98561,1.33953,0.3041,0.30748,0.29705,67.625,-21.2916666666667
"104",0,-424,24.87259,19.22666,14.49629,41.81036,144.96292,194.09773,280.02295,280.04733,278.20035,276.65482,275.89151,275.72885,0.68194,0.97583,0.88739,0.66181,0.32373,0.3166,67.625,-18.9583333333333
"105",0,-955,16.02222,18.15851,17.39555,37.53777,117.03849,167.39403,279.93878,279.96075,277.2518,275.24429,274.44202,274.82535,0.33415,0.8279,0.82092,1.73963,0.52299,0.31417,67.625,-16.7916666666667
"106",1,-427,17.24296,11.44444,12.66518,16.02222,21.66814,26.85629,275.66669,274.73462,273.49527,,,271.44757,0.39544,0.62692,0.53749,,0.15583,0.27018,67.5416666666667,-26.0416666666667
"107",1,-816,41.0474,19.07407,16.02222,19.98962,29.75555,63.6311,277.35825,279.14142,276.45227,275.23407,275.07709,273.91956,0.42888,0.49094,0.95105,0.82014,0.28911,0.285,67.5416666666667,-23.7083333333333
"108",0,-660,24.5674,18.15851,14.95407,20.29481,154.42366,67.90369,280.04251,279.75302,278.18695,277.00809,275.62955,275.20425,0.8619,1.50969,0.88215,0.29469,0.31995,0.3098,67.5416666666667,-21.2916666666667
"109",0,-410,24.41481,20.29481,15.71703,32.34962,127.1096,171.81921,280.10474,280.09698,278.173,276.67056,276.15173,275.71793,0.72761,0.94677,0.80095,0.78885,0.33231,0.3177,67.5416666666667,-18.9583333333333
"110",0,-887,16.3274,16.93777,18.00592,40.13184,122.53182,182.19551,280.04919,280.16052,277.41672,275.41837,274.63156,275.21222,0.29914,0.64933,0.62528,2.61108,0.45147,0.29976,67.5416666666667,-16.7083333333333
"111",0,-302,14.80148,10.68148,10.98666,12.66518,20.75259,66.37776,275.82526,275.02054,,,,,0.351,0.70134,1.50348,,,0.34879,67.4583333333333,-27.9583333333333
"112",0,-663,17.39555,11.13926,12.51259,15.56444,21.82074,29.29777,275.62018,274.79416,273.4469,,,271.53943,0.40127,0.76112,0.3639,,0.16924,0.23127,67.4583333333333,-26.0416666666667
"113",1,-702,38.30073,22.73629,17.09037,22.4311,36.9274,77.21183,278.09091,279.63528,277.20218,275.89822,275.95114,274.56195,0.45039,0.7859,0.95984,0.3758,0.29424,0.29124,67.4583333333333,-23.7083333333333
"114",0,-544,29.14518,21.05777,15.71703,20.90518,123.59997,74.00739,280.21942,279.86777,278.5434,277.61581,276.24426,275.82196,0.92931,2.08528,0.2901,0.28112,0.32109,0.30882,67.4583333333333,-21.2916666666667
"115",0,-416,23.65185,21.51555,15.86963,26.5511,123.44738,150.76144,280.29962,280.14423,278.28348,276.74786,276.31189,275.78122,0.62466,0.69821,0.75974,0.46999,0.32694,0.30917,67.4583333333333,-18.9583333333333
"116",0,-831,16.17481,17.54814,18.00592,41.96295,130.46663,182.3481,280.15997,280.2919,277.52002,275.58847,274.88501,275.34756,0.3631,0.63173,0.55098,2.42577,0.3813,0.23724,67.4583333333333,-16.7083333333333
"117",0,-303,15.10666,10.68148,11.13926,13.12296,19.83703,69.88739,275.94891,275.07501,273.0022,,,271.39099,0.31355,0.65616,1.43156,,0.14609,0.2584,67.375,-27.875
"118",0,-307,14.95407,10.68148,11.29185,13.12296,19.22666,70.34517,275.88086,274.99081,273.03943,,,271.40277,0.33225,0.64716,1.36161,,0.12448,0.25281,67.375,-27.7916666666667
"119",1,-738,17.54814,11.13926,12.05481,14.64889,20.4474,33.26518,275.52368,274.86035,273.63919,,,271.53073,0.38622,0.79423,0.33054,,0.22776,0.27695,67.375,-26.125
"120",1,-588,35.09629,23.04148,17.09037,23.34666,49.74517,92.1659,278.67938,279.56915,277.68469,276.83917,276.14233,275.3277,0.40354,1.15253,1.40114,0.35048,0.26269,0.2586,67.375,-23.7083333333333
"121",0,-346,32.8074,26.7037,18.00592,25.94073,97.04887,103.91553,280.2486,279.98938,278.8558,277.93652,276.89728,276.45465,0.74227,1.63526,1.56678,0.26585,0.28905,0.28961,67.375,-21.2916666666667
"122",0,-768,16.48,19.07407,18.00592,45.93036,148.77774,189.21477,280.3082,280.3652,277.6618,275.72656,275.26788,275.45474,0.57951,0.66013,0.46702,2.02007,0.35519,0.2567,67.375,-16.7083333333333
"123",0,-764,17.54814,10.98666,10.98666,13.58074,18.76888,37.84295,275.50439,275.01715,274.08414,,,271.58377,0.37211,1.13314,0.42999,0.27316,0.21411,0.25058,67.2916666666667,-26.125
"124",0,-423,36.01184,19.98962,17.09037,23.34666,54.47554,97.35405,279.16342,279.36438,278.17615,277.91312,276.15921,276.17444,0.47345,1.14017,0.79006,0.26968,0.27687,0.26742,67.2916666666667,-23.625
"125",0,-296,36.77481,31.12888,21.05777,38.30073,111.39256,129.85626,280.36642,280.09186,279.0704,278.06204,277.31534,276.92868,0.56188,1.57256,1.3741,0.26634,0.29059,0.28547,67.2916666666667,-21.2916666666667
"126",0,-477,23.49925,23.49925,17.09037,56.00147,131.2296,148.47255,280.69095,280.35147,278.61575,277.05316,276.3436,275.92926,0.87731,0.64437,0.73485,0.47345,0.32924,0.34533,67.2916666666667,-18.9583333333333
"127",0,-638,16.78518,20.4474,18.61629,56.30665,162.66367,210.42514,280.50519,280.40369,277.83536,275.8537,275.62918,275.61633,0.57898,0.52662,0.39327,2.64425,0.32171,0.25118,67.2916666666667,-16.7083333333333
"128",0,-721,18.31111,10.83407,11.13926,13.73333,19.22666,39.52147,275.53479,275.5434,274.29813,,,271.49966,0.34176,1.19513,0.55047,0.2486,0.21051,0.27153,67.2083333333333,-26.2083333333333
"129",0,-267,37.07999,34.7911,26.5511,61.18961,125.27849,160.0696,280.56741,280.13663,279.21979,278.14706,277.44989,277.12189,0.81725,1.26802,2.02897,0.27398,0.26411,0.25285,67.2083333333333,-21.2916666666667
"130",0,-459,21.97333,23.04148,18.00592,75.38072,154.42366,159.61182,280.73004,280.52942,278.69995,277.08011,276.39114,275.9136,0.95229,0.78967,0.54935,0.73346,0.31815,0.2904,67.2083333333333,-18.9583333333333
"131",0,-497,17.24296,20.14222,18.76888,76.44887,182.5007,239.11253,280.71402,280.48529,278.06735,276.00958,275.79953,275.80402,0.83236,0.53793,0.58891,2.12296,0.30803,0.2604,67.2083333333333,-16.7083333333333
"132",0,-251,37.99554,25.48296,19.68444,57.98517,52.33924,94.3022,279.45786,279.94604,278.7027,278.34366,276.78925,277.68668,0.57692,1.02608,3.06294,0.24989,0.24768,0.29631,67.125,-23.5416666666667
"133",0,-230,34.33332,29.45036,33.11258,100.25331,145.4207,171.66663,280.63904,280.12753,279.31097,278.16302,277.59052,277.01303,0.90544,1.29443,1.72306,0.28144,0.25454,0.29292,67.125,-21.2916666666667
"134",0,-452,21.36296,23.19407,18.00592,87.28294,154.72885,168.76736,280.7872,280.65228,278.81204,277.04919,276.49094,275.90659,0.9038,0.94585,0.66245,1.01874,0.31724,0.28532,67.125,-18.9583333333333
"135",0,-382,17.24296,18.61629,18.92148,99.49035,192.57181,272.5303,280.8541,280.62027,278.32144,276.15515,275.84143,275.93677,0.77088,0.56836,0.66938,1.13484,0.26891,0.25365,67.125,-16.625
"136",0,-234,36.16444,26.39851,24.41481,88.04591,82.39998,111.69775,280.02695,280.15033,278.91367,278.45444,277.62283,278.07227,0.79037,1.18896,3.10055,0.2873,0.24528,0.27007,67.0416666666667,-23.5416666666667
"137",0,-194,30.21333,21.97333,31.73925,108.95108,116.12293,146.79404,280.65564,280.09302,279.32211,278.06937,277.78568,276.7626,1.2247,1.24566,1.33852,0.45094,0.25357,0.363,67.0416666666667,-21.2916666666667
"138",0,-501,20.4474,23.34666,17.85333,84.84146,143.89478,166.78366,280.90378,280.69492,278.91327,277.05173,276.59286,275.9375,1.02865,1.09632,0.69043,1.31737,0.30451,0.2919,67.0416666666667,-18.9583333333333
"139",0,-315,15.86963,16.63259,17.85333,116.73331,180.82217,264.74808,280.94992,280.70447,278.47513,276.22324,275.85593,276.03122,0.81879,0.70497,0.50239,1.22309,0.26887,0.28068,67.0416666666667,-16.625
"140",0,-210,35.85925,25.33036,28.53481,99.03257,135.65479,145.4207,280.50696,280.22131,279.02844,278.32153,278.09787,278.01816,0.90782,1.23767,3.27207,0.40635,0.21962,0.26134,66.9583333333333,-23.5416666666667
"141",0,-155,28.38222,20.75259,28.22962,79.80591,83.46812,122.83701,280.73312,280.06757,279.28375,277.91168,277.80206,276.53937,1.44366,1.04174,0.85405,0.56708,0.26502,0.37841,66.9583333333333,-21.2916666666667
"142",0,-407,19.98962,24.5674,18.15851,95.06516,148.31996,179.14366,281.03708,280.66434,278.96808,277.11917,276.70224,276.01126,1.12248,0.9775,0.6382,1.02846,0.29915,0.27539,66.9583333333333,-18.9583333333333
"143",0,-221,14.64889,15.56444,16.3274,99.18516,135.19701,206.61032,281.20975,280.68887,278.58905,276.13892,275.80002,276.08481,0.76767,0.54358,0.5165,2.5655,0.25803,0.26874,66.9583333333333,-16.625
"144",0,-721,17.54814,17.39555,15.71703,81.17924,136.72293,127.26219,280.89557,280.40884,277.33929,275.89368,275.61572,275.39624,0.39,0.3811,1.08173,0.52553,0.27789,0.28831,66.9583333333333,-13.4583333333333
"145",0,-780,17.24296,16.63259,15.41185,72.32887,121.61626,111.23997,280.86075,280.3837,277.29373,275.84091,275.52493,275.24265,0.38719,0.39313,1.43367,0.44177,0.29707,0.30763,66.9583333333333,-13.375
"146",0,-908,16.93777,16.02222,14.80148,61.4948,107.73035,100.25331,280.82327,280.34821,277.26028,275.78387,275.41669,275.08435,0.3778,0.40631,1.64015,0.428,0.341,0.34501,66.9583333333333,-13.2916666666667
"147",0,-1238,16.48,15.56444,14.19111,48.67702,95.21775,95.21775,280.78387,280.31003,277.23541,275.71982,275.29889,274.92239,0.37138,0.40019,1.51967,0.56269,0.45669,0.38115,66.9583333333333,-13.2083333333333
"148",0,-1396,15.71703,15.10666,13.88592,35.85925,83.62072,92.01331,280.74777,280.26782,277.21597,275.66284,275.18723,274.76224,0.3483,0.40382,1.13477,0.55668,0.49626,0.42681,66.9583333333333,-13.125
"149",0,-1431,15.10666,14.80148,13.73333,28.07703,74.77036,88.04591,280.72028,280.2269,277.20145,275.5968,275.09433,274.60248,0.33208,0.4,1.02444,0.58756,0.49742,0.32963,66.9583333333333,-13.0416666666667
"150",0,-1450,14.64889,14.49629,13.58074,23.34666,66.98813,83.31554,280.70154,280.19043,277.18732,275.54529,275.02249,274.45032,0.31144,0.34623,0.96643,0.64393,0.52447,0.26366,66.9583333333333,-12.9583333333333
"151",0,-1462,14.3437,14.03852,13.42814,20.90518,60.73184,78.89035,280.69113,280.15845,277.16818,275.48254,274.94949,274.30704,0.30294,0.28591,0.84258,0.73061,0.52233,0.29729,66.9583333333333,-12.875
"152",0,-1465,14.19111,13.73333,13.42814,21.51555,57.52739,78.73775,280.68634,280.12921,277.14804,275.42899,274.87592,274.1813,0.31517,0.31118,0.65615,0.55887,0.57519,0.42262,66.9583333333333,-12.7916666666667
"153",0,-1523,14.19111,11.44444,13.42814,33.11258,59.20591,87.89331,280.73584,279.95248,277.27997,275.16357,274.37924,273.65402,0.27931,0.51656,1.15701,1.03052,1.02664,0.26498,66.9583333333333,-12.0416666666667
"154",0,-1522,14.03852,11.29185,13.42814,34.48592,58.59554,86.97775,280.75748,279.92609,277.26682,275.11731,274.40384,273.60883,0.25636,0.45155,1.06934,1.10557,1.196,0.29653,66.9583333333333,-11.9583333333333
"155",0,-1523,14.03852,11.13926,13.42814,35.70666,57.3748,86.21479,280.77545,279.8963,277.24847,275.06445,274.42493,273.56726,0.25065,0.41382,0.93621,0.9688,1.25536,0.27233,66.9583333333333,-11.875
"156",0,-1529,13.88592,11.13926,13.27555,36.9274,57.06961,86.0622,280.78741,279.86728,277.22821,275.00964,274.43347,273.53326,0.2493,0.35984,0.87867,0.86911,1.29178,0.25967,66.9583333333333,-11.7916666666667
"157",0,-1547,13.73333,11.13926,13.12296,37.69036,57.22221,86.0622,280.7951,279.83963,277.20477,274.94531,274.423,273.50479,0.24936,0.32738,1.00627,0.86855,1.25893,0.24789,66.9583333333333,-11.7083333333333
"158",0,-1556,13.42814,11.13926,13.12296,37.84295,57.52739,85.90961,280.80182,279.81348,277.17288,274.88318,274.38651,273.4834,0.24274,0.34335,1.28359,0.96326,1.31469,0.23107,66.9583333333333,-11.625
"159",0,-1548,13.27555,11.13926,13.12296,37.69036,57.83258,86.51998,280.81006,279.78674,277.1402,274.82724,274.32898,273.46744,0.24389,0.36436,1.59286,1.07622,1.31912,0.23588,66.9583333333333,-11.5416666666667
"160",0,-1538,13.12296,11.29185,13.27555,37.53777,57.83258,86.82516,280.82022,279.7652,277.10077,274.78107,274.25082,273.45905,0.25059,0.37424,1.71247,1.17832,1.30074,0.24098,66.9583333333333,-11.4583333333333
"161",0,-1529,13.12296,11.29185,13.27555,37.38518,57.98517,87.43553,280.82947,279.74136,277.06177,274.76144,274.16281,273.45901,0.24251,0.36931,1.32137,1.4724,1.38313,0.26079,66.9583333333333,-11.375
"162",0,-1531,13.27555,11.44444,13.27555,37.23258,58.29036,88.19849,280.84094,279.7233,277.02292,274.76263,274.08328,273.46866,0.23368,0.36245,0.80723,2.02752,1.40503,0.26761,66.9583333333333,-11.2916666666667
"163",0,-1516,13.58074,11.44444,13.27555,36.9274,59.35851,88.65627,280.85477,279.70441,276.98764,274.77859,274.01382,273.48605,0.22318,0.33321,0.90336,2.35233,1.54932,0.25037,66.9583333333333,-11.2083333333333
"164",0,-1510,13.58074,11.59703,13.12296,36.31703,59.96888,88.65627,280.87134,279.68921,276.95813,274.80804,273.96759,273.51425,0.22153,0.32302,1.39077,2.3361,1.56096,0.26547,66.9583333333333,-11.125
"165",0,-1509,13.73333,11.74963,13.12296,35.55407,60.57924,88.50368,280.8924,279.67401,276.94156,274.84534,273.93817,273.55032,0.21657,0.30909,1.72627,2.23766,1.48213,0.29523,66.9583333333333,-11.0416666666667
"166",0,-1501,13.58074,11.90222,13.12296,34.63851,61.34221,88.04591,280.91525,279.66223,276.9364,274.87177,273.91534,273.58533,0.2223,0.28159,2.39353,1.95663,1.44558,0.3698,66.9583333333333,-10.9583333333333
"167",0,-1482,13.27555,12.36,12.97037,30.21333,63.78369,94.75998,280.97839,279.63736,276.96701,274.88687,273.86383,273.69263,0.19594,0.22587,3.11781,1.21977,1.75297,0.32006,66.9583333333333,-10.7083333333333
"168",0,-1454,12.97037,12.2074,12.97037,30.36592,64.24146,99.18516,280.99133,279.63599,276.98007,274.86072,273.85025,273.72223,0.18839,0.21444,3.23359,1.26867,1.73284,0.27071,66.9583333333333,-10.625
"169",0,-1426,12.97037,12.2074,13.12296,30.8237,63.78369,103.45775,281.00177,279.63565,276.99002,274.82935,273.83658,273.74802,0.20435,0.2216,3.35827,2.07897,1.53707,0.25405,66.9583333333333,-10.5416666666667
"170",0,-1405,12.81777,12.2074,13.12296,31.28147,63.02073,106.20441,281.00607,279.64279,276.99899,274.80078,273.82593,273.77213,0.20074,0.20712,2.68495,1.98431,1.37611,0.26206,66.9583333333333,-10.4583333333333
"171",0,-1391,12.97037,12.05481,13.12296,31.43407,62.25776,108.6459,281.00745,279.64575,277.00461,274.76883,273.81696,273.79803,0.19651,0.20555,2.64438,1.58066,1.30048,0.2793,66.9583333333333,-10.375
"172",0,-1396,13.12296,12.2074,13.12296,31.28147,63.17332,112.00294,281.00708,279.65363,277.00522,274.74661,273.81506,273.82446,0.19453,0.21264,2.94055,1.26717,1.27755,0.28491,66.9583333333333,-10.2916666666667
"173",0,-1457,13.27555,12.2074,13.12296,31.73925,65.00443,115.35997,281.0087,279.66006,277.00867,274.73615,273.81821,273.85162,0.19782,0.21784,2.72179,1.37069,1.25182,0.26732,66.9583333333333,-10.2083333333333
"174",0,-1502,13.42814,12.2074,13.12296,32.50221,68.97183,117.19109,281.01437,279.67084,277.01733,274.73123,273.83508,273.87738,0.19109,0.22344,2.91177,1.13471,0.98447,0.28307,66.9583333333333,-10.125
"175",0,-1501,13.27555,11.74963,12.97037,36.9274,87.74072,123.75256,281.08249,279.71741,277.08569,274.75858,273.91611,273.91605,0.19967,0.24618,2.63007,0.87575,0.87459,0.27767,66.9583333333333,-9.875
"176",0,-1514,13.12296,11.59703,12.97037,37.38518,91.70812,126.34663,281.12003,279.73782,277.1319,274.77115,273.94034,273.91354,0.21471,0.26909,2.22968,0.93379,0.99413,0.25695,66.9583333333333,-9.79166666666667
"177",0,-1516,13.12296,11.44444,12.81777,38.14814,93.23405,127.41478,281.1593,279.75635,277.18781,274.80405,273.96033,273.90381,0.20824,0.29389,2.90405,0.81745,0.82466,0.24524,66.9583333333333,-9.70833333333334
"178",0,-1556,13.12296,11.29185,12.97037,37.84295,94.45479,131.53477,281.19846,279.77701,277.2587,274.84262,273.97528,273.89246,0.20532,0.29252,2.63962,0.76634,0.75804,0.2428,66.9583333333333,-9.625
"179",0,-1562,13.12296,11.13926,12.97037,36.62221,94.45479,133.97626,281.23593,279.79282,277.33588,274.89218,273.98627,273.8815,0.20042,0.28415,2.12448,0.60522,0.69558,0.24154,66.9583333333333,-9.54166666666667
"180",0,-1549,13.12296,11.13926,13.12296,35.40147,94.45479,135.50218,281.26315,279.80942,277.41815,274.95267,273.99561,273.8761,0.19634,0.26658,1.58462,0.32417,0.63968,0.23309,66.9583333333333,-9.45833333333334
"181",0,-1570,13.12296,11.13926,13.12296,34.63851,96.13331,137.3333,281.28751,279.8378,277.50674,275.01944,274.00656,273.87457,0.20566,0.27836,1.18092,0.27995,0.54367,0.21676,66.9583333333333,-9.375
"182",0,-1583,12.97037,11.29185,13.27555,34.18073,102.3896,137.79108,281.30716,279.87216,277.60629,275.09357,274.01877,273.87772,0.21006,0.32224,1.10464,0.29548,0.40945,0.21278,66.9583333333333,-9.29166666666667
"183",1,-1594,12.81777,11.44444,13.58074,33.72295,105.89923,137.94366,281.32825,279.91165,277.71613,275.16061,274.02917,273.89017,0.20874,0.35786,1.07872,0.30432,0.32981,0.21287,66.9583333333333,-9.20833333333334
"184",0,-1625,12.81777,11.74963,13.88592,33.87555,109.25627,137.94366,281.35956,279.9566,277.83658,275.22302,274.04053,273.90759,0.22811,0.37241,1.04729,0.29118,0.28823,0.21923,66.9583333333333,-9.125
"185",0,-1662,12.66518,12.36,14.19111,34.63851,117.34367,138.09627,281.40201,280.00256,277.95807,275.27509,274.05005,273.93082,0.24603,0.35813,0.91567,0.33332,0.27015,0.21954,66.9583333333333,-9.04166666666667
"186",0,-1668,12.51259,12.81777,14.49629,35.85925,119.17478,135.80737,281.45782,280.05069,278.07025,275.32962,274.06345,273.95905,0.2431,0.36135,1.31599,0.35681,0.28843,0.21323,66.9583333333333,-8.95833333333334
"187",0,-180,35.85925,22.88888,37.38518,115.66515,130.61923,148.62515,280.46451,280.26859,279.03342,278.09396,278.03146,277.7124,0.86422,1.39329,2.31496,0.75358,0.23117,0.28107,66.875,-23.4583333333333
"188",0,-122,26.39851,20.14222,21.05777,56.15406,70.19257,98.57479,280.80893,280.08237,279.21869,277.80093,277.57214,276.35013,1.15274,1.08661,0.99404,0.39243,0.32266,0.50126,66.875,-21.2916666666667
"189",0,-518,19.53185,25.33036,18.4637,83.9259,153.20293,176.2444,281.1012,280.60193,279.03247,277.21259,276.79819,276.069,1.21524,1.02472,0.88375,1.72746,0.30695,0.28747,66.875,-18.9583333333333
"190",0,-186,13.73333,15.56444,15.41185,81.02665,116.58071,171.81921,281.50577,280.64188,278.60742,276.01279,275.74762,276.08249,0.66374,0.4445,0.61419,2.63941,0.29132,0.29281,66.875,-16.625
"191",0,-190,30.6711,20.75259,29.60295,87.28294,93.53924,105.74664,280.48065,280.32019,278.93524,277.707,277.89594,277.33554,1.10278,1.52909,1.55207,1.22474,0.23376,0.30694,66.7916666666667,-23.4583333333333
"192",0,-78,24.10962,19.37926,18.31111,41.96295,71.26072,88.80887,280.88986,280.16284,279.15714,277.80719,277.33633,276.24246,1.83129,1.23785,1.41758,0.35995,0.41345,0.45178,66.7916666666667,-21.2916666666667
"193",0,-526,18.4637,24.26222,18.31111,74.46516,154.57626,186.77328,281.11148,280.52298,279.12381,277.29776,276.83231,276.0788,1.27429,1.287,1.07176,2.18065,0.29543,0.2843,66.7916666666667,-18.9583333333333
"194",0,-123,11.90222,14.49629,13.58074,53.10221,78.58517,111.54516,281.63928,280.70349,278.66251,275.9902,275.74466,276.05267,0.59327,0.47219,0.65579,1.6646,0.32235,0.29124,66.7916666666667,-16.7916666666667
"195",1,-163,12.36,15.10666,14.49629,71.41331,106.66219,157.7807,281.72791,280.65967,278.52701,275.98874,275.76199,276.01813,0.60129,0.43797,0.67138,1.99948,0.33148,0.31239,66.7916666666667,-16.625
"196",0,-134,28.07703,20.14222,20.90518,55.08591,70.03999,87.89331,280.62894,280.42484,278.89142,277.14545,277.54257,276.77512,1.01019,1.59484,1.14108,1.7958,0.33806,0.3965,66.7083333333333,-23.4583333333333
"197",0,-127,23.04148,19.22666,17.39555,37.23258,127.56738,144.81033,280.99988,280.25699,279.2561,277.94629,277.50378,276.34512,1.40691,1.13147,1.74086,0.47094,0.33458,0.45474,66.7083333333333,-21.2083333333333
"198",0,-404,16.93777,23.65185,18.31111,78.43257,144.50514,215.46069,281.20078,280.45682,279.23721,277.32666,276.79034,276.0802,1.45006,1.25784,0.81761,2.02797,0.29773,0.26483,66.7083333333333,-18.9583333333333
"199",0,-88,11.59703,14.19111,12.81777,40.28444,58.74813,82.70516,281.89401,280.76645,278.59534,276.16678,275.77765,275.92526,0.56782,0.56021,0.66438,1.64175,0.36231,0.30938,66.7083333333333,-16.7083333333333
"200",0,-74,27.31407,21.21037,19.53185,45.31999,57.52739,77.36443,280.76953,280.58667,278.90973,276.66324,276.94672,276.08847,0.71916,1.77541,0.97047,1.79496,0.44841,0.53258,66.625,-23.375
"201",1,-193,24.10962,20.4474,19.98962,52.03406,166.47847,183.26366,281.12482,280.30771,279.35794,278.01016,277.65347,276.37262,1.03265,1.10657,1.33528,0.39253,0.29603,0.4083,66.625,-21.2083333333333
"202",1,-450,16.3274,22.88888,18.00592,90.79257,149.84589,245.06364,281.41617,280.37021,279.3063,277.28979,276.65463,276.11539,1.35507,1.09056,0.63376,1.70248,0.32913,0.25675,66.625,-18.9583333333333
"203",0,-76,27.61925,20.90518,18.31111,40.13184,45.62518,63.93628,280.99304,280.75299,278.97556,276.66159,276.66891,275.7905,0.82658,1.88124,1.12833,1.34337,0.60756,0.55424,66.5416666666667,-23.375
"204",1,-281,23.19407,20.75259,20.75259,64.24146,177.46513,206.61032,281.26874,280.30563,279.41235,278.0054,277.71683,276.35434,1.36381,1.07233,1.22514,0.45174,0.28792,0.37225,66.5416666666667,-21.2083333333333
"205",1,-470,15.86963,22.12592,17.54814,99.03257,159.00145,261.23846,281.64001,280.30029,279.34479,277.19397,276.52991,276.14401,1.25267,0.89148,0.65028,1.82763,0.36453,0.26349,66.5416666666667,-18.9583333333333
"206",0,-675,34.9437,23.95703,26.5511,44.55703,40.43703,59.05332,279.62311,280.16891,277.77982,277.66455,277.36246,276.6586,0.58434,1.48369,2.82897,0.22834,0.22476,0.22907,66.4583333333333,-26.0416666666667
"207",0,-58,20.14222,16.93777,16.63259,39.06369,48.06665,72.78665,280.7706,279.71906,278.85541,276.3746,275.57593,275.07571,0.83865,0.77846,1.29233,0.82151,0.51583,0.5794,66.4583333333333,-22.0416666666667
"208",0,-92,20.14222,16.93777,16.93777,42.57332,54.93332,85.14664,280.71448,279.64807,278.81122,276.48126,275.70999,275.14902,0.86409,,1.19873,0.66156,0.49832,0.51832,66.4583333333333,-21.9583333333333
"209",0,-70,21.36296,17.09037,17.85333,45.47258,60.27406,91.55553,280.72244,279.6124,278.81625,276.61731,275.87405,275.22794,1.22648,,1.18801,0.69046,0.47293,0.53769,66.4583333333333,-21.875
"210",0,-86,21.97333,16.78518,17.85333,44.86221,61.18961,91.55553,280.7601,279.61795,278.85056,276.7717,276.06638,275.31131,1.21806,,1.20927,0.7275,0.44527,0.54495,66.4583333333333,-21.7916666666667
"211",0,-76,22.12592,16.3274,17.54814,43.0311,60.88443,90.1822,280.81354,279.64969,278.89944,276.94446,276.27631,275.41333,1.26764,,1.16476,0.70847,0.44122,0.53302,66.4583333333333,-21.7083333333333
"212",1,-239,21.21037,20.14222,19.22666,65.91998,132.29774,161.9007,281.34225,280.34064,279.40363,277.92419,277.55099,276.2186,1.36678,1.12573,1.50645,0.50172,0.30031,0.38588,66.4583333333333,-21.2083333333333
"213",0,-389,15.10666,20.90518,17.39555,116.73331,176.2444,318.15549,281.64862,280.2724,279.34839,277.08405,276.44629,276.09341,0.75094,0.89444,0.99923,1.94303,0.38599,0.31441,66.4583333333333,-18.9583333333333
"214",1,-609,37.23258,25.63555,44.25184,78.43257,128.02515,216.98662,280.62564,280.3407,278.10159,278.33591,278.3223,277.85675,0.59653,1.52928,3.73832,0.22141,0.23092,0.25557,66.375,-26.0416666666667
"215",0,-54,19.68444,14.95407,16.78518,36.62221,46.38814,69.58221,280.70639,279.61792,278.71646,276.57794,275.90277,275.1423,1.05048,0.86943,1.17753,0.87799,0.48667,0.54052,66.375,-21.625
"216",0,-58,19.53185,15.10666,16.78518,37.69036,54.62814,80.87405,280.7731,279.70697,278.79257,276.84216,276.17041,275.31186,1.09629,,1.12903,0.77268,0.47785,0.53606,66.375,-21.5416666666667
"217",0,-199,18.92148,19.22666,17.54814,61.34221,103.45775,140.99551,281.32477,280.36548,279.34564,277.79727,277.31586,276.00357,1.59183,1.35984,1.25265,0.55132,0.3348,0.39953,66.375,-21.2083333333333
"218",0,-528,30.06073,22.5837,56.45924,133.97626,197.14958,299.99695,281.35565,280.53574,278.92529,278.56479,278.59579,278.47592,0.70433,1.53595,2.50609,0.18157,0.20242,0.22028,66.2916666666667,-26.0416666666667
"219",0,-64,17.85333,15.10666,16.3274,37.38518,52.64443,75.38072,280.71463,279.78732,278.68146,276.80603,276.03766,275.2186,0.96926,0.78515,0.8143,0.73238,0.49832,0.50572,66.2916666666667,-21.4583333333333
"220",0,-163,17.09037,18.4637,16.93777,56.15406,87.28294,125.58367,281.27231,280.25037,279.28561,277.67325,277.09985,275.77139,1.39068,,0.97352,0.44593,0.37181,0.41575,66.2916666666667,-21.2083333333333
"221",0,-460,24.71999,13.58074,14.64889,16.93777,22.12592,37.38518,278.46375,279.50787,276.63651,277.05307,277.78793,277.84918,0.41247,1.13354,2.97342,0.24121,0.24255,0.16764,66.2083333333333,-27.9583333333333
"222",0,-469,24.10962,13.73333,15.41185,18.76888,22.4311,36.77481,278.56622,279.50427,276.79477,277.26297,277.95279,277.89651,0.41929,1.12402,2.727,0.2465,0.24713,0.16533,66.2083333333333,-27.875
"223",0,-396,23.65185,18.4637,49.2874,117.19109,136.41774,214.23994,281.59711,280.93204,279.59293,278.72592,278.58646,278.59247,0.8351,1.57092,1.14353,0.19491,0.19417,0.18899,66.2083333333333,-26.0416666666667
"224",0,-69,16.63259,14.64889,16.02222,37.69036,49.74517,71.87109,280.87946,279.84421,278.95395,277.04233,276.11844,275.26532,0.8237,1.03516,0.85147,0.66298,0.48329,0.52637,66.2083333333333,-21.375
"225",0,-95,16.17481,15.56444,16.17481,44.09925,62.10517,92.77628,281.04816,279.97812,279.15979,277.34277,276.47208,275.43845,1.002,0.95674,0.86446,0.51045,0.47273,0.50714,66.2083333333333,-21.2916666666667
"226",0,-134,15.86963,16.93777,16.48,51.88147,76.75405,117.19109,281.24353,280.15219,279.37079,277.57678,276.81686,275.6076,1.22745,,0.88178,0.42927,0.42157,0.47165,66.2083333333333,-21.2083333333333
"227",0,-481,23.04148,14.64889,17.24296,24.10962,19.98962,38.45332,279.34198,280.09604,277.32388,278.4397,278.33923,278.02182,0.45712,1.04621,3.06958,0.22512,0.24457,0.169,66.125,-27.7916666666667
"228",0,-485,22.27851,14.95407,17.24296,24.10962,20.4474,39.06369,279.46143,280.01071,277.31833,278.46136,278.44656,278.12869,0.45008,1.10257,3.06985,0.23019,0.24423,0.16435,66.125,-27.7083333333333
"229",0,-490,22.88888,14.80148,17.39555,23.49925,20.29481,40.13184,279.61264,279.91428,277.32071,278.53461,278.52499,278.26178,0.42024,1.16576,3.08019,0.23154,0.23458,0.17009,66.125,-27.625
"230",1,-277,23.49925,17.70074,26.5511,88.35109,97.04887,127.1096,281.77545,281.18762,279.75272,278.79358,278.55048,278.5896,0.94924,1.5093,0.69532,0.2081,0.20182,0.18254,66.125,-26.0416666666667
"231",0,-118,15.56444,16.17481,17.09037,47.76147,61.4948,105.59405,281.19785,280.0047,279.32416,277.44324,276.41116,275.42941,1.18256,1.10085,0.8007,0.41911,0.45025,0.4981,66.125,-21.2083333333333
"232",1,-632,32.19703,20.75259,34.33332,57.98517,56.61184,140.07997,281.02798,280.69037,278.18549,278.61456,278.60675,278.83356,0.63975,1.01873,2.20555,0.20147,0.17932,0.15251,66.0416666666667,-27.2916666666667
"233",0,-648,34.02814,20.90518,39.36888,76.75405,83.46812,187.84143,281.25,280.83856,278.40402,278.60452,278.60742,278.87302,0.68523,1.15757,1.90576,0.20305,0.1811,0.15638,66.0416666666667,-27.2083333333333
"234",0,-180,23.80444,17.09037,21.51555,88.50368,122.83701,171.05626,282.01111,281.36267,279.80853,278.7565,278.42062,278.52618,0.9449,1.6111,0.83416,0.22849,0.25525,0.27479,66.0416666666667,-25.9583333333333
"235",0,-61,15.41185,13.88592,14.95407,38.9111,50.05036,76.29628,281.14413,279.927,279.10986,277.19748,275.99689,275.30399,1.25078,1.08885,0.84077,0.51943,0.47593,0.47095,66.0416666666667,-21.2083333333333
"236",0,-921,12.66518,10.68148,12.51259,58.74813,92.77628,101.62664,280.9855,279.38281,277.87582,276.06641,275.57281,275.20792,0.29444,,2.06457,1.39025,0.3473,0.25998,66.0416666666667,-11.375
"237",0,-1005,12.36,10.83407,12.36,52.18665,84.23109,99.33775,280.99368,279.35342,277.87741,276.02512,275.54599,275.18063,0.29798,,2.35486,1.25382,0.34234,0.26215,66.0416666666667,-11.2916666666667
"238",0,-1053,12.05481,11.13926,12.2074,48.52443,77.51702,103.15257,281.01337,279.32852,277.88068,275.98358,275.53122,275.15714,0.291,,2.69528,1.05268,0.33964,0.26164,66.0416666666667,-11.2083333333333
"239",0,-1116,11.74963,11.29185,12.2074,43.48888,74.15998,108.34071,281.04092,279.31152,277.89471,275.95905,275.52618,275.12332,0.2831,,3.00134,0.90521,0.33281,0.25946,66.0416666666667,-11.125
"240",0,-1153,11.74963,11.29185,12.2074,36.46962,74.00739,114.29182,281.07452,279.30621,277.90845,275.94708,275.52121,275.08551,0.27224,,3.18664,1.10648,0.32513,0.2523,66.0416666666667,-11.0416666666667
"241",0,-1173,11.59703,11.13926,12.2074,25.48296,77.97479,121.46368,281.11298,279.31088,277.91766,275.94128,275.51227,275.04813,0.27537,,3.29861,1.166,0.34617,0.25342,66.0416666666667,-10.9583333333333
"242",1,-1201,11.59703,11.13926,12.36,23.49925,82.24739,127.71997,281.15247,279.32001,277.92081,275.93661,275.4866,275.01691,0.26658,,3.1864,1.04202,0.38002,0.25458,66.0416666666667,-10.875
"243",0,-1221,11.59703,11.13926,12.36,23.65185,86.82516,130.61923,281.19562,279.34006,277.90976,275.93463,275.44614,275.00238,0.26199,,3.22087,0.53854,0.39726,0.25547,66.0416666666667,-10.7916666666667
"244",0,-1251,11.74963,11.29185,12.36,24.26222,89.41924,132.75552,281.23645,279.36975,277.8851,275.91422,275.39276,275.01126,0.26139,,3.3398,0.62293,0.38528,0.25527,66.0416666666667,-10.7083333333333
"245",0,-1270,11.59703,11.44444,12.51259,25.17777,89.11405,135.50218,281.27466,279.40497,277.84763,275.88849,275.33389,275.04395,0.2573,,3.31539,0.78789,0.3777,0.24245,66.0416666666667,-10.625
"246",0,-1282,11.74963,11.74963,12.51259,26.09333,88.19849,135.04442,281.30548,279.43451,277.80768,275.85797,275.27924,275.09375,0.24782,,3.29596,1.02495,0.35882,0.24198,66.0416666666667,-10.5416666666667
"247",0,-1284,11.90222,11.90222,12.51259,27.31407,87.28294,134.73923,281.32974,279.46277,277.76965,275.8219,275.23367,275.1525,0.25065,,3.1093,0.84015,0.33975,0.24232,66.0416666666667,-10.4583333333333
"248",0,-1272,12.05481,12.05481,12.51259,28.38222,86.82516,135.19701,281.34247,279.49005,277.73975,275.78891,275.2045,275.20883,0.25459,,3.37603,0.69608,0.34662,0.25,66.0416666666667,-10.375
"249",0,-1261,12.36,12.2074,12.66518,29.14518,87.58813,137.02811,281.35193,279.51642,277.71722,275.76041,275.18384,275.25214,0.24434,,3.26869,0.75928,0.35718,0.25134,66.0416666666667,-10.2916666666667
"250",0,-1264,12.51259,12.36,12.81777,30.21333,89.87701,141.91107,281.36029,279.54523,277.69849,275.73621,275.17065,275.28284,0.25485,,3.16746,0.78719,0.38602,0.25538,66.0416666666667,-10.2083333333333
"251",0,-1266,12.66518,12.36,12.81777,31.58666,93.53924,143.13182,281.36865,279.57056,277.68875,275.71982,275.1604,275.2977,0.24849,,2.84879,0.61873,0.42157,0.24991,66.0416666666667,-10.125
"252",0,-1258,12.81777,12.36,12.66518,32.34962,96.13331,142.97922,281.38089,279.6019,277.68402,275.70508,275.14941,275.30017,0.22425,,2.40269,0.30373,0.39214,0.25567,66.0416666666667,-10.0416666666667
"253",0,-1231,12.81777,12.51259,12.66518,32.65481,98.4222,142.52144,281.39838,279.63223,277.68503,275.69638,275.13879,275.29611,0.21699,,2.49012,0.34244,0.36239,0.26101,66.0416666666667,-9.95833333333334
"254",0,-1173,12.97037,12.51259,12.66518,33.26518,101.93182,141.91107,281.41971,279.66299,277.68567,275.68686,275.13348,275.29056,0.21207,,2.79704,0.42146,0.35167,0.25708,66.0416666666667,-9.875
"255",0,-1139,12.97037,12.36,12.66518,34.02814,104.98368,141.6059,281.44296,279.69046,277.68478,275.67334,275.13376,275.28116,0.20526,,3.50126,0.43552,0.34586,0.25068,66.0416666666667,-9.79166666666667
"256",0,-1094,13.12296,12.36,12.66518,34.33332,107.42516,141.6059,281.46643,279.71497,277.68576,275.65988,275.13739,275.27591,0.21171,,4.41636,0.31643,0.35206,0.2561,66.0416666666667,-9.70833333333334
"257",0,-1020,13.12296,12.2074,12.66518,34.48592,110.17182,142.21626,281.48685,279.73386,277.68961,275.6398,275.14578,275.26974,0.22291,,4.58299,0.3141,0.32302,0.23394,66.0416666666667,-9.625
"258",0,-982,13.12296,12.05481,12.66518,34.9437,113.68145,145.5733,281.50189,279.75479,277.69629,275.62308,275.14886,275.26773,0.22581,,4.18214,0.31459,0.30575,0.24337,66.0416666666667,-9.54166666666667
"259",0,-949,13.27555,12.05481,12.66518,36.01184,117.64886,150.30367,281.51123,279.77255,277.70911,275.59961,275.14432,275.27005,0.2404,0.32185,3.76605,0.34371,0.30168,0.22795,66.0416666666667,-9.45833333333334
"260",0,-866,13.27555,12.05481,12.81777,36.46962,122.9896,155.64441,281.50632,279.82278,277.76199,275.52008,275.11807,275.25922,0.2737,0.30138,4.22492,0.38301,0.29529,0.24223,66.0416666666667,-9.20833333333334
"261",0,-861,13.12296,12.2074,12.81777,36.46962,121.76886,155.797,281.50293,279.83649,277.78214,275.49597,275.11072,275.2373,0.29268,0.29806,4.51887,0.38601,0.2986,0.24317,66.0416666666667,-9.125
"262",0,-866,12.97037,12.2074,12.97037,36.46962,118.56441,155.03404,281.50308,279.85083,277.79337,275.474,275.10425,275.20261,0.32402,0.28355,3.78209,0.37938,0.29766,0.22345,66.0416666666667,-9.04166666666667
"263",0,-557,29.90814,19.68444,62.25776,173.34514,321.05475,469.06952,281.51202,281.28217,279.33633,278.79288,278.79037,278.96213,0.83238,0.84731,1.07659,0.19744,0.18829,0.16167,65.9583333333333,-27.125
"264",0,-197,24.10962,17.85333,24.10962,103.61034,139.01181,189.51996,282.12274,281.49039,279.95099,278.75372,278.37793,278.53546,0.97194,1.81643,0.77617,0.22719,0.24528,,65.9583333333333,-25.9583333333333
"265",0,-311,30.6711,21.36296,42.26814,113.68145,161.29033,283.0592,281.94205,281.4769,279.97571,278.92136,278.88046,278.9852,0.87343,1.1515,0.6315,0.19255,0.19923,,65.875,-26.7916666666667
"266",0,-273,29.45036,20.75259,38.60592,107.88293,153.96588,246.89476,282.01578,281.47906,279.97656,278.91599,278.85809,278.96698,0.89783,1.14725,0.61474,0.19516,0.20249,0.1685,65.875,-26.7083333333333
"267",0,-268,28.07703,20.4474,35.70666,104.5259,161.13774,237.12883,282.0899,281.48758,279.99155,278.91272,278.83096,278.94501,0.89501,1.14685,0.59003,0.19398,0.20171,0.16624,65.875,-26.625
"268",0,-269,26.85629,19.83703,32.95999,101.16886,160.52737,220.19106,282.15308,281.50378,280.01517,278.90558,278.79495,278.91675,0.85025,1.19761,0.55849,0.20626,0.21082,0.183,65.875,-26.5416666666667
"269",0,-204,25.17777,19.37926,23.65185,91.09776,111.39256,161.44292,282.35828,281.67889,280.17081,278.883,278.72211,278.83813,0.94989,1.52251,0.56915,0.22745,0.19734,0.16301,65.7916666666667,-26.4583333333333
"270",0,-201,25.17777,19.37926,22.88888,84.84146,108.18812,158.23848,282.36237,281.71945,280.16736,278.8418,278.66003,278.78354,0.98391,1.54717,0.58153,0.22581,0.19575,0.16519,65.7916666666667,-26.375
"271",0,-203,25.02518,19.37926,22.5837,84.53628,106.35701,157.7807,282.354,281.76501,280.15768,278.80463,278.59912,278.72769,1.00099,1.75564,0.59244,0.23372,0.19574,0.17466,65.7916666666667,-26.2916666666667
"272",0,-202,11.44444,10.83407,12.2074,71.87109,108.95108,140.84293,280.58871,280.07993,278.63391,276.57538,275.75061,275.68439,0.55582,0.34267,0.53105,1.1713,0.38756,0.34548,65.7083333333333,-13.375
"273",0,-129,10.98666,10.83407,11.74963,53.10221,72.17628,109.40886,280.29602,280.11835,278.56271,276.59869,275.76266,275.54761,0.55054,0.33229,0.56486,1.2863,0.58155,0.41884,65.625,-13.375
"274",0,-92,10.83407,10.98666,11.90222,38.75851,56.91702,75.68591,280.02655,280.16025,278.37656,276.60208,275.71021,275.5061,0.54308,0.39665,0.55898,1.105,0.62472,0.5003,65.5416666666667,-13.375
"275",0,-41,19.37926,12.81777,13.58074,26.09333,43.0311,48.98221,282.89304,283.23422,280.55981,277.578,276.22382,275.93961,1.35562,1.00249,1.01249,0.85403,0.56997,,65.4583333333333,-24.5416666666667
"276",0,-61,11.13926,11.44444,12.05481,40.58962,60.27406,81.63702,280.03091,280.14124,278.12918,276.55389,275.68872,275.58057,0.61461,,0.49221,0.97808,0.50283,0.45385,65.4583333333333,-13.375
"277",0,-66,17.54814,12.2074,13.27555,25.02518,48.52443,61.34221,283.05554,283.39304,280.73953,277.77518,276.47488,276.01328,1.24583,1.13724,0.76012,0.83081,0.56947,0.66931,65.375,-24.4583333333333
"278",0,-127,11.44444,11.90222,12.66518,68.66665,98.11701,154.72885,280.08023,280.10275,278.02164,276.49918,275.7168,275.63226,0.85116,0.97724,0.44031,1.10939,0.48172,0.43608,65.375,-13.375
"279",0,-76,16.3274,11.74963,13.42814,25.48296,50.96591,75.07554,283.11697,283.32101,280.7023,277.95123,276.8606,276.31213,1.40114,1.29522,0.8011,0.88543,0.57938,0.6559,65.2916666666667,-24.4583333333333
"280",0,-88,16.48,11.74963,13.42814,24.5674,52.49184,77.51702,283.08139,283.26505,280.70776,277.86038,276.71991,276.15909,1.4327,1.23561,0.77302,0.84672,0.6011,0.67202,65.2916666666667,-24.375
"281",0,-158,11.13926,11.59703,12.51259,58.74813,85.29924,134.43404,279.90085,280.06656,278.07489,276.46667,275.67462,275.62613,1.07398,0.88025,0.44825,0.87204,0.40944,0.39372,65.2916666666667,-13.375
"282",0,-92,15.25926,11.13926,13.73333,30.06073,53.55999,76.44887,283.2168,283.22546,280.79684,277.98627,277.12497,276.55374,1.50515,1.29153,0.88977,0.72715,0.5639,0.62521,65.2083333333333,-24.375
"283",0,-77,14.49629,10.83407,12.81777,30.36592,64.39406,89.87701,283.39453,283.22955,280.9599,278.15878,277.42102,276.88593,1.72471,1.39377,0.84962,0.71313,0.56171,0.57654,65.125,-24.2916666666667
"284",0,-131,10.83407,11.59703,12.51259,58.44295,95.67553,128.78812,279.45248,279.3078,277.70035,276.1239,275.65881,275.70169,0.73404,0.63167,0.54183,1.0389,0.4347,0.44308,65.125,-13.125
"285",0,-152,10.83407,11.44444,12.66518,63.02073,104.67849,144.81033,279.54727,279.28247,277.64676,276.11804,275.66629,275.74512,0.74351,0.6286,0.63293,1.01172,0.42298,0.42989,65.125,-13.0416666666667
"286",0,-170,10.83407,11.44444,12.66518,64.69924,108.6459,152.59256,279.6716,279.28333,277.65955,276.11545,275.67285,275.79016,0.78863,0.56986,0.67817,1.23473,0.43333,0.4151,65.125,-12.9583333333333
"287",0,-184,10.68148,11.44444,12.66518,66.22517,112.15553,159.00145,279.82358,279.30405,277.71484,276.10477,275.67676,275.83258,0.94479,0.63474,0.78311,1.16839,0.433,0.39196,65.125,-12.875
"288",1,-188,10.68148,11.44444,12.81777,69.42961,117.80145,167.85181,279.98056,279.32193,277.78326,276.08191,275.67932,275.87009,0.85887,0.54239,0.83133,1.07652,0.36956,0.37437,65.125,-12.7916666666667
"289",0,-215,10.83407,11.59703,12.81777,72.93924,124.36293,178.68588,280.1264,279.34348,277.8363,276.04391,275.67947,275.89999,0.84757,,1.14994,1.01511,0.3826,0.36568,65.125,-12.7083333333333
"290",0,-228,10.83407,11.74963,12.97037,73.54961,126.04145,181.27995,280.23703,279.37592,277.8334,276.0087,275.67795,275.91858,0.84981,0.3539,1.56826,0.85027,0.3798,0.35164,65.125,-12.625
"291",0,-207,10.83407,11.90222,13.12296,73.7022,126.80441,182.65329,280.30756,279.41077,277.8038,275.97681,275.67737,275.92712,0.91022,0.36243,2.13977,0.60859,0.37535,0.3362,65.125,-12.5416666666667
"292",0,-212,10.98666,12.05481,13.27555,77.21183,135.65479,198.82809,280.34641,279.4509,277.76773,275.95676,275.67868,275.92502,0.945,0.36552,2.43399,0.41216,0.37088,0.32826,65.125,-12.4583333333333
"293",0,-236,10.98666,12.2074,13.27555,77.97479,140.84293,202.7955,280.36444,279.49615,277.74594,275.93924,275.67914,275.91003,0.97637,0.35932,2.63728,0.41368,0.35831,0.31247,65.125,-12.375
"294",0,-248,10.98666,12.36,13.42814,76.60146,137.94366,192.7244,280.36115,279.54077,277.73367,275.93149,275.68076,275.88339,0.92666,0.42234,2.65912,0.3787,0.32173,0.30229,65.125,-12.2916666666667
"295",0,-258,10.98666,12.36,13.42814,78.43257,138.55405,192.7244,280.35999,279.58383,277.737,275.93127,275.67889,275.85226,0.94588,0.44335,2.516,0.37606,0.31315,0.29131,65.125,-12.2083333333333
"296",0,-244,10.98666,12.51259,13.27555,84.0785,143.28441,207.37328,280.37927,279.62704,277.7457,275.94162,275.67401,275.82101,0.98006,0.46106,2.25105,0.38013,0.3053,0.28471,65.125,-12.125
"297",0,-237,10.98666,12.66518,13.12296,96.2859,152.13478,247.96291,280.42075,279.67319,277.75879,275.96265,275.66608,275.79181,0.97894,0.45999,2.52954,0.37081,0.30142,0.28588,65.125,-12.0416666666667
"298",0,-259,11.13926,12.51259,12.97037,100.25331,146.64145,248.72586,280.48602,279.72263,277.76556,275.99649,275.65512,275.76584,0.90269,0.45308,2.86279,0.36404,0.30399,0.29053,65.125,-11.9583333333333
"299",0,-254,11.29185,12.05481,12.81777,100.25331,139.92737,240.02809,280.57608,279.7789,277.76352,276.04132,275.64587,275.74899,0.79935,,2.73212,0.38191,0.32066,0.29762,65.125,-11.875
"300",0,-249,11.29185,11.29185,12.66518,97.81183,133.2133,227.05772,280.68143,279.8418,277.76825,276.07657,275.64005,275.73572,0.77559,,2.62547,0.54133,0.33586,0.29572,65.125,-11.7916666666667
"301",0,-227,11.29185,10.83407,12.51259,93.08146,122.22664,201.42216,280.79352,279.90414,277.7865,276.09943,275.63684,275.72147,0.58524,,2.32536,0.69186,0.33395,0.29082,65.125,-11.7083333333333
"302",0,-360,11.44444,10.68148,11.74963,45.1674,102.69479,172.1244,281.10468,280.09592,277.93988,276.09857,275.61478,275.64316,0.37055,,1.54478,0.55543,0.35532,0.27898,65.125,-11.4583333333333
"303",0,-482,11.44444,10.83407,11.59703,34.02814,95.98072,165.8681,281.19196,280.16034,277.99014,276.09204,275.59235,275.61307,0.35547,,1.6441,0.65581,0.38561,0.27529,65.125,-11.375
"304",0,-557,11.59703,10.98666,11.59703,30.6711,86.51998,163.12144,281.27362,280.23407,278.0304,276.095,275.55859,275.58649,0.33544,,2.69659,0.41857,0.40447,0.27062,65.125,-11.2916666666667
"305",0,-616,11.59703,11.29185,11.59703,27.46666,83.01035,163.12144,281.34937,280.31009,278.05823,276.103,275.51575,275.56805,0.33148,,2.78933,0.28113,0.39935,0.29477,65.125,-11.2083333333333
"306",0,-632,11.74963,11.44444,11.74963,23.49925,81.48442,142.21626,281.54056,280.49744,278.24127,276.08041,275.41202,275.56982,0.523,,1.39454,0.24417,0.52994,0.26069,65.125,-10.875
"307",0,-600,11.90222,11.44444,11.74963,24.87259,84.84146,136.26515,281.55502,280.49591,278.29517,276.06744,275.42422,275.5831,0.55109,,1.09491,0.24258,0.34564,0.26053,65.125,-10.7916666666667
"308",0,-549,11.90222,11.44444,11.74963,27.77184,92.01331,140.23256,281.53876,280.48685,278.3577,276.04987,275.51657,275.62521,0.66706,,1.16292,0.31695,0.26777,0.24756,65.125,-10.625
"309",0,-537,12.2074,11.44444,11.74963,29.60295,97.04887,147.55701,281.51651,280.50421,278.36179,276.03552,275.59177,275.6554,0.68681,,1.3275,0.3429,0.25789,0.24326,65.125,-10.5416666666667
"310",0,-534,12.51259,11.74963,11.74963,31.28147,99.94812,151.37181,281.48917,280.5574,278.35934,276.01474,275.67532,275.69019,0.70403,,1.40894,0.33438,0.24791,0.23536,65.125,-10.4583333333333
"311",0,-539,12.66518,11.90222,11.90222,32.04444,101.01627,154.57626,281.47198,280.64453,278.34833,275.97598,275.74268,275.73035,0.76372,,1.40133,0.31227,0.24303,0.23059,65.125,-10.375
"312",0,-563,13.12296,12.05481,12.05481,32.50221,100.55849,159.61182,281.46466,280.74478,278.33475,275.92786,275.76892,275.75766,0.83298,,1.32146,0.3062,0.24616,0.23413,65.125,-10.2916666666667
"313",0,-596,13.58074,12.36,12.05481,32.65481,98.72739,172.88736,281.46265,280.8381,278.31497,275.87393,275.75031,275.76208,0.84932,,1.33496,0.23715,0.25313,0.24507,65.125,-10.2083333333333
"314",0,-635,14.03852,12.36,12.05481,32.65481,99.64294,173.65033,281.46863,280.92099,278.28839,275.82181,275.69064,275.73193,0.85133,,1.32981,0.24053,0.25507,0.25308,65.125,-10.125
"315",0,-679,14.3437,12.51259,12.2074,32.04444,102.3896,172.73477,281.48306,280.98639,278.25058,275.7803,275.60574,275.66815,0.83162,,1.31961,0.24863,0.25251,0.23912,65.125,-10.0416666666667
"316",0,-712,14.64889,12.66518,12.2074,31.43407,105.74664,171.66663,281.50653,281.04041,278.20557,275.75244,275.51981,275.59097,0.86228,,1.35102,0.25019,0.25588,0.22663,65.125,-9.95833333333334
"317",0,-735,14.80148,12.97037,12.36,30.97629,109.56145,170.1407,281.54245,281.07736,278.15805,275.74017,275.45389,275.51105,0.88578,,1.27288,0.25174,0.26018,0.2234,65.125,-9.875
"318",0,-751,14.80148,13.42814,12.66518,29.90814,108.03553,168.61478,281.58551,281.10181,278.10733,275.73083,275.40616,275.43881,0.8583,0.79763,1.07573,0.24881,0.25331,0.22672,65.125,-9.79166666666667
"319",0,-773,14.95407,14.19111,12.97037,28.83999,107.88293,167.69922,281.62906,281.11401,278.05844,275.72168,275.3764,275.37799,0.85965,0.8088,0.94138,0.24333,0.24346,0.22459,65.125,-9.70833333333334
"320",0,-771,15.25926,15.10666,13.27555,28.22962,108.18812,165.8681,281.67111,281.10062,278.02277,275.70959,275.3573,275.3273,0.90537,0.92415,1.21488,0.24634,0.24623,0.22488,65.125,-9.625
"321",0,-787,15.41185,16.3274,13.58074,28.07703,109.10368,162.0533,281.70926,281.06421,278.00864,275.69339,275.33487,275.28235,0.90014,1.26796,1.07706,0.24733,0.24382,0.22814,65.125,-9.54166666666667
"322",0,-807,15.41185,18.31111,13.58074,28.6874,111.54516,152.74515,281.74606,281.00821,278.01328,275.67648,275.3063,275.23911,0.91258,,1.04367,0.25506,0.24219,0.23051,65.125,-9.45833333333334
"323",0,-809,15.56444,19.22666,13.27555,29.75555,109.10368,145.5733,281.78909,280.92975,278.03342,275.66614,275.27377,275.19754,0.94051,,1.15239,0.2638,0.24545,0.23195,65.125,-9.375
"324",0,-834,15.56444,19.22666,13.12296,29.90814,106.66219,140.23256,281.83633,280.84528,278.05444,275.6731,275.23904,275.15732,1.03658,0.43409,1.30169,0.2639,0.24713,0.23098,65.125,-9.29166666666667
"325",0,-91,13.73333,10.68148,12.51259,58.59554,101.01627,148.01477,283.62167,283.42059,281.10623,278.41592,277.72583,277.28656,1.70616,1.40507,0.88911,0.92034,0.60731,0.62515,65.0416666666667,-24.2916666666667
"326",0,-121,13.58074,10.68148,12.81777,66.68295,120.39552,175.93921,283.56805,283.29196,281.10117,278.40268,277.64819,277.21228,1.85215,1.36857,0.97742,0.95289,0.63044,0.61631,65.0416666666667,-24.2083333333333
"327",0,-275,13.12296,10.98666,14.03852,86.51998,148.93033,214.69772,283.70874,283.53329,281.26892,278.65976,277.93527,277.55389,1.57059,1.44559,1.01017,1.07528,0.7081,0.56753,64.9583333333333,-24.2083333333333
