"","year","month","spec","la2","lo2","pods","bat1","chlorMarch","chlorApril","chlorMay","chlorJune","chlorJuly","chlorAug","mldMarch","mldApril","mldMay","mldJune","mldJuly","mldAug","sstMarch","sstApril","sstMay","sstJune","sstJuly","sstAug","presence"
"1",2001,6,"mn",66.861,-20.612,1,-306,0.2287333459,0.2029586285,0.9321214557,0.6625124812,0.4713043273,1.2123194933,244.75845337,164.64736938,27.314067841,13.275551796,12.665182114,11.444441795,275.97802734,275.75231934,277.62359619,278.41378784,280.01013184,279.30584717,"1"
"2",2001,6,"mn",66.863,-20.591,1,-300,0.2287333459,0.2029586285,0.9321214557,0.6625124812,0.4713043273,1.2123194933,244.75845337,164.64736938,27.314067841,13.275551796,12.665182114,11.444441795,275.97802734,275.75231934,277.62359619,278.41378784,280.01013184,279.30584717,"1"
"3",2001,7,"mn",65.159,-11.481,1,-332,0.2469768673,0.2578957677,1.6076556444,1.0012428761,0.5275496841,0.6438299418,195.1658783,139.62219238,15.564440727,12.970367432,10.834071159,11.749627113,275.46176147,275.48666382,276.40505981,277.75256348,280.38101196,281.06021118,"1"
"4",2001,7,"mn",65.332,-12.462,2,-228,0.2937445045,0.2887397707,0.5535217524,1.0174201727,0.7613977194,0.6205664277,165.86810303,121.61626434,14.648885727,13.122960091,10.834071159,11.597034454,275.60189819,275.60076904,276.34246826,277.16677856,280.02706909,281.20187378,"1"
"5",2001,7,"mn",65.334,-12.473,2,-229,0.2937445045,0.2887397707,0.5535217524,1.0174201727,0.7613977194,0.6205664277,165.86810303,121.61626434,14.648885727,13.122960091,10.834071159,11.597034454,275.60189819,275.60076904,276.34246826,277.16677856,280.02706909,281.20187378,"1"
"6",2001,7,"mn",65.345,-12.49,2,-239,0.2937445045,0.2887397707,0.5535217524,1.0174201727,0.7613977194,0.6205664277,165.86810303,121.61626434,14.648885727,13.122960091,10.834071159,11.597034454,275.58953857,275.57528687,276.33163452,277.14328003,280.03652954,281.2053833,"1"
"7",2001,7,"mn",65.367,-12.527,1,-262,0.2937445045,0.2887397707,0.5535217524,1.0174201727,0.7613977194,0.6205664277,165.86810303,121.61626434,14.648885727,13.122960091,10.834071159,11.597034454,275.60446167,275.54623413,276.2479248,277.12939453,280.05752563,281.27493286,"1"
"8",2001,7,"mn",65.366,-12.533,1,-268,0.2937445045,0.2887397707,0.5535217524,1.0174201727,0.7613977194,0.6205664277,165.86810303,121.61626434,14.648885727,13.122960091,10.834071159,11.597034454,275.60446167,275.54623413,276.2479248,277.12939453,280.05752563,281.27493286,"1"
"9",2001,7,"mn",65.366,-12.533,1,-268,0.2937445045,0.2887397707,0.5535217524,1.0174201727,0.7613977194,0.6205664277,165.86810303,121.61626434,14.648885727,13.122960091,10.834071159,11.597034454,275.60446167,275.54623413,276.2479248,277.12939453,280.05752563,281.27493286,"1"
"10",2001,7,"mn",65.361,-12.551,1,-285,0.2934365571,0.27536273,0.5083679557,0.9488771558,0.7924063802,0.6122056246,166.17329407,119.47997284,14.648885727,12.970367432,10.834071159,11.597034454,275.60446167,275.54623413,276.2479248,277.12939453,280.05752563,281.27493286,"1"
"11",2001,7,"mn",65.361,-12.552,1,-285,0.2934365571,0.27536273,0.5083679557,0.9488771558,0.7924063802,0.6122056246,166.17329407,119.47997284,14.648885727,12.970367432,10.834071159,11.597034454,275.60446167,275.54623413,276.2479248,277.12939453,280.05752563,281.27493286,"1"
"12",2001,7,"mn",65.359,-12.557,1,-273,0.2934365571,0.27536273,0.5083679557,0.9488771558,0.7924063802,0.6122056246,166.17329407,119.47997284,14.648885727,12.970367432,10.834071159,11.597034454,275.60446167,275.54623413,276.2479248,277.12939453,280.05752563,281.27493286,"1"
"13",2001,7,"mn",65.358,-12.573,1,-263,0.2934365571,0.27536273,0.5083679557,0.9488771558,0.7924063802,0.6122056246,166.17329407,119.47997284,14.648885727,12.970367432,10.834071159,11.597034454,275.57254028,275.54251099,276.3137207,277.12878418,280.04769897,281.19393921,"1"
"14",2001,7,"mn",65.358,-12.586,1,-253,0.2934365571,0.27536273,0.5083679557,0.9488771558,0.7924063802,0.6122056246,166.17329407,119.47997284,14.648885727,12.970367432,10.834071159,11.597034454,275.57254028,275.54251099,276.3137207,277.12878418,280.04769897,281.19393921,"1"
"15",2001,7,"mn",65.358,-12.586,1,-253,0.2934365571,0.27536273,0.5083679557,0.9488771558,0.7924063802,0.6122056246,166.17329407,119.47997284,14.648885727,12.970367432,10.834071159,11.597034454,275.57254028,275.54251099,276.3137207,277.12878418,280.04769897,281.19393921,"1"
"16",2001,7,"mn",65.359,-12.61,1,-242,0.2934365571,0.27536273,0.5083679557,0.9488771558,0.7924063802,0.6122056246,166.17329407,119.47997284,14.648885727,12.970367432,10.834071159,11.597034454,275.59448242,275.52252197,276.23629761,277.11868286,280.11419678,281.25897217,"1"
"17",2001,7,"mn",65.36,-12.618,1,-240,0.2934365571,0.27536273,0.5083679557,0.9488771558,0.7924063802,0.6122056246,166.17329407,119.47997284,14.648885727,12.970367432,10.834071159,11.597034454,275.59448242,275.52252197,276.23629761,277.11868286,280.11419678,281.25897217,"1"
"18",2001,7,"mn",65.366,-12.659,1,-233,0.2981015444,0.2708498538,0.4767536223,0.894040525,0.7999042273,0.6121931076,161.9006958,112.15552521,14.648885727,12.817774773,10.834071159,11.597034454,275.58282471,275.49588013,276.22677612,277.12197876,280.18154907,281.22970581,"1"
"19",2001,7,"mn",65.377,-12.72,2,-231,0.3012182415,0.2754652798,0.4031413198,0.9659798741,0.7660409212,0.5650159717,131.83996582,90.02960968,14.954070091,13.428144455,10.834071159,11.749627113,275.58282471,275.49588013,276.22677612,277.12197876,280.18154907,281.22970581,"1"
"20",2001,7,"mn",65.424,-12.986,1,-117,0.3186969161,0.2964092493,0.3655329049,1.1582033634,0.8030912876,0.6081616879,118.25923157,81.331832886,14.343700409,12.817774773,10.6814785,11.139256477,275.552948,275.40478516,276.22845459,277.23480225,280.17251587,281.10256958,"1"
"21",2001,7,"mn",65.434,-13.041,1,-110,0.3186969161,0.2964092493,0.3655329049,1.1582033634,0.8030912876,0.6081616879,118.25923157,81.331832886,14.343700409,12.817774773,10.6814785,11.139256477,275.552948,275.40478516,276.22845459,277.23480225,280.17251587,281.10256958,"1"
"22",2001,7,"mn",65.434,-13.041,1,-110,0.3186969161,0.2964092493,0.3655329049,1.1582033634,0.8030912876,0.6081616879,118.25923157,81.331832886,14.343700409,12.817774773,10.6814785,11.139256477,275.552948,275.40478516,276.22845459,277.23480225,280.17251587,281.10256958,"1"
"23",2001,7,"mn",65.717,-13.348,1,-232,0.3209336996,0.2851700187,0.3222252727,1.2904862165,0.5628281832,0.4259649813,159.00144958,104.67848969,14.038515091,12.512589455,10.6814785,11.291849136,275.58816528,275.27642822,276.28005981,277.46633911,281.26559448,281.57495117,"1"
"24",2001,7,"mn",65.737,-13.368,1,-208,0.3209336996,0.2851700187,0.3222252727,1.2904862165,0.5628281832,0.4259649813,159.00144958,104.67848969,14.038515091,12.512589455,10.6814785,11.291849136,275.58816528,275.27642822,276.28005981,277.46633911,281.26559448,281.57495117,"1"
"25",2001,7,"mn",65.737,-13.368,1,-208,0.3209336996,0.2851700187,0.3222252727,1.2904862165,0.5628281832,0.4259649813,159.00144958,104.67848969,14.038515091,12.512589455,10.6814785,11.291849136,275.58816528,275.27642822,276.28005981,277.46633911,281.26559448,281.57495117,"1"
"26",2001,7,"mn",65.77,-13.4,2,-195,0.3195809722,0.2782250643,0.3224634528,1.3694790602,0.5406727791,0.4586155415,147.2518158,97.811828613,13.733329773,12.359996796,10.528885841,11.139256477,275.527771,275.28845215,276.36657715,277.54956055,281.31329346,281.60388184,"1"
"27",2001,7,"mn",65.812,-13.389,1,-245,0.3091664016,0.2567507923,0.3333221972,1.3535288572,0.475797832,0.5425869823,195.47106934,114.29182434,14.801477432,12.817774773,10.834071159,11.902218819,275.68286133,275.23519897,276.1897583,277.39425659,281.14044189,281.46789551,"1"
"28",2001,7,"mn",65.814,-13.388,1,-245,0.3091664016,0.2567507923,0.3333221972,1.3535288572,0.475797832,0.5425869823,195.47106934,114.29182434,14.801477432,12.817774773,10.834071159,11.902218819,275.68286133,275.23519897,276.1897583,277.39425659,281.14044189,281.46789551,"1"
"29",2001,7,"mn",65.817,-13.387,1,-247,0.3091664016,0.2567507923,0.3333221972,1.3535288572,0.475797832,0.5425869823,195.47106934,114.29182434,14.801477432,12.817774773,10.834071159,11.902218819,275.68286133,275.23519897,276.1897583,277.39425659,281.14044189,281.46789551,"1"
"30",2001,7,"mn",65.822,-13.379,1,-251,0.3091664016,0.2567507923,0.3333221972,1.3535288572,0.475797832,0.5425869823,195.47106934,114.29182434,14.801477432,12.817774773,10.834071159,11.902218819,275.68286133,275.23519897,276.1897583,277.39425659,281.14044189,281.46789551,"1"
"31",2001,7,"mn",65.832,-13.397,1,-252,0.3091664016,0.2567507923,0.3333221972,1.3535288572,0.475797832,0.5425869823,195.47106934,114.29182434,14.801477432,12.817774773,10.834071159,11.902218819,275.64605713,275.23376465,276.2600708,277.44589233,281.18331909,281.50183105,"1"
"32",2001,7,"mn",65.839,-13.416,1,-249,0.3091664016,0.2567507923,0.3333221972,1.3535288572,0.475797832,0.5425869823,195.47106934,114.29182434,14.801477432,12.817774773,10.834071159,11.902218819,275.64605713,275.23376465,276.2600708,277.44589233,281.18331909,281.50183105,"1"
"33",2001,7,"mn",65.84,-13.417,2,-254,0.3091664016,0.2567507923,0.3333221972,1.3535288572,0.475797832,0.5425869823,195.47106934,114.29182434,14.801477432,12.817774773,10.834071159,11.902218819,275.64605713,275.23376465,276.2600708,277.44589233,281.18331909,281.50183105,"1"
"34",2001,7,"mn",65.854,-13.454,1,-262,0.3091664016,0.2567507923,0.3333221972,1.3535288572,0.475797832,0.5425869823,195.47106934,114.29182434,14.801477432,12.817774773,10.834071159,11.902218819,275.64605713,275.23376465,276.2600708,277.44589233,281.18331909,281.50183105,"1"
"35",2001,7,"mn",65.858,-13.462,3,-263,0.2668471634,0.2518262863,0.3127325475,1.4032651186,0.4810036719,0.5628237724,190.74069214,114.44441223,14.648885727,12.665182114,10.6814785,11.597034454,275.64605713,275.23376465,276.2600708,277.44589233,281.18331909,281.50183105,"1"
"36",2001,7,"mn",65.866,-13.485,1,-244,0.2668471634,0.2518262863,0.3127325475,1.4032651186,0.4810036719,0.5628237724,190.74069214,114.44441223,14.648885727,12.665182114,10.6814785,11.597034454,275.65612793,275.16070557,276.23202515,277.45791626,280.80981445,281.39709473,"1"
"37",2001,7,"mn",65.868,-13.49,1,-243,0.2668471634,0.2518262863,0.3127325475,1.4032651186,0.4810036719,0.5628237724,190.74069214,114.44441223,14.648885727,12.665182114,10.6814785,11.597034454,275.65612793,275.16070557,276.23202515,277.45791626,280.80981445,281.39709473,"1"
"38",2001,7,"mn",65.868,-13.49,1,-243,0.2668471634,0.2518262863,0.3127325475,1.4032651186,0.4810036719,0.5628237724,190.74069214,114.44441223,14.648885727,12.665182114,10.6814785,11.597034454,275.65612793,275.16070557,276.23202515,277.45791626,280.80981445,281.39709473,"1"
"39",2001,7,"mn",65.872,-13.497,1,-241,0.2668471634,0.2518262863,0.3127325475,1.4032651186,0.4810036719,0.5628237724,190.74069214,114.44441223,14.648885727,12.665182114,10.6814785,11.597034454,275.65612793,275.16070557,276.23202515,277.45791626,280.80981445,281.39709473,"1"
"40",2001,7,"mn",65.872,-13.497,1,-241,0.2668471634,0.2518262863,0.3127325475,1.4032651186,0.4810036719,0.5628237724,190.74069214,114.44441223,14.648885727,12.665182114,10.6814785,11.597034454,275.65612793,275.16070557,276.23202515,277.45791626,280.80981445,281.39709473,"1"
"41",2001,7,"mn",65.888,-13.516,1,-225,0.2470157445,0.25717026,0.3449290693,1.4109200239,0.4495883584,0.5121039152,189.5199585,128.17774963,15.411848068,13.122960091,10.834071159,12.359996796,275.65612793,275.16070557,276.23202515,277.45791626,280.80981445,281.39709473,"1"
"42",2001,7,"mn",65.895,-13.523,2,-221,0.2470157445,0.25717026,0.3449290693,1.4109200239,0.4495883584,0.5121039152,189.5199585,128.17774963,15.411848068,13.122960091,10.834071159,12.359996796,275.65612793,275.16070557,276.23202515,277.45791626,280.80981445,281.39709473,"1"
"43",2001,7,"mn",65.9,-13.528,1,-221,0.2470157445,0.25717026,0.3449290693,1.4109200239,0.4495883584,0.5121039152,189.5199585,128.17774963,15.411848068,13.122960091,10.834071159,12.359996796,275.65612793,275.16070557,276.23202515,277.45791626,280.80981445,281.39709473,"1"
"44",2001,7,"mn",65.909,-13.536,1,-226,0.2470157445,0.25717026,0.3449290693,1.4109200239,0.4495883584,0.5121039152,189.5199585,128.17774963,15.411848068,13.122960091,10.834071159,12.359996796,275.65612793,275.16070557,276.23202515,277.45791626,280.80981445,281.39709473,"1"
"45",2001,7,"mn",65.915,-13.542,1,-232,0.229395166,0.2537460327,0.3331832886,1.3016976118,0.460370034,0.4993363619,180.66958618,123.90515137,15.10666275,12.970367432,10.834071159,12.054811478,275.65612793,275.16070557,276.23202515,277.45791626,280.80981445,281.39709473,"1"
"46",2001,7,"mn",65.917,-13.544,1,-232,0.229395166,0.2537460327,0.3331832886,1.3016976118,0.460370034,0.4993363619,180.66958618,123.90515137,15.10666275,12.970367432,10.834071159,12.054811478,275.65612793,275.16070557,276.23202515,277.45791626,280.80981445,281.39709473,"1"
"47",2001,7,"mn",65.93,-13.557,1,-222,0.229395166,0.2537460327,0.3331832886,1.3016976118,0.460370034,0.4993363619,180.66958618,123.90515137,15.10666275,12.970367432,10.834071159,12.054811478,275.65612793,275.16070557,276.23202515,277.45791626,280.80981445,281.39709473,"1"
"48",2001,7,"mn",65.953,-13.579,1,-198,0.229395166,0.2537460327,0.3331832886,1.3016976118,0.460370034,0.4993363619,180.66958618,123.90515137,15.10666275,12.970367432,10.834071159,12.054811478,275.6086731,275.10986328,276.16052246,277.47723389,280.47381592,281.33328247,"1"
"49",2001,7,"mn",65.959,-13.584,3,-191,0.2318285704,0.2529635727,0.3460144103,1.2100023031,0.5190985799,0.4961104691,114.13922882,79.500724792,15.717033386,13.428144455,10.986663818,12.512589455,275.6086731,275.10986328,276.16052246,277.47723389,280.47381592,281.33328247,"1"
"50",2001,7,"mn",65.959,-13.584,5,-191,0.2318285704,0.2529635727,0.3460144103,1.2100023031,0.5190985799,0.4961104691,114.13922882,79.500724792,15.717033386,13.428144455,10.986663818,12.512589455,275.6086731,275.10986328,276.16052246,277.47723389,280.47381592,281.33328247,"1"
"51",2001,7,"mn",65.961,-13.586,1,-184,0.2318285704,0.2529635727,0.3460144103,1.2100023031,0.5190985799,0.4961104691,114.13922882,79.500724792,15.717033386,13.428144455,10.986663818,12.512589455,275.6086731,275.10986328,276.16052246,277.47723389,280.47381592,281.33328247,"1"
"52",2001,7,"mn",65.972,-13.597,1,-173,0.2318285704,0.2529635727,0.3460144103,1.2100023031,0.5190985799,0.4961104691,114.13922882,79.500724792,15.717033386,13.428144455,10.986663818,12.512589455,275.6086731,275.10986328,276.16052246,277.47723389,280.47381592,281.33328247,"1"
"53",2001,7,"mn",65.975,-13.6,1,-168,0.2318285704,0.2529635727,0.3460144103,1.2100023031,0.5190985799,0.4961104691,114.13922882,79.500724792,15.717033386,13.428144455,10.986663818,12.512589455,275.6086731,275.10986328,276.16052246,277.47723389,280.47381592,281.33328247,"1"
"54",2001,7,"mn",65.978,-13.603,1,-164,0.2318285704,0.2529635727,0.3460144103,1.2100023031,0.5190985799,0.4961104691,114.13922882,79.500724792,15.717033386,13.428144455,10.986663818,12.512589455,275.6086731,275.10986328,276.16052246,277.47723389,280.47381592,281.33328247,"1"
"55",2001,7,"mn",65.982,-13.607,4,-161,0.2318285704,0.2529635727,0.3460144103,1.2100023031,0.5190985799,0.4961104691,114.13922882,79.500724792,15.717033386,13.428144455,10.986663818,12.512589455,275.6086731,275.10986328,276.16052246,277.47723389,280.47381592,281.33328247,"1"
"56",2001,7,"mn",65.986,-13.611,1,-157,0.2318285704,0.2529635727,0.3460144103,1.2100023031,0.5190985799,0.4961104691,114.13922882,79.500724792,15.717033386,13.428144455,10.986663818,12.512589455,275.6086731,275.10986328,276.16052246,277.47723389,280.47381592,281.33328247,"1"
"57",2001,7,"mn",65.998,-13.622,1,-139,0.2318285704,0.2529635727,0.3460144103,1.2100023031,0.5190985799,0.4961104691,114.13922882,79.500724792,15.717033386,13.428144455,10.986663818,12.512589455,275.6086731,275.10986328,276.16052246,277.47723389,280.47381592,281.33328247,"1"
"58",2001,7,"mn",66.009,-13.633,1,-133,0.2371967584,0.2464660108,0.3599444926,1.0593087673,0.4846911132,0.5052633286,120.853302,83.010353088,15.869626045,13.275551796,10.986663818,12.512589455,275.6086731,275.10986328,276.16052246,277.47723389,280.47381592,281.33328247,"1"
"59",2001,7,"mn",66.033,-13.644,1,-132,0.2371967584,0.2464660108,0.3599444926,1.0593087673,0.4846911132,0.5052633286,120.853302,83.010353088,15.869626045,13.275551796,10.986663818,12.512589455,275.52267456,275.07525635,276.13470459,277.47317505,280.51400757,281.34954834,"1"
"60",2001,7,"mn",66.038,-13.657,1,-132,0.2371967584,0.2464660108,0.3599444926,1.0593087673,0.4846911132,0.5052633286,120.853302,83.010353088,15.869626045,13.275551796,10.986663818,12.512589455,275.52267456,275.07525635,276.13470459,277.47317505,280.51400757,281.34954834,"1"
"61",2001,7,"mn",66.044,-13.667,2,-127,0.2344562262,0.2494723052,0.3578961194,1.0154696703,0.4815025628,0.5490554571,115.51256561,85.604423523,16.17481041,13.428144455,10.986663818,12.665182114,275.52267456,275.07525635,276.13470459,277.47317505,280.51400757,281.34954834,"1"
"62",2001,7,"mn",66.049,-13.672,3,-127,0.2344562262,0.2494723052,0.3578961194,1.0154696703,0.4815025628,0.5490554571,115.51256561,85.604423523,16.17481041,13.428144455,10.986663818,12.665182114,275.52267456,275.07525635,276.13470459,277.47317505,280.51400757,281.34954834,"1"
"63",2001,7,"mn",66.049,-13.672,1,-127,0.2344562262,0.2494723052,0.3578961194,1.0154696703,0.4815025628,0.5490554571,115.51256561,85.604423523,16.17481041,13.428144455,10.986663818,12.665182114,275.52267456,275.07525635,276.13470459,277.47317505,280.51400757,281.34954834,"1"
"64",2001,7,"mn",66.049,-13.672,1,-127,0.2344562262,0.2494723052,0.3578961194,1.0154696703,0.4815025628,0.5490554571,115.51256561,85.604423523,16.17481041,13.428144455,10.986663818,12.665182114,275.52267456,275.07525635,276.13470459,277.47317505,280.51400757,281.34954834,"1"
"65",2001,7,"mn",66.058,-13.683,1,-127,0.2344562262,0.2494723052,0.3578961194,1.0154696703,0.4815025628,0.5490554571,115.51256561,85.604423523,16.17481041,13.428144455,10.986663818,12.665182114,275.52267456,275.07525635,276.13470459,277.47317505,280.51400757,281.34954834,"1"
"66",2001,7,"mn",66.06,-13.685,1,-127,0.2344562262,0.2494723052,0.3578961194,1.0154696703,0.4815025628,0.5490554571,115.51256561,85.604423523,16.17481041,13.428144455,10.986663818,12.665182114,275.52267456,275.07525635,276.13470459,277.47317505,280.51400757,281.34954834,"1"
"67",2001,7,"mn",66.065,-13.689,1,-127,0.2344562262,0.2494723052,0.3578961194,1.0154696703,0.4815025628,0.5490554571,115.51256561,85.604423523,16.17481041,13.428144455,10.986663818,12.665182114,275.52267456,275.07525635,276.13470459,277.47317505,280.51400757,281.34954834,"1"
"68",2001,7,"mn",66.067,-13.692,1,-126,0.2344562262,0.2494723052,0.3578961194,1.0154696703,0.4815025628,0.5490554571,115.51256561,85.604423523,16.17481041,13.428144455,10.986663818,12.665182114,275.52267456,275.07525635,276.13470459,277.47317505,280.51400757,281.34954834,"1"
"69",2001,7,"mn",66.067,-13.692,1,-126,0.2344562262,0.2494723052,0.3578961194,1.0154696703,0.4815025628,0.5490554571,115.51256561,85.604423523,16.17481041,13.428144455,10.986663818,12.665182114,275.52267456,275.07525635,276.13470459,277.47317505,280.51400757,281.34954834,"1"
"70",2001,7,"mn",66.069,-13.694,2,-129,0.2344562262,0.2494723052,0.3578961194,1.0154696703,0.4815025628,0.5490554571,115.51256561,85.604423523,16.17481041,13.428144455,10.986663818,12.665182114,275.52267456,275.07525635,276.13470459,277.47317505,280.51400757,281.34954834,"1"
"71",2001,7,"mn",66.071,-13.696,1,-129,0.2344562262,0.2494723052,0.3578961194,1.0154696703,0.4815025628,0.5490554571,115.51256561,85.604423523,16.17481041,13.428144455,10.986663818,12.665182114,275.52267456,275.07525635,276.13470459,277.47317505,280.51400757,281.34954834,"1"
"72",2001,7,"mn",66.072,-13.697,1,-129,0.2344562262,0.2494723052,0.3578961194,1.0154696703,0.4815025628,0.5490554571,115.51256561,85.604423523,16.17481041,13.428144455,10.986663818,12.665182114,275.52267456,275.07525635,276.13470459,277.47317505,280.51400757,281.34954834,"1"
"73",2001,7,"mn",66.078,-13.703,4,-131,0.2344562262,0.2494723052,0.3578961194,1.0154696703,0.4815025628,0.5490554571,115.51256561,85.604423523,16.17481041,13.428144455,10.986663818,12.665182114,275.52267456,275.07525635,276.13470459,277.47317505,280.51400757,281.34954834,"1"
"74",2001,7,"mn",66.078,-13.703,2,-131,0.2344562262,0.2494723052,0.3578961194,1.0154696703,0.4815025628,0.5490554571,115.51256561,85.604423523,16.17481041,13.428144455,10.986663818,12.665182114,275.52267456,275.07525635,276.13470459,277.47317505,280.51400757,281.34954834,"1"
"75",2001,7,"mn",66.091,-13.715,1,-127,0.2224589437,0.24161762,0.3468877971,0.9896546602,0.4803845286,0.5119446516,99.642936707,75.991088867,15.259255409,12.970367432,10.834071159,12.359996796,275.52267456,275.07525635,276.13470459,277.47317505,280.51400757,281.34954834,"1"
"76",2001,7,"mn",66.099,-13.723,1,-127,0.2224589437,0.24161762,0.3468877971,0.9896546602,0.4803845286,0.5119446516,99.642936707,75.991088867,15.259255409,12.970367432,10.834071159,12.359996796,275.52267456,275.07525635,276.13470459,277.47317505,280.51400757,281.34954834,"1"
"77",2001,7,"mn",66.104,-13.728,1,-124,0.2224589437,0.24161762,0.3468877971,0.9896546602,0.4803845286,0.5119446516,99.642936707,75.991088867,15.259255409,12.970367432,10.834071159,12.359996796,275.46762085,275.06277466,276.15234375,277.47177124,280.57376099,281.40646362,"1"
"78",2001,7,"mn",66.106,-13.73,1,-124,0.2224589437,0.24161762,0.3468877971,0.9896546602,0.4803845286,0.5119446516,99.642936707,75.991088867,15.259255409,12.970367432,10.834071159,12.359996796,275.46762085,275.06277466,276.15234375,277.47177124,280.57376099,281.40646362,"1"
"79",2001,7,"mn",66.116,-13.739,1,-107,0.2224589437,0.24161762,0.3468877971,0.9896546602,0.4803845286,0.5119446516,99.642936707,75.991088867,15.259255409,12.970367432,10.834071159,12.359996796,275.39361572,275.05752563,276.17636108,277.43765259,280.80459595,281.43127441,"1"
"80",2001,7,"mn",66.134,-13.757,1,-105,0.2255593538,0.2426083088,0.342500031,1.0535868406,0.4500274062,0.5337390304,112.15552521,86.519981384,15.411848068,12.817774773,10.834071159,12.054811478,275.39361572,275.05752563,276.17636108,277.43765259,280.80459595,281.43127441,"1"
"81",2001,7,"mn",66.151,-13.773,1,-112,0.2255593538,0.2426083088,0.342500031,1.0535868406,0.4500274062,0.5337390304,112.15552521,86.519981384,15.411848068,12.817774773,10.834071159,12.054811478,275.39361572,275.05752563,276.17636108,277.43765259,280.80459595,281.43127441,"1"
"82",2001,7,"mn",66.153,-13.775,1,-114,0.2255593538,0.2426083088,0.342500031,1.0535868406,0.4500274062,0.5337390304,112.15552521,86.519981384,15.411848068,12.817774773,10.834071159,12.054811478,275.39361572,275.05752563,276.17636108,277.43765259,280.80459595,281.43127441,"1"
"83",2001,7,"mn",66.155,-13.778,1,-115,0.2255593538,0.2426083088,0.342500031,1.0535868406,0.4500274062,0.5337390304,112.15552521,86.519981384,15.411848068,12.817774773,10.834071159,12.054811478,275.39361572,275.05752563,276.17636108,277.43765259,280.80459595,281.43127441,"1"
"84",2001,7,"mn",66.157,-13.78,2,-117,0.2255593538,0.2426083088,0.342500031,1.0535868406,0.4500274062,0.5337390304,112.15552521,86.519981384,15.411848068,12.817774773,10.834071159,12.054811478,275.39361572,275.05752563,276.17636108,277.43765259,280.80459595,281.43127441,"1"
"85",2001,7,"mn",66.165,-13.787,1,-130,0.2255593538,0.2426083088,0.342500031,1.0535868406,0.4500274062,0.5337390304,112.15552521,86.519981384,15.411848068,12.817774773,10.834071159,12.054811478,275.39361572,275.05752563,276.17636108,277.43765259,280.80459595,281.43127441,"1"
"86",2001,7,"mn",66.185,-13.807,1,-178,0.1954826415,0.2368776053,0.3460138738,1.0874718428,0.4613643885,0.5152978897,135.34959412,105.28886414,15.564440727,12.970367432,10.834071159,11.902218819,275.39361572,275.05752563,276.17636108,277.43765259,280.80459595,281.43127441,"1"
"87",2001,7,"mn",66.188,-13.81,2,-178,0.1954826415,0.2368776053,0.3460138738,1.0874718428,0.4613643885,0.5152978897,135.34959412,105.28886414,15.564440727,12.970367432,10.834071159,11.902218819,275.34576416,275.04815674,276.2041626,277.41845703,280.85754395,281.48330688,"1"
"88",2001,7,"mn",66.456,-13.791,2,-188,0.3284211755,0.2687864602,0.7119097114,1.0629278421,0.4351318181,0.5697695613,195.92883301,140.2325592,19.074069977,15.411848068,11.444441795,14.19110775,275.33813477,275.00839233,276.1065979,277.35345459,281.07336426,281.41052246,"1"
"89",2001,7,"mn",66.461,-13.756,2,-205,0.2926752269,0.2761737704,0.7291616201,1.1427695751,0.4246981442,0.5834645033,167.85180664,123.90515137,18.921476364,14.648885727,11.444441795,13.275551796,275.33813477,275.00839233,276.1065979,277.35345459,281.07336426,281.41052246,"1"
"90",2001,7,"mn",66.53,-13.58,1,-218,0.2969793677,0.278159976,0.880192399,0.9392849207,0.4645395279,0.6274403334,193.18217468,137.79107666,19.837032318,15.564440727,11.444441795,14.648885727,275.40109253,275.03128052,275.99169922,277.27514648,280.94235229,281.32086182,"1"
"91",2001,7,"mn",66.568,-13.465,2,-227,0.2897902429,0.2817388773,0.9408385754,0.9421585202,0.4427281618,0.5874548554,170.14070129,127.41477966,20.142217636,15.259255409,11.444441795,14.343700409,275.44213867,275.00360107,275.96780396,277.21411133,280.85186768,281.21633911,"1"
"92",2001,7,"mn",66.573,-13.444,2,-219,0.2827866972,0.2831412852,1.0462007523,0.9676095247,0.4480760098,0.5815309286,183.41624451,131.83996582,20.447402954,15.869626045,11.597034454,15.10666275,275.44213867,275.00360107,275.96780396,277.21411133,280.85186768,281.21633911,"1"
"93",2001,7,"mn",66.573,-13.444,1,-219,0.2827866972,0.2831412852,1.0462007523,0.9676095247,0.4480760098,0.5815309286,183.41624451,131.83996582,20.447402954,15.869626045,11.597034454,15.10666275,275.44213867,275.00360107,275.96780396,277.21411133,280.85186768,281.21633911,"1"
"94",2001,7,"mn",66.575,-13.437,1,-216,0.2827866972,0.2831412852,1.0462007523,0.9676095247,0.4480760098,0.5815309286,183.41624451,131.83996582,20.447402954,15.869626045,11.597034454,15.10666275,275.44213867,275.00360107,275.96780396,277.21411133,280.85186768,281.21633911,"1"
"95",2001,7,"mn",66.576,-13.434,1,-214,0.2827866972,0.2831412852,1.0462007523,0.9676095247,0.4480760098,0.5815309286,183.41624451,131.83996582,20.447402954,15.869626045,11.597034454,15.10666275,275.44213867,275.00360107,275.96780396,277.21411133,280.85186768,281.21633911,"1"
"96",2001,7,"mn",66.583,-13.415,2,-212,0.2827866972,0.2831412852,1.0462007523,0.9676095247,0.4480760098,0.5815309286,183.41624451,131.83996582,20.447402954,15.869626045,11.597034454,15.10666275,275.44213867,275.00360107,275.96780396,277.21411133,280.85186768,281.21633911,"1"
"97",2001,7,"mn",66.59,-13.393,1,-210,0.2827866972,0.2831412852,1.0462007523,0.9676095247,0.4480760098,0.5815309286,183.41624451,131.83996582,20.447402954,15.869626045,11.597034454,15.10666275,275.44213867,275.00360107,275.96780396,277.21411133,280.85186768,281.21633911,"1"
"98",2001,7,"mn",66.594,-13.381,1,-208,0.2827866972,0.2831412852,1.0462007523,0.9676095247,0.4480760098,0.5815309286,183.41624451,131.83996582,20.447402954,15.869626045,11.597034454,15.10666275,275.46044922,274.99133301,275.97753906,277.20608521,280.83276367,281.15454102,"1"
"99",2001,7,"mn",66.601,-13.363,2,-212,0.2783377469,0.2797967494,1.0330063105,1.0154895782,0.4504153431,0.5644597411,195.31846619,139.16441345,20.905179977,16.327404022,11.749627113,15.717033386,275.46044922,274.99133301,275.97753906,277.20608521,280.83276367,281.15454102,"1"
"100",2001,7,"mn",66.601,-13.362,1,-212,0.2783377469,0.2797967494,1.0330063105,1.0154895782,0.4504153431,0.5644597411,195.31846619,139.16441345,20.905179977,16.327404022,11.749627113,15.717033386,275.46044922,274.99133301,275.97753906,277.20608521,280.83276367,281.15454102,"1"
"101",2001,7,"mn",66.612,-13.331,2,-214,0.2783377469,0.2797967494,1.0330063105,1.0154895782,0.4504153431,0.5644597411,195.31846619,139.16441345,20.905179977,16.327404022,11.749627113,15.717033386,275.4029541,275.02383423,276.00845337,277.17062378,280.80844116,281.15667725,"1"
"102",2001,7,"mn",66.619,-13.309,2,-211,0.2783377469,0.2797967494,1.0330063105,1.0154895782,0.4504153431,0.5644597411,195.31846619,139.16441345,20.905179977,16.327404022,11.749627113,15.717033386,275.4029541,275.02383423,276.00845337,277.17062378,280.80844116,281.15667725,"1"
"103",2001,7,"mn",66.63,-13.279,2,-205,0.2793378532,0.2836100757,0.889164865,1.064276576,0.4912168682,0.5502139926,178.53329468,130.92440796,21.668142319,15.869626045,11.597034454,14.801477432,275.38467407,275.01010132,276.03408813,277.14880371,280.78170776,281.08453369,"1"
"104",2001,7,"mn",66.639,-13.249,1,-193,0.2793378532,0.2836100757,0.889164865,1.064276576,0.4912168682,0.5502139926,178.53329468,130.92440796,21.668142319,15.869626045,11.597034454,14.801477432,275.38467407,275.01010132,276.03408813,277.14880371,280.78170776,281.08453369,"1"
"105",2001,7,"mn",66.665,-13.173,1,-198,0.278033495,0.2807623148,0.9157044292,1.0038648844,0.5256679058,0.5444741249,181.73773193,128.02514648,20.905179977,15.717033386,11.597034454,14.648885727,275.34967041,274.98583984,276.05526733,277.12600708,280.76431274,281.00915527,"1"
"106",2001,7,"mn",66.665,-13.173,1,-198,0.278033495,0.2807623148,0.9157044292,1.0038648844,0.5256679058,0.5444741249,181.73773193,128.02514648,20.905179977,15.717033386,11.597034454,14.648885727,275.34967041,274.98583984,276.05526733,277.12600708,280.76431274,281.00915527,"1"
"107",2001,7,"mn",66.667,-13.167,1,-199,0.278033495,0.2807623148,0.9157044292,1.0038648844,0.5256679058,0.5444741249,181.73773193,128.02514648,20.905179977,15.717033386,11.597034454,14.648885727,275.34967041,274.98583984,276.05526733,277.12600708,280.76431274,281.00915527,"1"
"108",2001,7,"mn",66.675,-13.143,2,-200,0.278033495,0.2807623148,0.9157044292,1.0038648844,0.5256679058,0.5444741249,181.73773193,128.02514648,20.905179977,15.717033386,11.597034454,14.648885727,275.34967041,274.98583984,276.05526733,277.12600708,280.76431274,281.00915527,"1"
"109",2001,7,"mn",66.695,-13.085,1,-207,0.2746255994,0.2731595635,0.8555752039,0.9925204516,0.5379924178,0.581165731,181.12736511,124.05774689,20.142217636,15.411848068,11.444441795,14.648885727,275.04650879,274.94174194,276.03607178,277.08120728,280.77828979,280.83996582,"1"
"110",2001,7,"mn",66.704,-13.058,1,-201,0.2746255994,0.2731595635,0.8555752039,0.9925204516,0.5379924178,0.581165731,181.12736511,124.05774689,20.142217636,15.411848068,11.444441795,14.648885727,275.00280762,274.87808228,275.99850464,277.05178833,280.75775146,280.75402832,"1"
"111",2001,7,"mn",66.715,-13.025,1,-211,0.2798521817,0.2701493502,0.9521692395,0.9559445977,0.4809583426,0.5910792947,166.78366089,118.10663605,19.684438705,14.954070091,11.291849136,14.038515091,275.00280762,274.87808228,275.99850464,277.05178833,280.75775146,280.75402832,"1"
"112",2001,7,"mn",66.76,-12.89,5,-698,0.2786253393,0.2694228888,0.9860707521,1.0304335356,0.4448035955,0.5866943598,154.88143921,112.61330414,19.226661682,14.954070091,11.291849136,14.343700409,274.94961548,274.73962402,275.87332153,276.9838562,280.68011475,280.61547852,"1"
"113",2001,7,"mn",66.81,-12.74,2,-1280,0.2568848729,0.2811896205,0.838643074,1.0687178373,0.4226689339,0.5072724223,105.59404755,97.506645203,17.700737,14.343700409,11.139256477,14.19110775,274.77435303,274.48660278,275.56195068,276.90750122,280.53411865,280.33328247,"1"
"114",2001,7,"mn",66.815,-12.726,1,-1289,0.2568848729,0.2811896205,0.838643074,1.0687178373,0.4226689339,0.5072724223,105.59404755,97.506645203,17.700737,14.343700409,11.139256477,14.19110775,274.77435303,274.48660278,275.56195068,276.90750122,280.53411865,280.33328247,"1"
"115",2001,7,"mn",66.905,-12.897,1,-1378,0.2584895492,0.2894758582,0.8849462271,0.7763210535,0.3987438083,0.5511743426,99.642936707,91.097755432,17.853328705,14.496293068,11.139256477,14.038515091,274.5519104,274.31585693,275.50784302,276.87277222,280.49432373,280.21246338,"1"
"116",2001,7,"mn",66.932,-12.992,1,-1412,0.256716013,0.2810718119,0.9955784082,0.7548879981,0.4059427977,0.6081787944,110.0192337,96.591087341,18.311105728,14.954070091,11.291849136,14.19110775,274.57791138,274.38760376,275.60702515,276.89627075,280.55953979,280.30786133,"1"
"117",2001,7,"mn",66.918,-13.068,1,-1365,0.2557581663,0.2771202326,1.0690377951,0.7172115445,0.4185168743,0.6443195939,120.70071411,102.99997711,18.921476364,15.411848068,11.291849136,14.343700409,274.61294556,274.47161865,275.7024231,276.92538452,280.60897827,280.41943359,"1"
"118",2001,7,"mn",66.912,-13.152,1,-1225,0.25635463,0.2750293016,1.1379958391,0.6848973632,0.4199127853,0.6458453536,131.99255371,108.95108032,19.989624023,15.717033386,11.444441795,14.496293068,274.65756226,274.56314087,275.78594971,276.96542358,280.65567017,280.53689575,"1"
"119",2001,7,"mn",66.915,-13.217,1,-968,0.2578576207,0.2714696825,1.1514866352,0.6738470793,0.4228857756,0.6538963914,143.58959961,114.59700775,20.599994659,16.022218704,11.444441795,14.496293068,274.65756226,274.56314087,275.78594971,276.96542358,280.65567017,280.53689575,"1"
"120",2001,7,"mn",66.915,-13.233,1,-899,0.2578576207,0.2714696825,1.1514866352,0.6738470793,0.4228857756,0.6538963914,143.58959961,114.59700775,20.599994659,16.022218704,11.444441795,14.496293068,274.71154785,274.65621948,275.84759521,277.01376343,280.70904541,280.65216064,"1"
"121",2001,7,"mn",66.92,-13.31,1,-717,0.2597827017,0.2732495368,1.0705780983,0.6799578071,0.4496594667,0.690740943,152.8977356,118.86959839,21.210365295,16.022218704,11.597034454,14.496293068,274.77322388,274.74563599,275.88772583,277.06390381,280.77215576,280.75854492,"1"
"122",2001,7,"mn",66.92,-13.401,2,-630,0.2637183964,0.2767925561,0.9537241459,0.7114992738,0.4789720774,0.7249295116,162.35847473,121.46367645,21.820735931,16.17481041,11.597034454,14.496293068,274.84225464,274.82745361,275.91473389,277.10897827,280.84277344,280.85134888,"1"
"123",2001,7,"mn",66.927,-13.636,1,-503,0.284096241,0.2736136913,0.9107632637,0.7587741613,0.4773999453,0.7558324933,190.4355011,122.37922668,23.346660614,15.869626045,11.902218819,14.343700409,275.00228882,274.9541626,275.96646118,277.17807007,280.96908569,280.99343872,"1"
"124",2001,7,"mn",66.942,-14.092,2,-254,0.2731723785,0.2817070186,0.7453920245,1.0435624123,0.4313445687,0.6529676318,181.73773193,136.72293091,23.194068909,15.259255409,11.749627113,13.733329773,275.3465271,275.00003052,276.11706543,277.28250122,280.95230103,281.140625,"1"
"125",2001,7,"mn",66.943,-14.118,1,-243,0.2731723785,0.2817070186,0.7453920245,1.0435624123,0.4313445687,0.6529676318,181.73773193,136.72293091,23.194068909,15.259255409,11.749627113,13.733329773,275.3465271,275.00003052,276.11706543,277.28250122,280.95230103,281.140625,"1"
"126",2001,7,"mn",66.943,-14.118,1,-243,0.2731723785,0.2817070186,0.7453920245,1.0435624123,0.4313445687,0.6529676318,181.73773193,136.72293091,23.194068909,15.259255409,11.749627113,13.733329773,275.3465271,275.00003052,276.11706543,277.28250122,280.95230103,281.140625,"1"
"127",2001,7,"mn",66.943,-14.132,1,-242,0.2790736854,0.2822313905,0.7161845565,0.9917504191,0.4227702916,0.6713855267,181.12736511,137.94366455,23.041475296,15.259255409,11.749627113,13.885922432,275.3465271,275.00003052,276.11706543,277.28250122,280.95230103,281.140625,"1"
"128",2001,7,"mn",66.944,-14.188,1,-235,0.2790736854,0.2822313905,0.7161845565,0.9917504191,0.4227702916,0.6713855267,181.12736511,137.94366455,23.041475296,15.259255409,11.749627113,13.885922432,275.39474487,274.96105957,276.12414551,277.30795288,280.96273804,281.15206909,"1"
"129",2001,7,"mn",66.948,-14.307,1,-223,0.2864250243,0.2845261991,0.7162390947,1.1449877024,0.3744268119,0.6764404178,189.06217957,144.65774536,22.736289978,15.259255409,11.749627113,14.038515091,275.4269104,274.92541504,276.12481689,277.33258057,280.98449707,281.16369629,"1"
"130",2001,7,"mn",66.95,-14.374,1,-220,0.2864250243,0.2845261991,0.7162390947,1.1449877024,0.3744268119,0.6764404178,189.06217957,144.65774536,22.736289978,15.259255409,11.749627113,14.038515091,275.45025635,274.89962769,276.11968994,277.35601807,281.01806641,281.1781311,"1"
"131",2001,7,"mn",66.954,-14.485,7,-205,0.2754301727,0.2772822082,0.6336553693,1.1228913069,0.3315567076,0.633200407,196.53921509,152.59255981,22.736289978,15.259255409,11.749627113,13.885922432,275.49176025,274.88861084,276.10458374,277.38052368,281.11779785,281.21939087,"1"
"132",2001,7,"mn",66.955,-14.512,2,-209,0.2754301727,0.2772822082,0.6336553693,1.1228913069,0.3315567076,0.633200407,196.53921509,152.59255981,22.736289978,15.259255409,11.749627113,13.885922432,275.49176025,274.88861084,276.10458374,277.38052368,281.11779785,281.21939087,"1"
"133",2001,7,"mn",66.956,-14.564,1,-207,0.2699486613,0.2710159719,0.6418260932,1.1098005772,0.3287716508,0.6323087812,193.18217468,149.99847412,22.736289978,15.259255409,11.597034454,13.580737114,275.5140686,274.89862061,276.1022644,277.37014771,281.17996216,281.24069214,"1"
"134",2001,7,"mn",66.957,-14.595,1,-208,0.2699486613,0.2710159719,0.6418260932,1.1098005772,0.3287716508,0.6323087812,193.18217468,149.99847412,22.736289978,15.259255409,11.597034454,13.580737114,275.5140686,274.89862061,276.1022644,277.37014771,281.17996216,281.24069214,"1"
"135",2001,7,"mn",66.957,-14.596,1,-208,0.2699486613,0.2710159719,0.6418260932,1.1098005772,0.3287716508,0.6323087812,193.18217468,149.99847412,22.736289978,15.259255409,11.597034454,13.580737114,275.5140686,274.89862061,276.1022644,277.37014771,281.17996216,281.24069214,"1"
"136",2001,7,"mn",66.958,-14.608,2,-207,0.2699486613,0.2710159719,0.6418260932,1.1098005772,0.3287716508,0.6323087812,193.18217468,149.99847412,22.736289978,15.259255409,11.597034454,13.580737114,275.5140686,274.89862061,276.1022644,277.37014771,281.17996216,281.24069214,"1"
"137",2001,7,"mn",66.958,-14.608,2,-207,0.2699486613,0.2710159719,0.6418260932,1.1098005772,0.3287716508,0.6323087812,193.18217468,149.99847412,22.736289978,15.259255409,11.597034454,13.580737114,275.5140686,274.89862061,276.1022644,277.37014771,281.17996216,281.24069214,"1"
"138",2001,7,"mn",66.96,-14.684,2,-197,0.2638189793,0.2785249353,0.693343699,1.3061408997,0.3681075275,0.6297211647,191.65625,154.27107239,23.041475296,15.10666275,11.749627113,13.275551796,275.53768921,274.90838623,276.1022644,277.34631348,281.24758911,281.26107788,"1"
"139",2001,7,"mn",66.96,-14.69,3,-197,0.2638189793,0.2785249353,0.693343699,1.3061408997,0.3681075275,0.6297211647,191.65625,154.27107239,23.041475296,15.10666275,11.749627113,13.275551796,275.53768921,274.90838623,276.1022644,277.34631348,281.24758911,281.26107788,"1"
"140",2001,7,"mn",66.976,-14.715,2,-192,0.2622676492,0.2760995925,0.901556313,1.2974225283,0.3744522035,0.6214865446,190.13032532,153.50810242,22.888883591,15.10666275,11.597034454,13.122960091,275.53768921,274.90838623,276.1022644,277.34631348,281.24758911,281.26107788,"1"
"141",2001,7,"mn",66.976,-14.716,1,-192,0.2622676492,0.2760995925,0.901556313,1.2974225283,0.3744522035,0.6214865446,190.13032532,153.50810242,22.888883591,15.10666275,11.597034454,13.122960091,275.53768921,274.90838623,276.1022644,277.34631348,281.24758911,281.26107788,"1"
"142",2001,7,"mn",67.379,-15.423,1,-615,0.2569099069,0.2792484462,0.6178705096,0.7640910745,0.4684798718,0.9292979837,183.26365662,105.44145203,25.635549545,15.259255409,11.139256477,11.902218819,275.2538147,274.43884277,275.66705322,277.08392334,280.16073608,281.04180908,"1"
"143",2001,7,"mn",67.509,-15.646,4,-785,0.2469056547,0.2695397437,0.395652175,0.9300204516,0.481806457,0.7504399419,152.13478088,117.49626923,22.583698273,15.411848068,10.834071159,11.291849136,275.04699707,274.23202515,275.41976929,276.81710815,279.57650757,280.79125977,"1"
"144",2001,7,"mn",67.542,-15.704,1,-804,0.2521510422,0.2667728365,0.3553113043,0.8249903321,0.3762024939,0.6488146186,141.30070496,119.93775177,25.330364227,14.801477432,10.6814785,11.291849136,274.80465698,274.00091553,275.18359375,276.40719604,279.12496948,280.50878906,"1"
"145",2001,7,"mn",67.542,-15.705,2,-804,0.2521510422,0.2667728365,0.3553113043,0.8249903321,0.3762024939,0.6488146186,141.30070496,119.93775177,25.330364227,14.801477432,10.6814785,11.291849136,274.80465698,274.00091553,275.18359375,276.40719604,279.12496948,280.50878906,"1"
"146",2001,7,"mn",67.543,-15.706,1,-804,0.2521510422,0.2667728365,0.3553113043,0.8249903321,0.3762024939,0.6488146186,141.30070496,119.93775177,25.330364227,14.801477432,10.6814785,11.291849136,274.80465698,274.00091553,275.18359375,276.40719604,279.12496948,280.50878906,"1"
"147",2001,7,"mn",67.842,-17.807,1,-1088,0.5181541443,0.2290046811,0.3185983896,0.5983654261,0.3286608458,0.4705571234,102.54219818,50.81332016,14.343700409,11.749627113,11.139256477,11.291849136,273.76535034,273.81958008,273.72094727,275.03530884,277.99700928,279.08905029,"1"
"148",2001,7,"mn",67.78,-17.83,1,-1071,0.356869787,0.2497425228,0.3011027575,0.6501525641,0.4111354649,0.4685580432,109.25627136,66.07257843,15.10666275,12.665182114,11.139256477,11.597034454,273.80395508,273.86636353,273.74237061,275.04034424,277.98892212,279.0411377,"1"
"149",2001,7,"mn",67.764,-17.836,1,-1073,0.356869787,0.2497425228,0.3011027575,0.6501525641,0.4111354649,0.4685580432,109.25627136,66.07257843,15.10666275,12.665182114,11.139256477,11.597034454,273.85488892,274.02127075,274.07141113,275.33255005,278.11346436,279.18188477,"1"
"150",2001,7,"mn",67.761,-17.838,1,-1073,0.356869787,0.2497425228,0.3011027575,0.6501525641,0.4111354649,0.4685580432,109.25627136,66.07257843,15.10666275,12.665182114,11.139256477,11.597034454,273.85488892,274.02127075,274.07141113,275.33255005,278.11346436,279.18188477,"1"
"151",2001,7,"mn",67.758,-17.839,1,-1075,0.356869787,0.2497425228,0.3011027575,0.6501525641,0.4111354649,0.4685580432,109.25627136,66.07257843,15.10666275,12.665182114,11.139256477,11.597034454,273.85488892,274.02127075,274.07141113,275.33255005,278.11346436,279.18188477,"1"
"152",2001,7,"mn",67.716,-17.855,1,-1074,0.356869787,0.2497425228,0.3011027575,0.6501525641,0.4111354649,0.4685580432,109.25627136,66.07257843,15.10666275,12.665182114,11.139256477,11.597034454,273.85488892,274.02127075,274.07141113,275.33255005,278.11346436,279.18188477,"1"
"153",2001,7,"mn",67.71,-17.857,1,-1071,0.356869787,0.2497425228,0.3011027575,0.6501525641,0.4111354649,0.4685580432,109.25627136,66.07257843,15.10666275,12.665182114,11.139256477,11.597034454,273.85488892,274.02127075,274.07141113,275.33255005,278.11346436,279.18188477,"1"
"154",2001,7,"mn",67.698,-17.862,1,-1068,0.2370440215,0.2569169998,0.2577827871,0.6749816537,0.4646275044,0.49597615,127.7199707,76.601463318,15.564440727,13.275551796,11.139256477,11.597034454,273.85488892,274.02127075,274.07141113,275.33255005,278.11346436,279.18188477,"1"
"155",2001,7,"mn",67.678,-17.87,1,-1069,0.2370440215,0.2569169998,0.2577827871,0.6749816537,0.4646275044,0.49597615,127.7199707,76.601463318,15.564440727,13.275551796,11.139256477,11.597034454,273.9354248,274.24697876,274.46984863,275.61529541,278.18014526,279.23394775,"1"
"156",2001,7,"mn",67.675,-17.87,1,-1067,0.2370440215,0.2569169998,0.2577827871,0.6749816537,0.4646275044,0.49597615,127.7199707,76.601463318,15.564440727,13.275551796,11.139256477,11.597034454,273.9354248,274.24697876,274.46984863,275.61529541,278.18014526,279.23394775,"1"
"157",2001,7,"mn",67.673,-17.871,2,-1067,0.2370440215,0.2569169998,0.2577827871,0.6749816537,0.4646275044,0.49597615,127.7199707,76.601463318,15.564440727,13.275551796,11.139256477,11.597034454,273.9354248,274.24697876,274.46984863,275.61529541,278.18014526,279.23394775,"1"
"158",2001,7,"mn",67.67,-17.872,2,-1064,0.2370440215,0.2569169998,0.2577827871,0.6749816537,0.4646275044,0.49597615,127.7199707,76.601463318,15.564440727,13.275551796,11.139256477,11.597034454,273.9354248,274.24697876,274.46984863,275.61529541,278.18014526,279.23394775,"1"
"159",2001,7,"mn",67.658,-17.877,1,-1057,0.237902537,0.2745525241,0.2702901065,0.6648014188,0.4519145191,0.4801504016,134.43403625,69.734794617,15.564440727,13.275551796,11.139256477,11.749627113,273.9354248,274.24697876,274.46984863,275.61529541,278.18014526,279.23394775,"1"
"160",2001,7,"mn",67.658,-17.877,1,-1057,0.237902537,0.2745525241,0.2702901065,0.6648014188,0.4519145191,0.4801504016,134.43403625,69.734794617,15.564440727,13.275551796,11.139256477,11.749627113,273.9354248,274.24697876,274.46984863,275.61529541,278.18014526,279.23394775,"1"
"161",2001,7,"mn",67.656,-17.878,1,-1053,0.237902537,0.2745525241,0.2702901065,0.6648014188,0.4519145191,0.4801504016,134.43403625,69.734794617,15.564440727,13.275551796,11.139256477,11.749627113,273.9354248,274.24697876,274.46984863,275.61529541,278.18014526,279.23394775,"1"
"162",2001,7,"mn",67.65,-17.88,1,-1047,0.237902537,0.2745525241,0.2702901065,0.6648014188,0.4519145191,0.4801504016,134.43403625,69.734794617,15.564440727,13.275551796,11.139256477,11.749627113,273.9354248,274.24697876,274.46984863,275.61529541,278.18014526,279.23394775,"1"
"163",2001,7,"mn",67.317,-14.658,1,-788,0.2621484995,0.2870703042,0.5987758637,0.72199893,0.5090939403,0.7869361043,156.71255493,81.942199707,25.330364227,15.564440727,11.291849136,12.512589455,274.97958374,274.62078857,275.55493164,276.8666687,280.3576355,280.78540039,"1"
"164",2001,7,"mn",67.337,-14.589,3,-890,0.2615184188,0.2854664922,0.4705287516,0.6781386137,0.5017969608,0.8281754851,153.50810242,80.416275024,24.872587204,15.869626045,11.291849136,12.359996796,274.80715942,274.58679199,275.44161987,276.75021362,280.3598938,280.75158691,"1"
"165",2001,7,"mn",67.397,-14.39,1,-997,0.2489839941,0.2400498986,0.3658747673,0.4800168872,0.3452956975,0.7555839419,124.97330475,85.146644592,22.736289978,14.801477432,10.986663818,11.291849136,273.90756226,273.79943848,274.45513916,275.93045044,279.69067383,280.41223145,"1"
"166",2001,7,"mn",67.561,-13.943,4,-1608,0.3121386468,0.3552099466,0.4651320577,0.3209627867,0.1966952831,0.3347780407,83.77331543,81.331832886,24.872587204,15.259255409,10.6814785,11.749627113,272.89044189,272.65722656,273.49838257,275.06442261,278.34188843,279.6625061,"1"
"167",2001,7,"mn",67.546,-13.909,1,-1610,0.3121386468,0.3552099466,0.4651320577,0.3209627867,0.1966952831,0.3347780407,83.77331543,81.331832886,24.872587204,15.259255409,10.6814785,11.749627113,272.89044189,272.65722656,273.49838257,275.06442261,278.34188843,279.6625061,"1"
"168",2001,7,"mn",67.551,-13.872,1,-1607,0.3205182552,0.3490504623,0.4985764921,0.3103175461,0.1968046427,0.3387417495,86.672569275,88.503684998,24.567401886,15.411848068,10.6814785,11.749627113,272.83273315,272.64297485,273.47644043,275.07601929,278.34408569,279.64172363,"1"
"169",2001,7,"mn",67.557,-13.853,1,-1606,0.3205182552,0.3490504623,0.4985764921,0.3103175461,0.1968046427,0.3387417495,86.672569275,88.503684998,24.567401886,15.411848068,10.6814785,11.749627113,272.83273315,272.64297485,273.47644043,275.07601929,278.34408569,279.64172363,"1"
"170",2001,7,"mn",67.56,-13.838,1,-1607,0.3205182552,0.3490504623,0.4985764921,0.3103175461,0.1968046427,0.3387417495,86.672569275,88.503684998,24.567401886,15.411848068,10.6814785,11.749627113,272.83273315,272.64297485,273.47644043,275.07601929,278.34408569,279.64172363,"1"
"171",2001,7,"mn",67.589,-13.743,4,-1611,0.3116619885,0.3435357809,0.5401678681,0.2976783812,0.2010841072,0.3492056131,91.555534363,97.201454163,23.804437637,15.564440727,10.6814785,11.749627113,272.78656006,272.63943481,273.46417236,275.11199951,278.3687439,279.63369751,"1"
"172",2001,7,"mn",67.596,-13.721,4,-1610,0.3116619885,0.3435357809,0.5401678681,0.2976783812,0.2010841072,0.3492056131,91.555534363,97.201454163,23.804437637,15.564440727,10.6814785,11.749627113,272.75073242,272.64154053,273.462677,275.16525269,278.40686035,279.63726807,"1"
"173",2001,7,"mn",67.735,-13.249,3,-1614,0.3166941404,0.384716779,0.8708275557,0.2723216415,0.4942454398,0.3663803935,133.21330261,119.47997284,24.414808273,14.496293068,10.6814785,12.207404137,272.61239624,272.63687134,273.54656982,275.38473511,278.6741333,279.92684937,"1"
"174",2001,7,"mn",67.825,-12.942,2,-1812,0.3073693216,0.3461982906,0.9036024809,0.268900454,0.657322526,0.3825459778,124.82070923,117.0384903,24.719993591,14.038515091,10.6814785,12.359996796,272.67800903,272.60678101,273.56964111,275.53622437,279.209198,280.05941772,"1"
"175",2001,7,"mn",67.847,-12.87,1,-1831,0.3111523688,0.3483293951,0.8798010349,0.2714042962,0.7413357496,0.3817971349,125.27848816,114.90219116,24.719993591,13.885922432,10.6814785,12.512589455,272.69177246,272.605896,273.5803833,275.56381226,279.29074097,280.08901978,"1"
"176",2001,7,"mn",67.862,-12.817,1,-1837,0.3111523688,0.3483293951,0.8798010349,0.2714042962,0.7413357496,0.3817971349,125.27848816,114.90219116,24.719993591,13.885922432,10.6814785,12.512589455,272.65841675,272.59579468,273.5,275.44494629,279.26895142,280.11126709,"1"
"177",2001,7,"mn",67.871,-12.784,1,-1838,0.316378504,0.3551623225,0.8610188365,0.2743463814,0.8771011233,0.3868841231,126.65181732,114.13922882,24.719993591,13.885922432,10.6814785,12.512589455,272.66760254,272.59317017,273.50546265,275.44418335,279.30764771,280.14193726,"1"
"178",2001,7,"mn",67.873,-12.779,1,-1838,0.316378504,0.3551623225,0.8610188365,0.2743463814,0.8771011233,0.3868841231,126.65181732,114.13922882,24.719993591,13.885922432,10.6814785,12.512589455,272.66760254,272.59317017,273.50546265,275.44418335,279.30764771,280.14193726,"1"
"179",2001,7,"mn",67.879,-12.758,9,-1838,0.3105705679,0.3592169881,0.8221284151,0.2767719626,1.3870891333,0.3968033791,126.49922943,112.76589966,25.177770615,14.19110775,10.6814785,12.359996796,272.66760254,272.59317017,273.50546265,275.44418335,279.30764771,280.14193726,"1"
"180",2001,7,"mn",67.895,-12.705,1,-1837,0.3153069615,0.369340986,0.8151209354,0.2757454515,1.5191650391,0.3988060951,128.63552856,113.528862,25.482955933,14.19110775,10.6814785,12.359996796,272.6751709,272.58959961,273.50897217,275.44772339,279.32766724,280.17089844,"1"
"181",2001,7,"mn",67.929,-12.589,2,-1838,0.3178565502,0.3745437861,0.8077998757,0.2738713026,1.3566603661,0.4003568888,131.68737793,115.97034454,25.788141251,14.19110775,10.6814785,12.512589455,272.68154907,272.58462524,273.51113892,275.45703125,279.3319397,280.19747925,"1"
"182",2001,7,"mn",67.943,-12.54,1,-1840,0.3095132411,0.3735693395,0.7980741262,0.2737589181,1.1853901148,0.3954279423,135.19700623,124.51552582,25.940734863,14.038515091,10.834071159,12.512589455,272.64428711,272.51989746,273.40258789,275.35171509,279.1468811,280.18838501,"1"
"183",2001,7,"mn",67.985,-12.394,1,-1845,0.2879686654,0.3731029332,0.8105266094,0.2725895047,0.9913475514,0.312078476,142.21626282,129.0933075,27.161474228,14.343700409,10.834071159,12.512589455,272.64480591,272.50680542,273.40075684,275.37918091,279.1322937,280.2074585,"1"
"184",2001,7,"mn",67.999,-12.345,1,-1847,0.2751139998,0.3783165515,0.8116641641,0.2743875086,1.0487155914,0.3041380048,154.72885132,134.73922729,27.314067841,14.343700409,10.834071159,12.512589455,272.64389038,272.4949646,273.40039062,275.40951538,279.11697388,280.22369385,"1"
"185",2001,7,"mn",67.999,-12.345,1,-1847,0.2751139998,0.3783165515,0.8116641641,0.2743875086,1.0487155914,0.3041380048,154.72885132,134.73922729,27.314067841,14.343700409,10.834071159,12.512589455,272.64389038,272.4949646,273.40039062,275.40951538,279.11697388,280.22369385,"1"
"186",2001,7,"mn",67.926,-11.03,1,-1899,0.2684738934,0.330809176,0.7067223191,0.2505786419,0.6208136082,0.7018276453,298.01324463,281.99102783,32.197029114,13.580737114,10.6814785,12.054811478,272.86428833,272.78833008,273.60488892,275.93447876,279.57876587,280.31665039,"1"
"187",2001,7,"mn",67.789,-20.923,4,-846,0.218357563,0.2343100607,0.9207470417,0.7132819295,0.3464642167,1.0164673328,140.69033813,11.597034454,11.444441795,11.597034454,10.986663818,11.291849136,274.16409302,NA,273.57192993,276.13729858,279.01086426,278.99075317,"1"
"188",2001,7,"mn",67.781,-21.012,1,-844,0.2266820818,0.2457166314,0.8210980296,0.7679199576,0.346283555,1.0819580555,137.63848877,11.444441795,10.986663818,11.444441795,10.986663818,11.444441795,274.08862305,NA,273.55938721,276.21847534,278.9992981,278.97238159,"1"
"189",2001,7,"mn",67.773,-21.027,1,-839,0.2266820818,0.2457166314,0.8210980296,0.7679199576,0.346283555,1.0819580555,137.63848877,11.444441795,10.986663818,11.444441795,10.986663818,11.444441795,274.31564331,NA,274.48498535,276.86157227,279.27990723,279.07366943,"1"
"190",2001,7,"mn",67.73,-21.051,1,-804,0.2332447022,0.267932415,0.6800923944,0.8522006869,0.3412419558,1.1324572563,135.19700623,11.444441795,10.834071159,10.986663818,10.986663818,11.597034454,274.31564331,NA,274.48498535,276.86157227,279.27990723,279.07366943,"1"
"191",2001,7,"mn",65.315,-27.987,4,-927,0.1699730605,0.1482887566,0.2673069537,0.6464344263,0.5040790439,0.4762445688,629.59686279,470.90063477,45.930358887,17.700737,15.717033386,17.548143387,279.32128906,279.31838989,280.03512573,281.10809326,283.02096558,283.75540161,"1"
"192",2007,7,"mn",67.6305,-22.255,2,-625,0.2704615593,0.327555418,1.0726385117,0.5056506991,0.4351852238,0.4554827213,78.279983521,16.17481041,23.499254227,11.291849136,11.444441795,13.733329773,275.10983276,273.85305786,274.98254395,276.46859741,279.18725586,280.25375366,"1"
"193",2007,7,"mn",67.4356,-21.46,2,-541,0.2637597323,0.2807941735,1.1877244711,0.4909945726,0.4064664245,0.4973296523,107.88293457,16.63258934,23.194068909,10.986663818,10.834071159,12.665182114,275.70645142,273.99102783,275.54876709,277.71673584,279.61907959,280.18106079,"1"
"194",2007,7,"mn",67.4242,-21.4131,2,-524,0.2688615918,0.2918152809,1.1473265886,0.4944706559,0.4207602739,0.4914861918,108.49330902,16.63258934,22.43110466,10.986663818,10.834071159,12.665182114,275.70645142,273.99102783,275.54876709,277.71673584,279.61907959,280.18106079,"1"
"195",2007,7,"mn",67.4152,-21.3769,2,-496,0.2688615918,0.2918152809,1.1473265886,0.4944706559,0.4207602739,0.4914861918,108.49330902,16.63258934,22.43110466,10.986663818,10.834071159,12.665182114,275.75317383,273.7618103,275.58578491,277.64770508,279.70397949,280.25964355,"1"
"196",2007,7,"mn",67.4152,-21.3767,2,-496,0.2688615918,0.2918152809,1.1473265886,0.4944706559,0.4207602739,0.4914861918,108.49330902,16.63258934,22.43110466,10.986663818,10.834071159,12.665182114,275.75317383,273.7618103,275.58578491,277.64770508,279.70397949,280.25964355,"1"
"197",2007,7,"mn",67.3974,-21.2758,1,-349,0.2609013319,0.2954280376,1.0662915707,0.5281879902,0.4320110679,0.4731280506,112.46071625,17.548143387,23.346660614,11.139256477,10.834071159,12.817774773,275.80947876,273.64071655,275.63000488,277.57040405,279.76113892,280.33511353,"1"
"198",2007,7,"mn",67.3911,-21.2552,1,-342,0.2609013319,0.2954280376,1.0662915707,0.5281879902,0.4320110679,0.4731280506,112.46071625,17.548143387,23.346660614,11.139256477,10.834071159,12.817774773,275.80947876,273.64071655,275.63000488,277.57040405,279.76113892,280.33511353,"1"
"199",2007,7,"mn",67.2617,-20.8233,2,-285,0.2621686459,0.3469973207,0.957241416,0.8382655978,0.5297747254,0.4977319837,187.84143066,14.038515091,37.995544434,11.139256477,12.970367432,11.597034454,276.38433838,273.21078491,276.23672485,276.66427612,279.27383423,279.70983887,"1"
"200",2007,7,"mn",67.2548,-20.7959,2,-282,0.2621686459,0.3469973207,0.957241416,0.8382655978,0.5297747254,0.4977319837,187.84143066,14.038515091,37.995544434,11.139256477,12.970367432,11.597034454,276.38818359,273.29489136,276.22366333,276.80511475,279.26559448,279.71972656,"1"
"201",2007,7,"mn",67.2442,-20.7524,2,-277,0.2504518032,0.3396852613,1.0322995186,0.8703097701,0.5027082562,0.4912609458,197.45477295,14.19110775,36.927398682,11.139256477,12.817774773,11.597034454,276.38818359,273.29489136,276.22366333,276.80511475,279.26559448,279.71972656,"1"
"202",2007,7,"mn",67.2022,-20.5872,3,-245,0.2852100134,0.3193327188,0.9063215852,0.8554104567,0.5444809198,0.5120629668,196.99699402,13.733329773,41.352581024,11.139256477,12.665182114,11.902218819,276.35455322,273.58694458,276.21429443,277.07415771,279.34329224,279.76229858,"1"
"203",2007,7,"mn",67.1968,-20.5669,1,-236,0.2852100134,0.3193327188,0.9063215852,0.8554104567,0.5444809198,0.5120629668,196.99699402,13.733329773,41.352581024,11.139256477,12.665182114,11.902218819,276.35455322,273.58694458,276.21429443,277.07415771,279.34329224,279.76229858,"1"
"204",2007,7,"mn",67.1798,-20.5058,1,-230,0.2842569947,0.3346270323,0.9922130108,0.9096139073,0.5391591191,0.5113494396,199.59106445,13.733329773,39.216285706,10.986663818,12.665182114,11.749627113,276.43170166,273.45629883,276.16860962,276.89315796,279.42733765,279.81573486,"1"
"205",2007,7,"mn",67.0886,-20.141,5,-286,0.2602488995,0.3579550684,1.3364225626,0.9399331212,0.465215534,0.5156963468,216.98661804,31.73925209,19.989624023,10.834071159,11.291849136,11.139256477,276.17837524,273.8404541,276.18695068,277.48193359,279.87234497,280.67416382,"1"
"206",2007,7,"mn",67.032,-19.9347,2,-307,0.2379532903,0.3960812092,1.7551178932,1.2172833681,0.3646481633,0.5308917761,229.80438232,34.791103363,19.074069977,10.834071159,10.986663818,11.444441795,276.06600952,274.04293823,276.22940063,277.55187988,279.95257568,280.94665527,"1"
"207",2007,7,"mn",66.9801,-24.2517,2,-419,0.2493279576,0.2580683231,0.3025518954,0.5648208857,0.755939126,0.5254970789,101.0162735,19.684438705,32.959991455,13.122960091,13.428144455,11.597034454,277.58126831,274.36828613,274.85864258,275.44638062,278.7822876,279.07269287,"1"
"208",2007,7,"mn",66.9605,-24.247,1,-390,0.2493279576,0.2580683231,0.3025518954,0.5648208857,0.755939126,0.5254970789,101.0162735,19.684438705,32.959991455,13.122960091,13.428144455,11.597034454,277.58126831,274.36828613,274.85864258,275.44638062,278.7822876,279.07269287,"1"
"209",2007,7,"mn",66.9416,-24.2481,2,-363,0.2472312003,0.2476576418,0.2764994204,0.8409348726,0.9581673741,0.6612737775,153.81329346,29.145177841,55.238506317,16.63258934,16.17481041,13.428144455,277.78115845,275.51077271,276.13287354,276.53851318,279.81103516,280.10931396,"1"
"210",2007,7,"mn",66.8847,-24.3408,3,-233,0.257543385,0.235684827,0.2812850177,0.6714155674,0.9012385607,0.6278531551,140.38514709,26.85628891,46.540729523,16.479995728,16.327404022,13.122960091,277.8757019,275.37158203,276.01358032,276.39837646,279.53710938,279.83154297,"1"
"211",2007,7,"mn",66.8882,-24.3866,1,-227,0.2653823495,0.2417736799,0.2724155784,0.505423069,0.8471620679,0.6013457179,126.49922943,24.109622955,37.995544434,15.411848068,15.717033386,12.970367432,277.8757019,275.37158203,276.01358032,276.39837646,279.53710938,279.83154297,"1"
"212",2007,7,"mn",66.8891,-24.3997,1,-224,0.2653823495,0.2417736799,0.2724155784,0.505423069,0.8471620679,0.6013457179,126.49922943,24.109622955,37.995544434,15.411848068,15.717033386,12.970367432,277.8583374,275.25082397,275.83273315,276.3260498,279.24911499,279.47998047,"1"
"213",2007,7,"mn",66.8928,-24.4589,5,-252,0.2660101056,0.2472941726,0.2676437199,0.4496008158,0.7564378977,0.5601912737,120.70071411,23.346660614,35.401473999,14.496293068,15.10666275,12.665182114,277.8583374,275.25082397,275.83273315,276.3260498,279.24911499,279.47998047,"1"
"214",2007,7,"mn",66.8947,-24.5092,4,-270,0.2660101056,0.2472941726,0.2676437199,0.4496008158,0.7564378977,0.5601912737,120.70071411,23.346660614,35.401473999,14.496293068,15.10666275,12.665182114,277.77081299,275.11898804,275.6027832,276.30160522,278.96377563,279.09243774,"1"
"215",2007,7,"mn",66.8957,-24.545,2,-283,0.2699297667,0.2448381335,0.2728586495,0.4241859019,0.6674286723,0.5093740225,113.528862,22.278512955,32.654808044,14.038515091,14.496293068,12.512589455,277.77081299,275.11898804,275.6027832,276.30160522,278.96377563,279.09243774,"1"
"216",2007,7,"mn",66.8958,-24.549,1,-284,0.2699297667,0.2448381335,0.2728586495,0.4241859019,0.6674286723,0.5093740225,113.528862,22.278512955,32.654808044,14.038515091,14.496293068,12.512589455,277.77081299,275.11898804,275.6027832,276.30160522,278.96377563,279.09243774,"1"
"217",2007,7,"mn",66.896,-24.556,2,-287,0.2699297667,0.2448381335,0.2728586495,0.4241859019,0.6674286723,0.5093740225,113.528862,22.278512955,32.654808044,14.038515091,14.496293068,12.512589455,277.77081299,275.11898804,275.6027832,276.30160522,278.96377563,279.09243774,"1"
"218",2007,7,"mn",66.8964,-24.5737,1,-302,0.2699297667,0.2448381335,0.2728586495,0.4241859019,0.6674286723,0.5093740225,113.528862,22.278512955,32.654808044,14.038515091,14.496293068,12.512589455,277.63406372,274.95785522,275.34204102,276.19924927,278.69689941,278.70153809,"1"
"219",2007,7,"mn",66.898,-24.6422,1,-381,0.2770119607,0.2554540932,0.2878190279,0.404286474,0.6479123235,0.4781187475,102.54219818,21.057771683,29.755548477,13.580737114,13.428144455,12.512589455,277.45828247,274.7567749,275.05187988,276.06439209,278.46148682,278.34014893,"1"
"220",2007,7,"mn",66.898,-24.6437,3,-381,0.2770119607,0.2554540932,0.2878190279,0.404286474,0.6479123235,0.4781187475,102.54219818,21.057771683,29.755548477,13.580737114,13.428144455,12.512589455,277.45828247,274.7567749,275.05187988,276.06439209,278.46148682,278.34014893,"1"
"221",2007,7,"mn",66.8982,-24.6502,1,-396,0.2770119607,0.2554540932,0.2878190279,0.404286474,0.6479123235,0.4781187475,102.54219818,21.057771683,29.755548477,13.580737114,13.428144455,12.512589455,277.45828247,274.7567749,275.05187988,276.06439209,278.46148682,278.34014893,"1"
"222",2007,7,"mn",66.899,-24.68,1,-438,0.2770119607,0.2554540932,0.2878190279,0.404286474,0.6479123235,0.4781187475,102.54219818,21.057771683,29.755548477,13.580737114,13.428144455,12.512589455,277.45828247,274.7567749,275.05187988,276.06439209,278.46148682,278.34014893,"1"
"223",2007,7,"mn",66.9017,-24.7602,1,-555,0.2665390968,0.2616574168,0.2896309793,0.4834005833,0.6332617998,0.4693812728,87.588127136,20.599994659,29.450363159,12.817774773,12.512589455,12.512589455,277.20974731,274.51385498,274.73999023,275.85821533,278.26992798,278.0201416,"1"
"224",2007,7,"mn",66.9026,-24.783,1,-622,0.2665390968,0.2616574168,0.2896309793,0.4834005833,0.6332617998,0.4693812728,87.588127136,20.599994659,29.450363159,12.817774773,12.512589455,12.512589455,277.20974731,274.51385498,274.73999023,275.85821533,278.26992798,278.0201416,"1"
"225",2007,7,"mn",66.9049,-24.875,2,-748,0.2337370366,0.2509052455,0.2733282149,0.5920817256,0.6136663556,0.4640730918,76.754051208,19.531847,28.839992523,12.207404137,11.902218819,12.512589455,276.87234497,274.23156738,274.42919922,275.60079956,278.1232605,277.74954224,"1"
"226",2007,7,"mn",65.8879,-27.6698,2,-670,0.1561060846,0.2340388298,0.2647461891,1.1668497324,0.9398858547,0.5611974001,103.152565,38.60591507,60.579242706,14.496293068,13.428144455,12.970367432,279.23355103,277.49179077,279.31304932,281.01089478,280.50836182,281.77752686,"1"
"227",2007,7,"mn",65.8722,-27.5023,1,-703,0.1408418715,0.2055348158,0.2330489457,1.1175425053,0.9100427628,0.6059720516,333.87249756,121.76885986,152.13478088,16.937772751,13.275551796,14.343700409,279.20526123,277.94580078,279.44067383,281.15374756,281.02383423,281.69442749,"1"
"228",2007,7,"mn",65.8499,-27.2882,1,-539,0.160703361,0.2078853101,0.2181144506,1.266982317,1.2224719524,0.7010315061,309.45770264,152.59255981,123.14218903,14.801477432,13.122960091,13.733329773,279.64599609,279.30453491,279.84973145,281.73065186,282.53082275,283.03201294,"1"
"229",2015,7,"mn",65.137,-12.801,1,-186,0.4000141323,0.4002332985,1.0855309963,0.7829803228,0.6528276205,0.8473640084,165.10514832,116.88589478,71.260719299,12.817774773,11.291849136,10.834071159,275.87127686,275.68325806,276.07455444,277.82199097,279.34799194,280.06759644,"1"
"230",2015,7,"mn",66.076,-10.8805,1,-1227,0.2519337833,0.4011569321,1.2028129101,3.0052406788,0.2339706719,0.2673779428,114.59700775,76.906646729,31.891843796,12.359996796,11.139256477,11.902218819,274.94995117,275.3843689,275.92379761,277.90264893,279.32543945,281.1569519,"1"
"231",2015,7,"mn",66.961,-9.17357,1,-1606,0.2222414613,0.3766910732,0.2805556357,1.1696320772,0.3702888787,0.2452682704,137.02810669,104.98368073,35.554065704,13.428144455,11.597034454,12.817774773,273.89312744,274.01254272,275.13607788,277.69451904,279.96707153,281.33450317,"1"
"232",2015,7,"mn",66.7959,-16.5868,1,-190,0.2997457981,0.309078306,2.1554124355,0.6319634318,0.4526163936,0.6536093354,171.81921387,116.58071136,81.026649475,15.411848068,15.564440727,13.733329773,276.05111694,275.76480103,276.00872803,278.55392456,280.65252686,281.61981201,"1"
"233",2015,7,"mn",66.5777,-18.9543,1,-469,0.2640482187,0.3364937902,1.7514623404,0.6287357211,0.9848939776,1.2663239241,245.06364441,149.84588623,90.792572021,18.005922318,22.888883591,16.327404022,276.13116455,276.57675171,277.22476196,279.32229614,280.35812378,281.5375061,"1"
"234",2015,7,"mn",66.6424,-18.953,2,-447,0.2591633499,0.3143233657,1.806622386,0.7366764545,1.1175912619,1.3867396116,215.46069336,144.50514221,78.432571411,18.311105728,23.651845932,16.937772751,276.10198975,276.69909668,277.28286743,279.26928711,280.44268799,281.32955933,"1"
"235",2015,7,"mn",66.6359,-21.195,3,-190,0.4226999283,0.3072601557,0.4463513494,1.5684854984,1.0672203302,1.2656115294,144.81033325,127.56737518,37.232582092,17.395551682,19.226661682,23.041475296,276.39038086,277.60140991,277.97784424,279.32601929,280.28186035,281.06622314,"1"
"236",2015,7,"mn",66.6336,-21.1952,2,-195,0.4226999283,0.3072601557,0.4463513494,1.5684854984,1.0672203302,1.2656115294,144.81033325,127.56737518,37.232582092,17.395551682,19.226661682,23.041475296,276.39038086,277.60140991,277.97784424,279.32601929,280.28186035,281.06622314,"1"
"237",2015,7,"mn",66.6291,-21.1954,1,-200,0.4226999283,0.3072601557,0.4463513494,1.5684854984,1.0672203302,1.2656115294,144.81033325,127.56737518,37.232582092,17.395551682,19.226661682,23.041475296,276.39038086,277.60140991,277.97784424,279.32601929,280.28186035,281.06622314,"1"
"238",2015,7,"mn",66.604,-21.198,3,-233,0.3864426613,0.2925147116,0.4417405427,1.3431469202,1.0595161915,1.2324973345,183.26365662,166.47846985,52.034061432,19.989624023,20.447402954,24.109622955,276.38601685,277.6852417,277.99996948,279.39883423,280.3190918,281.20370483,"1"
"239",2015,7,"mn",66.6011,-21.1983,1,-244,0.3864426613,0.2925147116,0.4417405427,1.3431469202,1.0595161915,1.2324973345,183.26365662,166.47846985,52.034061432,19.989624023,20.447402954,24.109622955,276.38601685,277.6852417,277.99996948,279.39883423,280.3190918,281.20370483,"1"
"240",2015,7,"mn",66.5348,-21.2041,1,-280,0.3747960925,0.2918263972,0.4570141733,1.4180771112,1.0931406021,1.3325568438,206.61032104,177.46513367,64.241462708,20.752588272,20.752588272,23.194068909,276.38601685,277.6852417,277.99996948,279.39883423,280.3190918,281.20370483,"1"
"241",2015,7,"mn",66.4893,-21.2079,2,-255,0.3747960925,0.2918263972,0.4570141733,1.4180771112,1.0931406021,1.3325568438,206.61032104,177.46513367,64.241462708,20.752588272,20.752588272,23.194068909,276.30432129,277.64352417,277.96643066,279.42459106,280.36032104,281.32720947,"1"
"242",2015,7,"mn",67.411,-23.733,1,-651,0.2691119611,0.2782800496,0.4623843133,1.0911800861,0.9271690249,0.428049624,73.549613953,33.570362091,22.125921249,16.937772751,21.362957001,39.674064636,274.82855225,275.92498779,276.07275391,277.35482788,279.53463745,278.30218506,"1"
"243",2015,7,"mn",67.4355,-23.7255,1,-684,0.2691119611,0.2782800496,0.4623843133,1.0911800861,0.9271690249,0.428049624,73.549613953,33.570362091,22.125921249,16.937772751,21.362957001,39.674064636,274.82855225,275.92498779,276.07275391,277.35482788,279.53463745,278.30218506,"1"
"244",2015,7,"mn",67.4542,-23.72,1,-702,0.2691119611,0.2782800496,0.4623843133,1.0911800861,0.9271690249,0.428049624,73.549613953,33.570362091,22.125921249,16.937772751,21.362957001,39.674064636,274.36444092,275.55990601,275.85968018,276.92434692,279.45944214,277.81628418,"1"
"245",2015,7,"mn",67.4573,-23.719,2,-707,0.2691119611,0.2782800496,0.4623843133,1.0911800861,0.9271690249,0.428049624,73.549613953,33.570362091,22.125921249,16.937772751,21.362957001,39.674064636,274.36444092,275.55990601,275.85968018,276.92434692,279.45944214,277.81628418,"1"
"246",2015,7,"mn",67.4705,-23.7149,3,-718,0.2805276513,0.287771672,0.6379865408,0.9502907991,0.6225413084,0.4371874034,59.968875885,27.466659546,19.226661682,15.564440727,18.311105728,40.437026978,274.36444092,275.55990601,275.85968018,276.92434692,279.45944214,277.81628418,"1"
"247",2015,7,"mn",67.4706,-23.7149,1,-718,0.2805276513,0.287771672,0.6379865408,0.9502907991,0.6225413084,0.4371874034,59.968875885,27.466659546,19.226661682,15.564440727,18.311105728,40.437026978,274.36444092,275.55990601,275.85968018,276.92434692,279.45944214,277.81628418,"1"
"248",2015,7,"mn",67.4999,-23.706,2,-748,0.2909523547,0.2893403769,0.5600076318,0.9309102893,0.6674534082,0.4482905269,63.631095886,29.755548477,19.989624023,16.022218704,19.074069977,41.047397614,274.36444092,275.55990601,275.85968018,276.92434692,279.45944214,277.81628418,"1"
"249",2015,7,"mn",67.5049,-23.7045,2,-752,0.2909523547,0.2893403769,0.5600076318,0.9309102893,0.6674534082,0.4482905269,63.631095886,29.755548477,19.989624023,16.022218704,19.074069977,41.047397614,274.36444092,275.55990601,275.85968018,276.92434692,279.45944214,277.81628418,"1"
"250",2015,7,"mn",67.5068,-23.704,3,-757,0.2909523547,0.2893403769,0.5600076318,0.9309102893,0.6674534082,0.4482905269,63.631095886,29.755548477,19.989624023,16.022218704,19.074069977,41.047397614,274.36444092,275.55990601,275.85968018,276.92434692,279.45944214,277.81628418,"1"
"251",2015,7,"mn",67.533,-23.696,1,-796,0.2909523547,0.2893403769,0.5600076318,0.9309102893,0.6674534082,0.4482905269,63.631095886,29.755548477,19.989624023,16.022218704,19.074069977,41.047397614,273.8527832,274.46151733,275.08963013,276.21185303,278.73452759,277.14697266,"1"
"252",2015,7,"mn",67.5688,-23.6841,1,-854,0.2677521706,0.2698696256,0.8571865559,1.0227966309,0.5038533211,0.4485809803,53.71257782,23.041475296,17.242958069,13.885922432,16.327404022,36.622211456,273.8527832,274.46151733,275.08963013,276.21185303,278.73452759,277.14697266,"1"
"253",2015,7,"mn",67.5759,-23.682,2,-860,0.2677521706,0.2698696256,0.8571865559,1.0227966309,0.5038533211,0.4485809803,53.71257782,23.041475296,17.242958069,13.885922432,16.327404022,36.622211456,273.8527832,274.46151733,275.08963013,276.21185303,278.73452759,277.14697266,"1"
"254",2015,7,"mn",67.5862,-23.679,3,-877,0.2677521706,0.2698696256,0.8571865559,1.0227966309,0.5038533211,0.4485809803,53.71257782,23.041475296,17.242958069,13.885922432,16.327404022,36.622211456,273.8527832,274.46151733,275.08963013,276.21185303,278.73452759,277.14697266,"1"
"255",2015,7,"mn",67.6131,-23.67,2,-908,0.2677521706,0.2698696256,0.8571865559,1.0227966309,0.5038533211,0.4485809803,53.71257782,23.041475296,17.242958069,13.885922432,16.327404022,36.622211456,273.39529419,273.35879517,274.27923584,275.550354,277.48892212,276.5796814,"1"
"256",2015,7,"mn",67.6386,-23.662,3,-947,0.2576484084,0.2514351606,0.8768162131,1.0151904821,0.4959079325,0.4369377792,52.034061432,19.531847,14.648885727,12.207404137,14.801477432,29.450363159,273.39529419,273.35879517,274.27923584,275.550354,277.48892212,276.5796814,"1"
"257",2015,7,"mn",67.6522,-23.658,2,-966,0.2576484084,0.2514351606,0.8768162131,1.0151904821,0.4959079325,0.4369377792,52.034061432,19.531847,14.648885727,12.207404137,14.801477432,29.450363159,273.39529419,273.35879517,274.27923584,275.550354,277.48892212,276.5796814,"1"
"258",2015,7,"mn",67.6687,-23.6528,2,-977,0.2576484084,0.2514351606,0.8768162131,1.0151904821,0.4959079325,0.4369377792,52.034061432,19.531847,14.648885727,12.207404137,14.801477432,29.450363159,273.39529419,273.35879517,274.27923584,275.550354,277.48892212,276.5796814,"1"
"259",2015,7,"mn",67.6896,-23.6461,4,-987,0.2576484084,0.2514351606,0.8768162131,1.0151904821,0.4959079325,0.4369377792,52.034061432,19.531847,14.648885727,12.207404137,14.801477432,29.450363159,273.39529419,273.35879517,274.27923584,275.550354,277.48892212,276.5796814,"1"
"260",2015,7,"mn",67.7181,-23.636,1,-1016,0.2703396082,0.2463146597,0.7003611922,0.9046599269,0.5465688109,0.4351314902,42.573322296,19.684438705,16.937772751,14.343700409,14.038515091,26.093326569,273.00494385,273.18997192,274.24984741,275.15484619,276.36688232,276.24697876,"1"
"261",2015,7,"mn",67.7181,-23.636,1,-1016,0.2703396082,0.2463146597,0.7003611922,0.9046599269,0.5465688109,0.4351314902,42.573322296,19.684438705,16.937772751,14.343700409,14.038515091,26.093326569,273.00494385,273.18997192,274.24984741,275.15484619,276.36688232,276.24697876,"1"
"262",2015,7,"mn",67.725,-23.6338,2,-1032,0.2703396082,0.2463146597,0.7003611922,0.9046599269,0.5465688109,0.4351314902,42.573322296,19.684438705,16.937772751,14.343700409,14.038515091,26.093326569,273.00494385,273.18997192,274.24984741,275.15484619,276.36688232,276.24697876,"1"
"263",2015,7,"mn",67.7251,-23.6338,1,-1032,0.2703396082,0.2463146597,0.7003611922,0.9046599269,0.5465688109,0.4351314902,42.573322296,19.684438705,16.937772751,14.343700409,14.038515091,26.093326569,273.00494385,273.18997192,274.24984741,275.15484619,276.36688232,276.24697876,"1"
"264",2015,7,"mn",67.7251,-23.6338,2,-1032,0.2703396082,0.2463146597,0.7003611922,0.9046599269,0.5465688109,0.4351314902,42.573322296,19.684438705,16.937772751,14.343700409,14.038515091,26.093326569,273.00494385,273.18997192,274.24984741,275.15484619,276.36688232,276.24697876,"1"
"265",2015,7,"mn",67.731,-23.632,1,-1042,0.2703396082,0.2463146597,0.7003611922,0.9046599269,0.5465688109,0.4351314902,42.573322296,19.684438705,16.937772751,14.343700409,14.038515091,26.093326569,273.00494385,273.18997192,274.24984741,275.15484619,276.36688232,276.24697876,"1"
"266",2015,7,"mn",67.731,-23.632,1,-1042,0.2703396082,0.2463146597,0.7003611922,0.9046599269,0.5465688109,0.4351314902,42.573322296,19.684438705,16.937772751,14.343700409,14.038515091,26.093326569,273.00494385,273.18997192,274.24984741,275.15484619,276.36688232,276.24697876,"1"
"267",2015,7,"mn",67.7349,-23.6308,1,-1050,0.2703396082,0.2463146597,0.7003611922,0.9046599269,0.5465688109,0.4351314902,42.573322296,19.684438705,16.937772751,14.343700409,14.038515091,26.093326569,273.00494385,273.18997192,274.24984741,275.15484619,276.36688232,276.24697876,"1"
"268",2015,7,"mn",67.7513,-23.6261,1,-1093,0.2703396082,0.2463146597,0.7003611922,0.9046599269,0.5465688109,0.4351314902,42.573322296,19.684438705,16.937772751,14.343700409,14.038515091,26.093326569,273.00494385,273.18997192,274.24984741,275.15484619,276.36688232,276.24697876,"1"
"269",2015,7,"mn",66.384,-26.0246,1,-595,0.2359753102,0.2284723669,0.22215195,3.300131321,1.5258424282,0.6036692262,59.053318024,40.437026978,44.557025909,26.551103592,23.95703125,34.943695068,277.3800354,277.8916626,278.02774048,278.01507568,280.32919312,280.15206909,"1"
"270",2015,7,"mn",66.1382,-26.0027,2,-270,0.2235030383,0.2049570978,0.2046437264,0.892367363,1.4924331903,0.8893759251,214.23994446,136.41773987,117.19108582,49.287395477,18.463699341,23.651845932,278.60723877,278.559021,278.74316406,279.65530396,281.08859253,281.70858765,"1"
"271",2015,7,"mn",66.1212,-26.0006,1,-241,0.2519769073,0.2289796323,0.2195626944,0.7588917017,1.5464806557,0.9331865907,127.10959625,97.048866272,88.351089478,26.551103592,17.700737,23.499254227,278.60723877,278.559021,278.74316406,279.65530396,281.08859253,281.70858765,"1"
"272",2015,7,"mn",66.0126,-27.2559,2,-651,0.1542987078,0.1826187074,0.1967704594,1.8162001371,0.9157817364,0.7028453946,140.07997131,56.611839294,57.985172272,34.333324432,20.752588272,32.197029114,278.89434814,278.68432617,278.69436646,278.66763306,280.93191528,281.19985962,"1"
"273",2015,7,"mn",67.3681,-26.1107,1,-757,0.252839148,0.2078779638,0.2471496016,0.4780329168,0.9426085949,0.3769209385,33.26517868,20.447402954,14.648885727,12.054811478,11.139256477,17.548143387,271.54562378,NA,NA,273.56289673,274.81756592,275.56985474,"1"
"274",2015,7,"mn",67.3739,-26.1081,1,-752,0.252839148,0.2078779638,0.2471496016,0.4780329168,0.9426085949,0.3769209385,33.26517868,20.447402954,14.648885727,12.054811478,11.139256477,17.548143387,271.54562378,NA,NA,273.56289673,274.81756592,275.56985474,"1"
"275",2015,7,"mn",67.3739,-26.108,2,-752,0.252839148,0.2078779638,0.2471496016,0.4780329168,0.9426085949,0.3769209385,33.26517868,20.447402954,14.648885727,12.054811478,11.139256477,17.548143387,271.54562378,NA,NA,273.56289673,274.81756592,275.56985474,"1"
"276",2015,7,"mn",67.3739,-26.108,1,-752,0.252839148,0.2078779638,0.2471496016,0.4780329168,0.9426085949,0.3769209385,33.26517868,20.447402954,14.648885727,12.054811478,11.139256477,17.548143387,271.54562378,NA,NA,273.56289673,274.81756592,275.56985474,"1"
"277",2015,7,"mn",67.5005,-26.0364,7,-539,0.2365725488,0.1592557132,0.2356859744,0.3913298845,0.7078695893,0.3921755552,26.85628891,21.668142319,16.022218704,12.665182114,11.444441795,17.242958069,271.53540039,NA,NA,273.46994019,274.76251221,275.66729736,"1"
"278",2015,7,"mn",67.6664,-24.2261,1,-1312,0.2640712857,0.2469473183,0.4107294381,0.9118055701,0.533780694,0.451420188,46.998508453,25.635549545,17.090366364,16.17481041,14.496293068,26.093326569,272.37042236,272.57678223,273.28924561,273.41452026,274.63873291,275.19750977,"1"
"279",2015,7,"mn",67.6397,-24.127,1,-1212,0.2659617364,0.2525124848,0.4689104557,0.9716127515,0.5321084261,0.4631709158,43.183692932,23.041475296,17.548143387,16.17481041,14.648885727,25.940734863,272.45941162,272.74020386,273.09680176,273.76998901,275.08609009,275.53109741,"1"
"280",2015,7,"mn",67.6397,-24.1269,5,-1212,0.2659617364,0.2525124848,0.4689104557,0.9716127515,0.5321084261,0.4631709158,43.183692932,23.041475296,17.548143387,16.17481041,14.648885727,25.940734863,272.45941162,272.74020386,273.09680176,273.76998901,275.08609009,275.53109741,"1"
"281",2015,7,"mn",67.6656,-24.0466,2,-1201,0.2570773959,0.2544293106,0.5679345727,1.0802388191,0.5218870044,0.4621730447,38.75851059,21.515550613,17.395551682,16.022218704,14.648885727,26.093326569,272.56326294,272.86383057,273.26339722,274.0435791,275.47717285,275.75238037,"1"
"282",2015,7,"mn",67.9732,-23.8558,1,-1438,0.2499270886,0.2542338669,0.2865585387,0.5740799904,0.5148639083,0.4623188078,44.86220932,31.586658478,17.700737,14.496293068,14.496293068,25.788141251,272.28723145,NA,273.28045654,272.2795105,274.61053467,275.27429199,"1"
